timestamp,bus,can_id,payload
1780709687.292002,vcan0,600,00000000
1780709687.292169,vcan0,601,7F000000
1780709687.292278,vcan0,602,00000000
1780709687.307898,vcan0,600,00000000
1780709687.308047,vcan0,601,7F000000
1780709687.308149,vcan0,602,00000000
1780709687.323875,vcan0,600,00000000
1780709687.324038,vcan0,601,7F000000
1780709687.324145,vcan0,602,00000000
1780709687.437485,vcan0,600,00000000
1780709687.437656,vcan0,601,7F000000
1780709687.437756,vcan0,602,00000000
1780709687.437827,vcan0,603,00000000
1780709687.437939,vcan0,604,00
1780709687.438057,vcan0,605,00
1780709687.438172,vcan0,607,00
1780709687.452909,vcan0,600,00000000
1780709687.453062,vcan0,601,7F000000
1780709687.453152,vcan0,602,00000000
1780709687.468965,vcan0,600,00000000
1780709687.469115,vcan0,601,7F000000
1780709687.469214,vcan0,602,00000000
1780709687.484782,vcan0,600,00000000
1780709687.484888,vcan0,601,7F000000
1780709687.484960,vcan0,602,00000000
1780709687.591665,vcan0,600,00000000
1780709687.591838,vcan0,601,7F000000
1780709687.591959,vcan0,602,00000000
1780709687.592054,vcan0,603,00000000
1780709687.592157,vcan0,604,00
1780709687.592252,vcan0,605,00
1780709687.592357,vcan0,607,00
1780709687.606792,vcan0,600,00000000
1780709687.606928,vcan0,601,7F000000
1780709687.607016,vcan0,602,00000000
1780709687.622786,vcan0,600,00000000
1780709687.622918,vcan0,601,7F000000
1780709687.623007,vcan0,602,00000000
1780709687.638806,vcan0,600,00000000
1780709687.638941,vcan0,601,7F000000
1780709687.639028,vcan0,602,00000000
1780709687.734258,vcan0,600,00000000
1780709687.734517,vcan0,601,7F000000
1780709687.734642,vcan0,602,00000000
1780709687.734740,vcan0,603,00000000
1780709687.734832,vcan0,604,00
1780709687.734966,vcan0,605,00
1780709687.735407,vcan0,607,00
1780709687.749634,vcan0,600,00000000
1780709687.749760,vcan0,601,7F000000
1780709687.749859,vcan0,602,00000000
1780709687.765739,vcan0,600,00000000
1780709687.765884,vcan0,601,7F000000
1780709687.766000,vcan0,602,00000000
1780709687.781782,vcan0,600,00000000
1780709687.781928,vcan0,601,7F000000
1780709687.782031,vcan0,602,00000000
1780709687.881410,vcan0,600,00000000
1780709687.881793,vcan0,601,7F000000
1780709687.881993,vcan0,602,00000000
1780709687.882111,vcan0,603,00000000
1780709687.882220,vcan0,604,00
1780709687.882328,vcan0,605,00
1780709687.882435,vcan0,607,00
1780709687.896753,vcan0,600,00000000
1780709687.896881,vcan0,601,7F000000
1780709687.896974,vcan0,602,00000000
1780709687.912881,vcan0,600,00000000
1780709687.913036,vcan0,601,7F000000
1780709687.913126,vcan0,602,00000000
1780709687.928787,vcan0,600,00000000
1780709687.928937,vcan0,601,7F000000
1780709687.929032,vcan0,602,00000000
1780709688.027351,vcan0,600,00000000
1780709688.027518,vcan0,601,7F000000
1780709688.027616,vcan0,602,00000000
1780709688.027717,vcan0,603,00000000
1780709688.027826,vcan0,604,00
1780709688.027912,vcan0,605,00
1780709688.028006,vcan0,607,00
1780709688.042873,vcan0,600,00000000
1780709688.043009,vcan0,601,7F000000
1780709688.043081,vcan0,602,00000000
1780709688.058841,vcan0,600,00000000
1780709688.058953,vcan0,601,7F000000
1780709688.059024,vcan0,602,00000000
1780709688.074774,vcan0,600,00000000
1780709688.074882,vcan0,601,7F000000
1780709688.074957,vcan0,602,00000000
1780709688.174925,vcan0,600,00000000
1780709688.175110,vcan0,601,7F000000
1780709688.175217,vcan0,602,00000000
1780709688.175418,vcan0,603,00000000
1780709688.175549,vcan0,604,00
1780709688.175622,vcan0,605,00
1780709688.175716,vcan0,607,00
1780709688.189668,vcan0,600,00000000
1780709688.189786,vcan0,601,7F000000
1780709688.189874,vcan0,602,00000000
1780709688.205818,vcan0,600,00000000
1780709688.205955,vcan0,601,7F000000
1780709688.206045,vcan0,602,00000000
1780709688.221755,vcan0,600,00000000
1780709688.221896,vcan0,601,7F000000
1780709688.221989,vcan0,602,00000000
1780709688.320734,vcan0,600,00000000
1780709688.320904,vcan0,601,7F000000
1780709688.320982,vcan0,602,00000000
1780709688.321090,vcan0,603,00000000
1780709688.321184,vcan0,604,00
1780709688.321299,vcan0,605,00
1780709688.321404,vcan0,607,00
1780709688.335741,vcan0,600,00000000
1780709688.335857,vcan0,601,7F000000
1780709688.335941,vcan0,602,00000000
1780709688.351785,vcan0,600,00000000
1780709688.351921,vcan0,601,7F000000
1780709688.352008,vcan0,602,00000000
1780709688.367806,vcan0,600,00000000
1780709688.367944,vcan0,601,7F000000
1780709688.368030,vcan0,602,00000000
1780709688.472742,vcan0,600,00000000
1780709688.472897,vcan0,601,7F000000
1780709688.472998,vcan0,602,00000000
1780709688.473098,vcan0,603,00000000
1780709688.473203,vcan0,604,00
1780709688.473276,vcan0,605,00
1780709688.473346,vcan0,607,00
1780709688.487670,vcan0,600,00000000
1780709688.487799,vcan0,601,7F000000
1780709688.487890,vcan0,602,00000000
1780709688.503839,vcan0,600,00000000
1780709688.503975,vcan0,601,7F000000
1780709688.504068,vcan0,602,00000000
1780709688.519828,vcan0,600,00000000
1780709688.519942,vcan0,601,7F000000
1780709688.520019,vcan0,602,00000000
1780709688.623105,vcan0,600,00000000
1780709688.623255,vcan0,601,7F000000
1780709688.623351,vcan0,602,00000000
1780709688.623469,vcan0,603,00000000
1780709688.623565,vcan0,604,00
1780709688.623651,vcan0,605,00
1780709688.623737,vcan0,607,00
1780709688.638737,vcan0,600,00000000
1780709688.638867,vcan0,601,7F000000
1780709688.638952,vcan0,602,00000000
1780709688.654823,vcan0,600,00000000
1780709688.654956,vcan0,601,7F000000
1780709688.655045,vcan0,602,00000000
1780709688.670855,vcan0,600,00000000
1780709688.670992,vcan0,601,7F000000
1780709688.671093,vcan0,602,00000000
1780709688.780018,vcan0,600,00000000
1780709688.780290,vcan0,601,7F000000
1780709688.780389,vcan0,602,00000000
1780709688.780529,vcan0,603,00000000
1780709688.780625,vcan0,604,00
1780709688.780721,vcan0,605,00
1780709688.780828,vcan0,607,00
1780709688.794745,vcan0,600,00000000
1780709688.794912,vcan0,601,7F000000
1780709688.795027,vcan0,602,00000000
1780709688.810789,vcan0,600,00000000
1780709688.810920,vcan0,601,7F000000
1780709688.810994,vcan0,602,00000000
1780709688.826811,vcan0,600,00000000
1780709688.826990,vcan0,601,7F000000
1780709688.827113,vcan0,602,00000000
1780709688.927093,vcan0,600,00000000
1780709688.927260,vcan0,601,7F000000
1780709688.927353,vcan0,602,00000000
1780709688.927488,vcan0,603,00000000
1780709688.927579,vcan0,604,00
1780709688.927702,vcan0,605,00
1780709688.927770,vcan0,607,00
1780709688.942839,vcan0,600,00000000
1780709688.942980,vcan0,601,7F000000
1780709688.943075,vcan0,602,00000000
1780709688.958802,vcan0,600,00000000
1780709688.958940,vcan0,601,7F000000
1780709688.959032,vcan0,602,00000000
1780709688.973814,vcan0,600,00000000
1780709688.973939,vcan0,601,7F000000
1780709688.974023,vcan0,602,00000000
1780709689.079142,vcan0,600,00000000
1780709689.079333,vcan0,601,7F000000
1780709689.079481,vcan0,602,00000000
1780709689.079559,vcan0,603,00000000
1780709689.079629,vcan0,604,00
1780709689.079707,vcan0,605,00
1780709689.079785,vcan0,607,00
1780709689.094917,vcan0,600,00000000
1780709689.095063,vcan0,601,7F000000
1780709689.095194,vcan0,602,00000000
1780709689.110780,vcan0,600,00000000
1780709689.110940,vcan0,601,7F000000
1780709689.111036,vcan0,602,00000000
1780709689.126790,vcan0,600,00000000
1780709689.126934,vcan0,601,7F000000
1780709689.127048,vcan0,602,00000000
1780709689.225706,vcan0,600,00000000
1780709689.225938,vcan0,601,7F000000
1780709689.226051,vcan0,602,00000000
1780709689.226154,vcan0,603,00000000
1780709689.226256,vcan0,604,00
1780709689.226357,vcan0,605,00
1780709689.226506,vcan0,607,00
1780709689.240849,vcan0,600,00000000
1780709689.240972,vcan0,601,7F000000
1780709689.241049,vcan0,602,00000000
1780709689.256766,vcan0,600,00000000
1780709689.256890,vcan0,601,7F000000
1780709689.256970,vcan0,602,00000000
1780709689.272760,vcan0,600,00000000
1780709689.272865,vcan0,601,7F000000
1780709689.272939,vcan0,602,00000000
1780709689.368786,vcan0,600,00000000
1780709689.369067,vcan0,601,7F000000
1780709689.369184,vcan0,602,00000000
1780709689.369266,vcan0,603,00000000
1780709689.369341,vcan0,604,00
1780709689.369409,vcan0,605,00
1780709689.369506,vcan0,607,00
1780709689.384825,vcan0,600,00000000
1780709689.384943,vcan0,601,7F000000
1780709689.385021,vcan0,602,00000000
1780709689.400760,vcan0,600,00000000
1780709689.400888,vcan0,601,7F000000
1780709689.400964,vcan0,602,00000000
1780709689.416840,vcan0,600,00000000
1780709689.416964,vcan0,601,7F000000
1780709689.417037,vcan0,602,00000000
1780709689.522358,vcan0,600,00000000
1780709689.522545,vcan0,601,7F000000
1780709689.522633,vcan0,602,00000000
1780709689.522741,vcan0,603,00000000
1780709689.522817,vcan0,604,00
1780709689.522898,vcan0,605,00
1780709689.522974,vcan0,607,00
1780709689.537943,vcan0,600,00000000
1780709689.538103,vcan0,601,7F000000
1780709689.538201,vcan0,602,00000000
1780709689.553838,vcan0,600,00000000
1780709689.553969,vcan0,601,7F000000
1780709689.554055,vcan0,602,00000000
1780709689.569832,vcan0,600,00000000
1780709689.569972,vcan0,601,7F000000
1780709689.570061,vcan0,602,00000000
1780709689.674793,vcan0,600,00000000
1780709689.674975,vcan0,601,7F000000
1780709689.675098,vcan0,602,00000000
1780709689.675216,vcan0,603,00000000
1780709689.675310,vcan0,604,00
1780709689.675474,vcan0,605,00
1780709689.675587,vcan0,607,00
1780709689.689908,vcan0,600,00000000
1780709689.690036,vcan0,601,7F000000
1780709689.690110,vcan0,602,00000000
1780709689.705800,vcan0,600,00000000
1780709689.705910,vcan0,601,7F000000
1780709689.705986,vcan0,602,00000000
1780709689.721738,vcan0,600,00000000
1780709689.721870,vcan0,601,7F000000
1780709689.721962,vcan0,602,00000000
1780709689.833261,vcan0,600,00000000
1780709689.833504,vcan0,601,7F000000
1780709689.833601,vcan0,602,00000000
1780709689.833697,vcan0,603,00000000
1780709689.833791,vcan0,604,00
1780709689.833884,vcan0,605,00
1780709689.833977,vcan0,607,00
1780709689.848858,vcan0,600,00000000
1780709689.848992,vcan0,601,7F000000
1780709689.849068,vcan0,602,00000000
1780709689.864775,vcan0,600,00000000
1780709689.864910,vcan0,601,7F000000
1780709689.864985,vcan0,602,00000000
1780709689.880687,vcan0,600,00000000
1780709689.880816,vcan0,601,7F000000
1780709689.880896,vcan0,602,00000000
1780709689.986827,vcan0,600,00000000
1780709689.986964,vcan0,601,7F000000
1780709689.987073,vcan0,602,00000000
1780709689.987179,vcan0,603,00000000
1780709689.987281,vcan0,604,00
1780709689.987367,vcan0,605,00
1780709689.987439,vcan0,607,00
1780709690.001822,vcan0,600,00000000
1780709690.001955,vcan0,601,7F000000
1780709690.002028,vcan0,602,00000000
1780709690.017722,vcan0,600,00000000
1780709690.017848,vcan0,601,7F000000
1780709690.017923,vcan0,602,00000000
1780709690.033767,vcan0,600,00000000
1780709690.033896,vcan0,601,7F000000
1780709690.033975,vcan0,602,00000000
1780709690.135185,vcan0,600,00000000
1780709690.135797,vcan0,601,7F000000
1780709690.136035,vcan0,602,00000000
1780709690.136140,vcan0,603,00000000
1780709690.136229,vcan0,604,00
1780709690.136324,vcan0,605,00
1780709690.136413,vcan0,607,00
1780709690.149963,vcan0,600,00000000
1780709690.150137,vcan0,601,7F000000
1780709690.150254,vcan0,602,00000000
1780709690.165881,vcan0,600,00000000
1780709690.166054,vcan0,601,7F000000
1780709690.166163,vcan0,602,00000000
1780709690.181742,vcan0,600,00000000
1780709690.181886,vcan0,601,7F000000
1780709690.181990,vcan0,602,00000000
1780709690.292082,vcan0,600,00000000
1780709690.292260,vcan0,601,7F000000
1780709690.293043,vcan0,602,00000000
1780709690.293751,vcan0,603,00000000
1780709690.293867,vcan0,604,00
1780709690.293969,vcan0,605,00
1780709690.294083,vcan0,607,00
1780709690.307782,vcan0,600,00000000
1780709690.307913,vcan0,601,7F000000
1780709690.308001,vcan0,602,00000000
1780709690.323818,vcan0,600,00000000
1780709690.323958,vcan0,601,7F000000
1780709690.324055,vcan0,602,00000000
1780709690.339743,vcan0,600,00000000
1780709690.339888,vcan0,601,7F000000
1780709690.339992,vcan0,602,00000000
1780709690.442986,vcan0,600,00000000
1780709690.443097,vcan0,601,7F000000
1780709690.443180,vcan0,602,00000000
1780709690.443252,vcan0,603,00000000
1780709690.443342,vcan0,604,00
1780709690.443423,vcan0,605,00
1780709690.443570,vcan0,607,00
1780709690.458874,vcan0,600,00000000
1780709690.459037,vcan0,601,7F000000
1780709690.459124,vcan0,602,00000000
1780709690.474920,vcan0,600,00000000
1780709690.475053,vcan0,601,7F000000
1780709690.475139,vcan0,602,00000000
1780709690.490699,vcan0,600,00000000
1780709690.490851,vcan0,601,7F000000
1780709690.490955,vcan0,602,00000000
1780709690.596482,vcan0,600,00000000
1780709690.596680,vcan0,601,7F000000
1780709690.596773,vcan0,602,00000000
1780709690.596868,vcan0,603,00000000
1780709690.596961,vcan0,604,00
1780709690.597076,vcan0,605,00
1780709690.597177,vcan0,607,00
1780709690.611727,vcan0,600,00000000
1780709690.611882,vcan0,601,7F000000
1780709690.611985,vcan0,602,00000000
1780709690.627782,vcan0,600,00000000
1780709690.627891,vcan0,601,7F000000
1780709690.627963,vcan0,602,00000000
1780709690.643640,vcan0,600,00000000
1780709690.643737,vcan0,601,7F000000
1780709690.643812,vcan0,602,00000000
1780709690.749822,vcan0,600,00000000
1780709690.750061,vcan0,601,7F000000
1780709690.750192,vcan0,602,00000000
1780709690.750551,vcan0,603,00000000
1780709690.750697,vcan0,604,00
1780709690.750882,vcan0,605,00
1780709690.751001,vcan0,607,00
1780709690.764933,vcan0,600,00000000
1780709690.765056,vcan0,601,7F000000
1780709690.765132,vcan0,602,00000000
1780709690.780945,vcan0,600,00000000
1780709690.781059,vcan0,601,7F000000
1780709690.781136,vcan0,602,00000000
1780709690.796768,vcan0,600,00000000
1780709690.796875,vcan0,601,7F000000
1780709690.796945,vcan0,602,00000000
1780709690.904681,vcan0,600,00000000
1780709690.904970,vcan0,601,7F000000
1780709690.905098,vcan0,602,00000000
1780709690.905198,vcan0,603,00000000
1780709690.905290,vcan0,604,00
1780709690.905388,vcan0,605,00
1780709690.905505,vcan0,607,00
1780709690.919789,vcan0,600,00000000
1780709690.919942,vcan0,601,7F000000
1780709690.920035,vcan0,602,00000000
1780709690.935798,vcan0,600,00000000
1780709690.935932,vcan0,601,7F000000
1780709690.936020,vcan0,602,00000000
1780709690.951751,vcan0,600,00000000
1780709690.951888,vcan0,601,7F000000
1780709690.951980,vcan0,602,00000000
1780709691.054647,vcan0,600,00000000
1780709691.054839,vcan0,601,7F000000
1780709691.054963,vcan0,602,00000000
1780709691.055058,vcan0,603,00000000
1780709691.055149,vcan0,604,00
1780709691.055242,vcan0,605,00
1780709691.055333,vcan0,607,00
1780709691.069735,vcan0,600,00000000
1780709691.069866,vcan0,601,7F000000
1780709691.069938,vcan0,602,00000000
1780709691.085836,vcan0,600,00000000
1780709691.085968,vcan0,601,7F000000
1780709691.086044,vcan0,602,00000000
1780709691.101711,vcan0,600,00000000
1780709691.101822,vcan0,601,7F000000
1780709691.101892,vcan0,602,00000000
1780709691.208588,vcan0,600,00000000
1780709691.208786,vcan0,601,7F000000
1780709691.208954,vcan0,602,00000000
1780709691.209125,vcan0,603,00000000
1780709691.209312,vcan0,604,00
1780709691.209418,vcan0,605,00
1780709691.209549,vcan0,607,00
1780709691.223783,vcan0,600,00000000
1780709691.223904,vcan0,601,7F000000
1780709691.223978,vcan0,602,00000000
1780709691.239782,vcan0,600,00000000
1780709691.239939,vcan0,601,7F000000
1780709691.240043,vcan0,602,00000000
1780709691.255643,vcan0,600,00000000
1780709691.255760,vcan0,601,7F000000
1780709691.255834,vcan0,602,00000000
1780709691.359788,vcan0,600,00000000
1780709691.359979,vcan0,601,7F000000
1780709691.360073,vcan0,602,00000000
1780709691.360149,vcan0,603,00000000
1780709691.360224,vcan0,604,00
1780709691.360292,vcan0,605,00
1780709691.360368,vcan0,607,00
1780709691.375825,vcan0,600,00000000
1780709691.375950,vcan0,601,7F000000
1780709691.376030,vcan0,602,00000000
1780709691.391757,vcan0,600,00000000
1780709691.391874,vcan0,601,7F000000
1780709691.391948,vcan0,602,00000000
1780709691.407618,vcan0,600,00000000
1780709691.407726,vcan0,601,7F000000
1780709691.407795,vcan0,602,00000000
1780709691.512314,vcan0,600,00000000
1780709691.512502,vcan0,601,7F000000
1780709691.512603,vcan0,602,00000000
1780709691.512699,vcan0,603,00000000
1780709691.512798,vcan0,604,00
1780709691.512904,vcan0,605,00
1780709691.512986,vcan0,607,00
1780709691.527613,vcan0,600,00000000
1780709691.527717,vcan0,601,7F000000
1780709691.527789,vcan0,602,00000000
1780709691.543739,vcan0,600,00000000
1780709691.543859,vcan0,601,7F000000
1780709691.543936,vcan0,602,00000000
1780709691.559722,vcan0,600,00000000
1780709691.559839,vcan0,601,7F000000
1780709691.559919,vcan0,602,00000000
1780709691.658209,vcan0,600,00000000
1780709691.658363,vcan0,601,7F000000
1780709691.658474,vcan0,602,00000000
1780709691.658561,vcan0,603,00000000
1780709691.658638,vcan0,604,00
1780709691.658709,vcan0,605,00
1780709691.658788,vcan0,607,00
1780709691.673764,vcan0,600,00000000
1780709691.673886,vcan0,601,7F000000
1780709691.673958,vcan0,602,00000000
1780709691.689740,vcan0,600,00000000
1780709691.689871,vcan0,601,7F000000
1780709691.689947,vcan0,602,00000000
1780709691.705786,vcan0,600,00000000
1780709691.705919,vcan0,601,7F000000
1780709691.705993,vcan0,602,00000000
1780709691.804383,vcan0,600,00000000
1780709691.804596,vcan0,601,7F000000
1780709691.804704,vcan0,602,00000000
1780709691.804803,vcan0,603,00000000
1780709691.804895,vcan0,604,00
1780709691.804987,vcan0,605,00
1780709691.805074,vcan0,607,00
1780709691.819630,vcan0,600,00000000
1780709691.819760,vcan0,601,7F000000
1780709691.819848,vcan0,602,00000000
1780709691.835693,vcan0,600,00000000
1780709691.835832,vcan0,601,7F000000
1780709691.835924,vcan0,602,00000000
1780709691.851687,vcan0,600,00000000
1780709691.851820,vcan0,601,7F000000
1780709691.851909,vcan0,602,00000000
1780709691.949938,vcan0,600,00000000
1780709691.950143,vcan0,601,7F000000
1780709691.950246,vcan0,602,00000000
1780709691.950343,vcan0,603,00000000
1780709691.950438,vcan0,604,00
1780709691.950560,vcan0,605,00
1780709691.950685,vcan0,607,00
1780709691.964753,vcan0,600,00000000
1780709691.964868,vcan0,601,7F000000
1780709691.964941,vcan0,602,00000000
1780709691.979672,vcan0,600,00000000
1780709691.979789,vcan0,601,7F000000
1780709691.979867,vcan0,602,00000000
1780709691.995705,vcan0,600,00000000
1780709691.995822,vcan0,601,7F000000
1780709691.995901,vcan0,602,00000000
1780709692.100606,vcan0,600,00000000
1780709692.101187,vcan0,601,7F000000
1780709692.101295,vcan0,602,00000000
1780709692.101384,vcan0,603,00000000
1780709692.101511,vcan0,604,00
1780709692.101601,vcan0,605,00
1780709692.101671,vcan0,607,00
1780709692.115905,vcan0,600,00000000
1780709692.116046,vcan0,601,7F000000
1780709692.116186,vcan0,602,00000000
1780709692.131866,vcan0,600,00000000
1780709692.132014,vcan0,601,7F000000
1780709692.132107,vcan0,602,00000000
1780709692.147780,vcan0,600,00000000
1780709692.147895,vcan0,601,7F000000
1780709692.147974,vcan0,602,00000000
1780709692.258966,vcan0,600,00000000
1780709692.259151,vcan0,601,7F000000
1780709692.259239,vcan0,602,00000000
1780709692.259360,vcan0,603,00000000
1780709692.259476,vcan0,604,00
1780709692.259562,vcan0,605,00
1780709692.259677,vcan0,607,00
1780709692.273698,vcan0,600,00000000
1780709692.273809,vcan0,601,7F000000
1780709692.273879,vcan0,602,00000000
1780709692.289764,vcan0,600,00000000
1780709692.289887,vcan0,601,7F000000
1780709692.289958,vcan0,602,00000000
1780709692.305691,vcan0,600,00000000
1780709692.305816,vcan0,601,7F000000
1780709692.305898,vcan0,602,00000000
1780709692.405307,vcan0,600,00000000
1780709692.405565,vcan0,601,7F000000
1780709692.405690,vcan0,602,00000000
1780709692.405774,vcan0,603,00000000
1780709692.405847,vcan0,604,00
1780709692.405936,vcan0,605,00
1780709692.406032,vcan0,607,00
1780709692.420770,vcan0,600,00000000
1780709692.420906,vcan0,601,7F000000
1780709692.420976,vcan0,602,00000000
1780709692.436764,vcan0,600,00000000
1780709692.436881,vcan0,601,7F000000
1780709692.436954,vcan0,602,00000000
1780709692.452776,vcan0,600,00000000
1780709692.452892,vcan0,601,7F000000
1780709692.452969,vcan0,602,00000000
1780709692.551975,vcan0,600,00000000
1780709692.552160,vcan0,601,7F000000
1780709692.552284,vcan0,602,00000000
1780709692.552386,vcan0,603,00000000
1780709692.552532,vcan0,604,00
1780709692.552628,vcan0,605,00
1780709692.552725,vcan0,607,00
1780709692.567709,vcan0,600,00000000
1780709692.567835,vcan0,601,7F000000
1780709692.567928,vcan0,602,00000000
1780709692.583914,vcan0,600,00000000
1780709692.584259,vcan0,601,7F000000
1780709692.584360,vcan0,602,00000000
1780709692.599798,vcan0,600,00000000
1780709692.599926,vcan0,601,7F000000
1780709692.600011,vcan0,602,00000000
1780709692.698773,vcan0,600,00000000
1780709692.698954,vcan0,601,7F000000
1780709692.699060,vcan0,602,00000000
1780709692.699183,vcan0,603,00000000
1780709692.699290,vcan0,604,00
1780709692.699435,vcan0,605,00
1780709692.699565,vcan0,607,00
1780709692.713633,vcan0,600,00000000
1780709692.713738,vcan0,601,7F000000
1780709692.713807,vcan0,602,00000000
1780709692.729765,vcan0,600,00000000
1780709692.729888,vcan0,601,7F000000
1780709692.729965,vcan0,602,00000000
1780709692.745788,vcan0,600,00000000
1780709692.745903,vcan0,601,7F000000
1780709692.745979,vcan0,602,00000000
1780709692.844720,vcan0,600,00000000
1780709692.844909,vcan0,601,7F000000
1780709692.845029,vcan0,602,00000000
1780709692.845108,vcan0,603,00000000
1780709692.845180,vcan0,604,00
1780709692.845264,vcan0,605,00
1780709692.845361,vcan0,607,00
1780709692.859789,vcan0,600,00000000
1780709692.859902,vcan0,601,7F000000
1780709692.859977,vcan0,602,00000000
1780709692.875820,vcan0,600,00000000
1780709692.875939,vcan0,601,7F000000
1780709692.876016,vcan0,602,00000000
1780709692.891782,vcan0,600,00000000
1780709692.891902,vcan0,601,7F000000
1780709692.891977,vcan0,602,00000000
1780709692.990903,vcan0,600,00000000
1780709692.991034,vcan0,601,7F000000
1780709692.991140,vcan0,602,00000000
1780709692.991217,vcan0,603,00000000
1780709692.991290,vcan0,604,00
1780709692.991377,vcan0,605,00
1780709692.991501,vcan0,607,00
1780709693.005847,vcan0,600,00000000
1780709693.005993,vcan0,601,7F000000
1780709693.006110,vcan0,602,00000000
1780709693.021742,vcan0,600,00000000
1780709693.021862,vcan0,601,7F000000
1780709693.021946,vcan0,602,00000000
1780709693.037751,vcan0,600,00000000
1780709693.037880,vcan0,601,7F000000
1780709693.037964,vcan0,602,00000000
1780709693.136959,vcan0,600,00000000
1780709693.137135,vcan0,601,7F000000
1780709693.137255,vcan0,602,00000000
1780709693.137356,vcan0,603,00000000
1780709693.137490,vcan0,604,00
1780709693.137589,vcan0,605,00
1780709693.137698,vcan0,607,00
1780709693.151812,vcan0,600,00000000
1780709693.152051,vcan0,601,7F000000
1780709693.152169,vcan0,602,00000000
1780709693.167938,vcan0,600,00000000
1780709693.168078,vcan0,601,7F000000
1780709693.168170,vcan0,602,00000000
1780709693.183771,vcan0,600,00000000
1780709693.184011,vcan0,601,7F000000
1780709693.184185,vcan0,602,00000000
1780709693.290894,vcan0,600,00000000
1780709693.291144,vcan0,601,7F000000
1780709693.291247,vcan0,602,00000000
1780709693.291349,vcan0,603,00000000
1780709693.291495,vcan0,604,00
1780709693.291607,vcan0,605,00
1780709693.291718,vcan0,607,00
1780709693.305705,vcan0,600,00000000
1780709693.305844,vcan0,601,7F000000
1780709693.305934,vcan0,602,00000000
1780709693.321712,vcan0,600,00000000
1780709693.321818,vcan0,601,7F000000
1780709693.321896,vcan0,602,00000000
1780709693.337760,vcan0,600,00000000
1780709693.337880,vcan0,601,7F000000
1780709693.337955,vcan0,602,00000000
1780709693.436326,vcan0,600,00000000
1780709693.436540,vcan0,601,7F000000
1780709693.436645,vcan0,602,00000000
1780709693.436767,vcan0,603,00000000
1780709693.436866,vcan0,604,00
1780709693.436938,vcan0,605,00
1780709693.437011,vcan0,607,00
1780709693.451769,vcan0,600,00000000
1780709693.451894,vcan0,601,7F000000
1780709693.451971,vcan0,602,00000000
1780709693.467902,vcan0,600,00000000
1780709693.468043,vcan0,601,7F000000
1780709693.468120,vcan0,602,00000000
1780709693.483776,vcan0,600,00000000
1780709693.483905,vcan0,601,7F000000
1780709693.483999,vcan0,602,00000000
1780709693.581209,vcan0,600,00000000
1780709693.581365,vcan0,601,7F000000
1780709693.581507,vcan0,602,00000000
1780709693.581616,vcan0,603,00000000
1780709693.581730,vcan0,604,00
1780709693.581829,vcan0,605,00
1780709693.581946,vcan0,607,00
1780709693.596780,vcan0,600,00000000
1780709693.596908,vcan0,601,7F000000
1780709693.596998,vcan0,602,00000000
1780709693.612742,vcan0,600,00000000
1780709693.612877,vcan0,601,7F000000
1780709693.612969,vcan0,602,00000000
1780709693.628753,vcan0,600,00000000
1780709693.628892,vcan0,601,7F000000
1780709693.628984,vcan0,602,00000000
1780709693.724948,vcan0,600,00000000
1780709693.725098,vcan0,601,7F000000
1780709693.725192,vcan0,602,00000000
1780709693.725277,vcan0,603,00000000
1780709693.725363,vcan0,604,00
1780709693.725478,vcan0,605,00
1780709693.725571,vcan0,607,00
1780709693.740601,vcan0,600,00000000
1780709693.740724,vcan0,601,7F000000
1780709693.740802,vcan0,602,00000000
1780709693.756805,vcan0,600,00000000
1780709693.756930,vcan0,601,7F000000
1780709693.757006,vcan0,602,00000000
1780709693.772836,vcan0,600,00000000
1780709693.772957,vcan0,601,7F000000
1780709693.773036,vcan0,602,00000000
1780709693.873963,vcan0,600,00000000
1780709693.874141,vcan0,601,7F000000
1780709693.874223,vcan0,602,00000000
1780709693.874312,vcan0,603,00000000
1780709693.874438,vcan0,604,00
1780709693.874561,vcan0,605,00
1780709693.874711,vcan0,607,00
1780709693.888820,vcan0,600,00000000
1780709693.888930,vcan0,601,7F000000
1780709693.889005,vcan0,602,00000000
1780709693.904751,vcan0,600,00000000
1780709693.904878,vcan0,601,7F000000
1780709693.904965,vcan0,602,00000000
1780709693.920607,vcan0,600,00000000
1780709693.920721,vcan0,601,7F000000
1780709693.920807,vcan0,602,00000000
1780709694.028869,vcan0,600,00000000
1780709694.029121,vcan0,601,7F000000
1780709694.029320,vcan0,602,00000000
1780709694.029559,vcan0,603,00000000
1780709694.029695,vcan0,604,00
1780709694.029845,vcan0,605,00
1780709694.029957,vcan0,607,00
1780709694.043713,vcan0,600,00000000
1780709694.043819,vcan0,601,7F000000
1780709694.043898,vcan0,602,00000000
1780709694.059832,vcan0,600,00000000
1780709694.059938,vcan0,601,7F000000
1780709694.060013,vcan0,602,00000000
1780709694.075859,vcan0,600,00000000
1780709694.075970,vcan0,601,7F000000
1780709694.076045,vcan0,602,00000000
1780709694.177378,vcan0,600,00000000
1780709694.177572,vcan0,601,7F000000
1780709694.177686,vcan0,602,00000000
1780709694.177779,vcan0,603,00000000
1780709694.177862,vcan0,604,00
1780709694.177953,vcan0,605,00
1780709694.178072,vcan0,607,00
1780709694.192848,vcan0,600,00000000
1780709694.193017,vcan0,601,7F000000
1780709694.193126,vcan0,602,00000000
1780709694.208860,vcan0,600,00000000
1780709694.209025,vcan0,601,7F000000
1780709694.209133,vcan0,602,00000000
1780709694.224750,vcan0,600,00000000
1780709694.224866,vcan0,601,7F000000
1780709694.224944,vcan0,602,00000000
1780709694.327177,vcan0,600,00000000
1780709694.327341,vcan0,601,7F000000
1780709694.327491,vcan0,602,00000000
1780709694.327618,vcan0,603,00000000
1780709694.327722,vcan0,604,00
1780709694.327821,vcan0,605,00
1780709694.327929,vcan0,607,00
1780709694.342693,vcan0,600,00000000
1780709694.342811,vcan0,601,7F000000
1780709694.342883,vcan0,602,00000000
1780709694.358770,vcan0,600,00000000
1780709694.358900,vcan0,601,7F000000
1780709694.358975,vcan0,602,00000000
1780709694.375782,vcan0,600,00000000
1780709694.375897,vcan0,601,7F000000
1780709694.375969,vcan0,602,00000000
1780709694.478098,vcan0,600,00000000
1780709694.478343,vcan0,601,7F000000
1780709694.478566,vcan0,602,00000000
1780709694.478675,vcan0,603,00000000
1780709694.478923,vcan0,604,00
1780709694.479068,vcan0,605,00
1780709694.479175,vcan0,607,00
1780709694.493856,vcan0,600,00000000
1780709694.494015,vcan0,601,7F000000
1780709694.494139,vcan0,602,00000000
1780709694.509770,vcan0,600,00000000
1780709694.509934,vcan0,601,7F000000
1780709694.510036,vcan0,602,00000000
1780709694.525793,vcan0,600,00000000
1780709694.525949,vcan0,601,7F000000
1780709694.526072,vcan0,602,00000000
1780709694.627206,vcan0,600,00000000
1780709694.627348,vcan0,601,7F000000
1780709694.627467,vcan0,602,00000000
1780709694.627571,vcan0,603,00000000
1780709694.627640,vcan0,604,00
1780709694.627728,vcan0,605,00
1780709694.627837,vcan0,607,00
1780709694.642860,vcan0,600,00000000
1780709694.643031,vcan0,601,7F000000
1780709694.643146,vcan0,602,00000000
1780709694.658697,vcan0,600,00000000
1780709694.658806,vcan0,601,7F000000
1780709694.658881,vcan0,602,00000000
1780709694.674550,vcan0,600,00000000
1780709694.674661,vcan0,601,7F000000
1780709694.674741,vcan0,602,00000000
1780709694.779324,vcan0,600,00000000
1780709694.779488,vcan0,601,7F000000
1780709694.779585,vcan0,602,00000000
1780709694.779657,vcan0,603,00000000
1780709694.779728,vcan0,604,00
1780709694.779800,vcan0,605,00
1780709694.779897,vcan0,607,00
1780709694.794586,vcan0,600,00000000
1780709694.794654,vcan0,601,7F000000
1780709694.794694,vcan0,602,00000000
1780709694.810735,vcan0,600,00000000
1780709694.810856,vcan0,601,7F000000
1780709694.810928,vcan0,602,00000000
1780709694.826733,vcan0,600,00000000
1780709694.826871,vcan0,601,7F000000
1780709694.826980,vcan0,602,00000000
1780709694.924627,vcan0,600,00000000
1780709694.924796,vcan0,601,7F000000
1780709694.924902,vcan0,602,00000000
1780709694.924997,vcan0,603,00000000
1780709694.925081,vcan0,604,00
1780709694.925175,vcan0,605,00
1780709694.925272,vcan0,607,00
1780709694.939766,vcan0,600,00000000
1780709694.939925,vcan0,601,7F000000
1780709694.940034,vcan0,602,00000000
1780709694.955720,vcan0,600,00000000
1780709694.955834,vcan0,601,7F000000
1780709694.955909,vcan0,602,00000000
1780709694.971093,vcan0,600,00000000
1780709694.971213,vcan0,601,7F000000
1780709694.971288,vcan0,602,00000000
1780709695.071594,vcan0,600,00000000
1780709695.071747,vcan0,601,7F000000
1780709695.071865,vcan0,602,00000000
1780709695.071970,vcan0,603,00000000
1780709695.072074,vcan0,604,00
1780709695.072178,vcan0,605,00
1780709695.072280,vcan0,607,00
1780709695.086617,vcan0,600,00000000
1780709695.086801,vcan0,601,7F000000
1780709695.086908,vcan0,602,00000000
1780709695.103948,vcan0,600,00000000
1780709695.104104,vcan0,601,7F000000
1780709695.104215,vcan0,602,00000000
1780709695.118689,vcan0,600,00000000
1780709695.118822,vcan0,601,7F000000
1780709695.118903,vcan0,602,00000000
1780709695.230102,vcan0,600,00000000
1780709695.230263,vcan0,601,7F000000
1780709695.230344,vcan0,602,00000000
1780709695.230426,vcan0,603,00000000
1780709695.230545,vcan0,604,00
1780709695.230636,vcan0,605,00
1780709695.230727,vcan0,607,00
1780709695.245816,vcan0,600,00000000
1780709695.245931,vcan0,601,7F000000
1780709695.246002,vcan0,602,00000000
1780709695.261915,vcan0,600,00000000
1780709695.262068,vcan0,601,7F000000
1780709695.262170,vcan0,602,00000000
1780709695.277701,vcan0,600,00000000
1780709695.277831,vcan0,601,7F000000
1780709695.277918,vcan0,602,00000000
1780709695.392181,vcan0,600,00000000
1780709695.392344,vcan0,601,7F000000
1780709695.392510,vcan0,602,00000000
1780709695.392618,vcan0,603,00000000
1780709695.392736,vcan0,604,00
1780709695.392846,vcan0,605,00
1780709695.393000,vcan0,607,00
1780709695.407761,vcan0,600,00000000
1780709695.407906,vcan0,601,7F000000
1780709695.408009,vcan0,602,00000000
1780709695.423773,vcan0,600,00000000
1780709695.423928,vcan0,601,7F000000
1780709695.424032,vcan0,602,00000000
1780709695.439717,vcan0,600,00000000
1780709695.439825,vcan0,601,7F000000
1780709695.439894,vcan0,602,00000000
1780709695.541234,vcan0,600,00000000
1780709695.541397,vcan0,601,7F000000
1780709695.541551,vcan0,602,00000000
1780709695.541646,vcan0,603,00000000
1780709695.541739,vcan0,604,00
1780709695.541855,vcan0,605,00
1780709695.541945,vcan0,607,00
1780709695.556575,vcan0,600,00000000
1780709695.556675,vcan0,601,7F000000
1780709695.556747,vcan0,602,00000000
1780709695.572737,vcan0,600,00000000
1780709695.572858,vcan0,601,7F000000
1780709695.572937,vcan0,602,00000000
1780709695.588709,vcan0,600,00000000
1780709695.588831,vcan0,601,7F000000
1780709695.588910,vcan0,602,00000000
1780709695.686819,vcan0,600,00000000
1780709695.686986,vcan0,601,7F000000
1780709695.687135,vcan0,602,00000000
1780709695.687234,vcan0,603,00000000
1780709695.687353,vcan0,604,00
1780709695.687475,vcan0,605,00
1780709695.687579,vcan0,607,00
1780709695.701695,vcan0,600,00000000
1780709695.701830,vcan0,601,7F000000
1780709695.701918,vcan0,602,00000000
1780709695.717767,vcan0,600,00000000
1780709695.717891,vcan0,601,7F000000
1780709695.717977,vcan0,602,00000000
1780709695.734293,vcan0,600,00000000
1780709695.734416,vcan0,601,7F000000
1780709695.734534,vcan0,602,00000000
1780709695.834828,vcan0,600,00000000
1780709695.835009,vcan0,601,7F000000
1780709695.835090,vcan0,602,00000000
1780709695.835181,vcan0,603,00000000
1780709695.835265,vcan0,604,00
1780709695.835352,vcan0,605,00
1780709695.835459,vcan0,607,00
1780709695.849666,vcan0,600,00000000
1780709695.849797,vcan0,601,7F000000
1780709695.849870,vcan0,602,00000000
1780709695.865873,vcan0,600,00000000
1780709695.866009,vcan0,601,7F000000
1780709695.866102,vcan0,602,00000000
1780709695.881776,vcan0,600,00000000
1780709695.881933,vcan0,601,7F000000
1780709695.882022,vcan0,602,00000000
1780709695.979912,vcan0,600,00000000
1780709695.980093,vcan0,601,7F000000
1780709695.980194,vcan0,602,00000000
1780709695.980295,vcan0,603,00000000
1780709695.980379,vcan0,604,00
1780709695.980471,vcan0,605,00
1780709695.980550,vcan0,607,00
1780709695.995561,vcan0,600,00000000
1780709695.995686,vcan0,601,7F000000
1780709695.995772,vcan0,602,00000000
1780709696.011793,vcan0,600,00000000
1780709696.011922,vcan0,601,7F000000
1780709696.011998,vcan0,602,00000000
1780709696.027790,vcan0,600,00000000
1780709696.027896,vcan0,601,7F000000
1780709696.027970,vcan0,602,00000000
1780709696.125575,vcan0,600,00000000
1780709696.125737,vcan0,601,7F000000
1780709696.125849,vcan0,602,00000000
1780709696.125954,vcan0,603,00000000
1780709696.126066,vcan0,604,00
1780709696.126208,vcan0,605,00
1780709696.126330,vcan0,607,00
1780709696.140856,vcan0,600,00000000
1780709696.140981,vcan0,601,7F000000
1780709696.141070,vcan0,602,00000000
1780709696.156829,vcan0,600,00000000
1780709696.156963,vcan0,601,7F000000
1780709696.157050,vcan0,602,00000000
1780709696.172840,vcan0,600,00000000
1780709696.172972,vcan0,601,7F000000
1780709696.173063,vcan0,602,00000000
1780709696.273827,vcan0,600,00000000
1780709696.274094,vcan0,601,7F000000
1780709696.274180,vcan0,602,00000000
1780709696.274250,vcan0,603,00000000
1780709696.274315,vcan0,604,00
1780709696.274377,vcan0,605,00
1780709696.274459,vcan0,607,00
1780709696.288558,vcan0,600,00000000
1780709696.288676,vcan0,601,7F000000
1780709696.288764,vcan0,602,00000000
1780709696.304686,vcan0,600,00000000
1780709696.304811,vcan0,601,7F000000
1780709696.304896,vcan0,602,00000000
1780709696.320736,vcan0,600,00000000
1780709696.320866,vcan0,601,7F000000
1780709696.320954,vcan0,602,00000000
1780709696.418349,vcan0,600,00000000
1780709696.418541,vcan0,601,7F000000
1780709696.418620,vcan0,602,00000000
1780709696.418721,vcan0,603,00000000
1780709696.418814,vcan0,604,00
1780709696.418906,vcan0,605,00
1780709696.419003,vcan0,607,00
1780709696.433920,vcan0,600,00000000
1780709696.434058,vcan0,601,7F000000
1780709696.434142,vcan0,602,00000000
1780709696.449668,vcan0,600,00000000
1780709696.449792,vcan0,601,7F000000
1780709696.449865,vcan0,602,00000000
1780709696.465664,vcan0,600,00000000
1780709696.465794,vcan0,601,7F000000
1780709696.465878,vcan0,602,00000000
1780709696.568024,vcan0,600,00000000
1780709696.568187,vcan0,601,7F000000
1780709696.568335,vcan0,602,00000000
1780709696.568525,vcan0,603,00000000
1780709696.568798,vcan0,604,00
1780709696.569050,vcan0,605,00
1780709696.569203,vcan0,607,00
1780709696.582886,vcan0,600,00000000
1780709696.583029,vcan0,601,7F000000
1780709696.583121,vcan0,602,00000000
1780709696.598942,vcan0,600,00000000
1780709696.599131,vcan0,601,7F000000
1780709696.599217,vcan0,602,00000000
1780709696.614862,vcan0,600,00000000
1780709696.614987,vcan0,601,7F000000
1780709696.615063,vcan0,602,00000000
1780709696.713508,vcan0,600,00000000
1780709696.713719,vcan0,601,7F000000
1780709696.713824,vcan0,602,00000000
1780709696.713919,vcan0,603,00000000
1780709696.714008,vcan0,604,00
1780709696.714113,vcan0,605,00
1780709696.714187,vcan0,607,00
1780709696.728806,vcan0,600,00000000
1780709696.728950,vcan0,601,7F000000
1780709696.729041,vcan0,602,00000000
1780709696.744761,vcan0,600,00000000
1780709696.744880,vcan0,601,7F000000
1780709696.744959,vcan0,602,00000000
1780709696.760789,vcan0,600,00000000
1780709696.760896,vcan0,601,7F000000
1780709696.760966,vcan0,602,00000000
1780709696.858594,vcan0,600,00000000
1780709696.858762,vcan0,601,7F000000
1780709696.858843,vcan0,602,00000000
1780709696.858923,vcan0,603,00000000
1780709696.859013,vcan0,604,00
1780709696.859163,vcan0,605,00
1780709696.859293,vcan0,607,00
1780709696.873835,vcan0,600,00000000
1780709696.873952,vcan0,601,7F000000
1780709696.874024,vcan0,602,00000000
1780709696.889847,vcan0,600,00000000
1780709696.889965,vcan0,601,7F000000
1780709696.890035,vcan0,602,00000000
1780709696.905787,vcan0,600,00000000
1780709696.905890,vcan0,601,7F000000
1780709696.905962,vcan0,602,00000000
1780709697.004825,vcan0,600,00000000
1780709697.005051,vcan0,601,7F000000
1780709697.005142,vcan0,602,00000000
1780709697.005214,vcan0,603,00000000
1780709697.005309,vcan0,604,00
1780709697.005401,vcan0,605,00
1780709697.005514,vcan0,607,00
1780709697.019770,vcan0,600,00000000
1780709697.019898,vcan0,601,7F000000
1780709697.019995,vcan0,602,00000000
1780709697.035933,vcan0,600,00000000
1780709697.036078,vcan0,601,7F000000
1780709697.036172,vcan0,602,00000000
1780709697.051821,vcan0,600,00000000
1780709697.051968,vcan0,601,7F000000
1780709697.052087,vcan0,602,00000000
1780709697.149639,vcan0,600,00000000
1780709697.149773,vcan0,601,7F000000
1780709697.149849,vcan0,602,00000000
1780709697.149936,vcan0,603,00000000
1780709697.150031,vcan0,604,00
1780709697.150130,vcan0,605,00
1780709697.150236,vcan0,607,00
1780709697.164790,vcan0,600,00000000
1780709697.164901,vcan0,601,7F000000
1780709697.164977,vcan0,602,00000000
1780709697.180683,vcan0,600,00000000
1780709697.180793,vcan0,601,7F000000
1780709697.180869,vcan0,602,00000000
1780709697.196704,vcan0,600,00000000
1780709697.196815,vcan0,601,7F000000
1780709697.196891,vcan0,602,00000000
1780709697.295547,vcan0,600,00000000
1780709697.295855,vcan0,601,7F000000
1780709697.295971,vcan0,602,00000000
1780709697.296065,vcan0,603,00000000
1780709697.296162,vcan0,604,00
1780709697.296255,vcan0,605,00
1780709697.296346,vcan0,607,00
1780709697.310728,vcan0,600,00000000
1780709697.310942,vcan0,601,7F000000
1780709697.311033,vcan0,602,00000000
1780709697.326673,vcan0,600,00000000
1780709697.326806,vcan0,601,7F000000
1780709697.326900,vcan0,602,00000000
1780709697.342739,vcan0,600,00000000
1780709697.342844,vcan0,601,7F000000
1780709697.342918,vcan0,602,00000000
1780709697.446379,vcan0,600,00000000
1780709697.446580,vcan0,601,7F000000
1780709697.446692,vcan0,602,00000000
1780709697.446799,vcan0,603,00000000
1780709697.446926,vcan0,604,00
1780709697.447024,vcan0,605,00
1780709697.447132,vcan0,607,00
1780709697.460799,vcan0,600,00000000
1780709697.460920,vcan0,601,7F000000
1780709697.460992,vcan0,602,00000000
1780709697.476685,vcan0,600,00000000
1780709697.476795,vcan0,601,7F000000
1780709697.476867,vcan0,602,00000000
1780709697.492568,vcan0,600,00000000
1780709697.492680,vcan0,601,7F000000
1780709697.492754,vcan0,602,00000000
1780709697.595567,vcan0,600,00000000
1780709697.595720,vcan0,601,7F000000
1780709697.595815,vcan0,602,00000000
1780709697.595887,vcan0,603,00000000
1780709697.595954,vcan0,604,00
1780709697.596019,vcan0,605,00
1780709697.596100,vcan0,607,00
1780709697.610708,vcan0,600,00000000
1780709697.610814,vcan0,601,7F000000
1780709697.610883,vcan0,602,00000000
1780709697.626665,vcan0,600,00000000
1780709697.626771,vcan0,601,7F000000
1780709697.626846,vcan0,602,00000000
1780709697.642642,vcan0,600,00000000
1780709697.642748,vcan0,601,7F000000
1780709697.642823,vcan0,602,00000000
1780709697.743608,vcan0,600,00000000
1780709697.743793,vcan0,601,7F000000
1780709697.743919,vcan0,602,00000000
1780709697.744096,vcan0,603,00000000
1780709697.744196,vcan0,604,00
1780709697.744277,vcan0,605,00
1780709697.744360,vcan0,607,00
1780709697.758732,vcan0,600,00000000
1780709697.758850,vcan0,601,7F000000
1780709697.758938,vcan0,602,00000000
1780709697.774751,vcan0,600,00000000
1780709697.774893,vcan0,601,7F000000
1780709697.774982,vcan0,602,00000000
1780709697.790697,vcan0,600,00000000
1780709697.790823,vcan0,601,7F000000
1780709697.790914,vcan0,602,00000000
1780709697.889399,vcan0,600,00000000
1780709697.889609,vcan0,601,7F000000
1780709697.889733,vcan0,602,00000000
1780709697.889829,vcan0,603,00000000
1780709697.889922,vcan0,604,00
1780709697.890018,vcan0,605,00
1780709697.890115,vcan0,607,00
1780709697.904623,vcan0,600,00000000
1780709697.904749,vcan0,601,7F000000
1780709697.904835,vcan0,602,00000000
1780709697.920730,vcan0,600,00000000
1780709697.920871,vcan0,601,7F000000
1780709697.920958,vcan0,602,00000000
1780709697.936652,vcan0,600,00000000
1780709697.936784,vcan0,601,7F000000
1780709697.936875,vcan0,602,00000000
1780709698.035323,vcan0,600,00000000
1780709698.035506,vcan0,601,7F000000
1780709698.035628,vcan0,602,00000000
1780709698.035728,vcan0,603,00000000
1780709698.035816,vcan0,604,00
1780709698.035920,vcan0,605,00
1780709698.036012,vcan0,607,00
1780709698.050617,vcan0,600,00000000
1780709698.050777,vcan0,601,7F000000
1780709698.050871,vcan0,602,00000000
1780709698.066626,vcan0,600,00000000
1780709698.066751,vcan0,601,7F000000
1780709698.066825,vcan0,602,00000000
1780709698.082632,vcan0,600,00000000
1780709698.082748,vcan0,601,7F000000
1780709698.082822,vcan0,602,00000000
1780709698.185489,vcan0,600,00000000
1780709698.185655,vcan0,601,7F000000
1780709698.185778,vcan0,602,00000000
1780709698.185879,vcan0,603,00000000
1780709698.185982,vcan0,604,00
1780709698.186091,vcan0,605,00
1780709698.186209,vcan0,607,00
1780709698.198659,vcan0,600,00000000
1780709698.198805,vcan0,601,7F000000
1780709698.198882,vcan0,602,00000000
1780709698.214742,vcan0,600,00000000
1780709698.214878,vcan0,601,7F000000
1780709698.214954,vcan0,602,00000000
1780709698.230575,vcan0,600,00000000
1780709698.230676,vcan0,601,7F000000
1780709698.230746,vcan0,602,00000000
1780709698.339962,vcan0,600,00000000
1780709698.340092,vcan0,601,7F000000
1780709698.340171,vcan0,602,00000000
1780709698.340251,vcan0,603,00000000
1780709698.340321,vcan0,604,00
1780709698.340394,vcan0,605,00
1780709698.340492,vcan0,607,00
1780709698.355794,vcan0,600,00000000
1780709698.355959,vcan0,601,7F000000
1780709698.356072,vcan0,602,00000000
1780709698.372746,vcan0,600,00000000
1780709698.372867,vcan0,601,7F000000
1780709698.372943,vcan0,602,00000000
1780709698.388639,vcan0,600,00000000
1780709698.388746,vcan0,601,7F000000
1780709698.388820,vcan0,602,00000000
1780709698.490238,vcan0,600,00000000
1780709698.490426,vcan0,601,7F000000
1780709698.490553,vcan0,602,00000000
1780709698.490650,vcan0,603,00000000
1780709698.490747,vcan0,604,00
1780709698.490833,vcan0,605,00
1780709698.490927,vcan0,607,00
1780709698.505711,vcan0,600,00000000
1780709698.505865,vcan0,601,7F000000
1780709698.505953,vcan0,602,00000000
1780709698.521675,vcan0,600,00000000
1780709698.521802,vcan0,601,7F000000
1780709698.521886,vcan0,602,00000000
1780709698.537664,vcan0,600,00000000
1780709698.537794,vcan0,601,7F000000
1780709698.537877,vcan0,602,00000000
1780709698.638183,vcan0,600,00000000
1780709698.638367,vcan0,601,7F000000
1780709698.638486,vcan0,602,00000000
1780709698.638595,vcan0,603,00000000
1780709698.638690,vcan0,604,00
1780709698.638811,vcan0,605,00
1780709698.638910,vcan0,607,00
1780709698.653641,vcan0,600,00000000
1780709698.653775,vcan0,601,7F000000
1780709698.653868,vcan0,602,00000000
1780709698.669681,vcan0,600,00000000
1780709698.669814,vcan0,601,7F000000
1780709698.669900,vcan0,602,00000000
1780709698.685697,vcan0,600,00000000
1780709698.685832,vcan0,601,7F000000
1780709698.685920,vcan0,602,00000000
1780709698.786704,vcan0,600,00000000
1780709698.786881,vcan0,601,7F000000
1780709698.786978,vcan0,602,00000000
1780709698.787073,vcan0,603,00000000
1780709698.787168,vcan0,604,00
1780709698.787264,vcan0,605,00
1780709698.787382,vcan0,607,00
1780709698.801816,vcan0,600,00000000
1780709698.801958,vcan0,601,7F000000
1780709698.802050,vcan0,602,00000000
1780709698.817704,vcan0,600,00000000
1780709698.817838,vcan0,601,7F000000
1780709698.817922,vcan0,602,00000000
1780709698.833715,vcan0,600,00000000
1780709698.833848,vcan0,601,7F000000
1780709698.833936,vcan0,602,00000000
1780709698.935643,vcan0,600,00000000
1780709698.935824,vcan0,601,7F000000
1780709698.935931,vcan0,602,00000000
1780709698.936052,vcan0,603,00000000
1780709698.936165,vcan0,604,00
1780709698.936260,vcan0,605,00
1780709698.936368,vcan0,607,00
1780709698.950787,vcan0,600,00000000
1780709698.950933,vcan0,601,7F000000
1780709698.951029,vcan0,602,00000000
1780709698.966673,vcan0,600,00000000
1780709698.966802,vcan0,601,7F000000
1780709698.966887,vcan0,602,00000000
1780709698.981557,vcan0,600,00000000
1780709698.981684,vcan0,601,7F000000
1780709698.981772,vcan0,602,00000000
1780709699.082977,vcan0,600,00000000
1780709699.083174,vcan0,601,7F000000
1780709699.083277,vcan0,602,00000000
1780709699.083400,vcan0,603,00000000
1780709699.083526,vcan0,604,00
1780709699.083735,vcan0,605,00
1780709699.083862,vcan0,607,00
1780709699.097799,vcan0,600,00000000
1780709699.097932,vcan0,601,7F000000
1780709699.098003,vcan0,602,00000000
1780709699.113743,vcan0,600,00000000
1780709699.113864,vcan0,601,7F000000
1780709699.113944,vcan0,602,00000000
1780709699.129684,vcan0,600,00000000
1780709699.129803,vcan0,601,7F000000
1780709699.129881,vcan0,602,00000000
1780709699.228300,vcan0,600,00000000
1780709699.228530,vcan0,601,7F000000
1780709699.228628,vcan0,602,00000000
1780709699.228732,vcan0,603,00000000
1780709699.228838,vcan0,604,00
1780709699.228979,vcan0,605,00
1780709699.229108,vcan0,607,00
1780709699.243764,vcan0,600,00000000
1780709699.243873,vcan0,601,7F000000
1780709699.243945,vcan0,602,00000000
1780709699.259676,vcan0,600,00000000
1780709699.259793,vcan0,601,7F000000
1780709699.259866,vcan0,602,00000000
1780709699.275687,vcan0,600,00000000
1780709699.275806,vcan0,601,7F000000
1780709699.275900,vcan0,602,00000000
1780709699.376984,vcan0,600,00000000
1780709699.377164,vcan0,601,7F000000
1780709699.377291,vcan0,602,00000000
1780709699.377408,vcan0,603,00000000
1780709699.377535,vcan0,604,00
1780709699.377629,vcan0,605,00
1780709699.377725,vcan0,607,00
1780709699.391712,vcan0,600,00000000
1780709699.391841,vcan0,601,7F000000
1780709699.391926,vcan0,602,00000000
1780709699.407670,vcan0,600,00000000
1780709699.407786,vcan0,601,7F000000
1780709699.407866,vcan0,602,00000000
1780709699.423682,vcan0,600,00000000
1780709699.423789,vcan0,601,7F000000
1780709699.423866,vcan0,602,00000000
1780709699.524870,vcan0,600,00000000
1780709699.525077,vcan0,601,7F000000
1780709699.525183,vcan0,602,00000000
1780709699.525293,vcan0,603,00000000
1780709699.525387,vcan0,604,00
1780709699.525535,vcan0,605,00
1780709699.525641,vcan0,607,00
1780709699.539874,vcan0,600,00000000
1780709699.540015,vcan0,601,7F000000
1780709699.540110,vcan0,602,00000000
1780709699.555861,vcan0,600,00000000
1780709699.556003,vcan0,601,7F000000
1780709699.556103,vcan0,602,00000000
1780709699.571614,vcan0,600,00000000
1780709699.571761,vcan0,601,7F000000
1780709699.571858,vcan0,602,00000000
1780709699.675372,vcan0,600,00000000
1780709699.675564,vcan0,601,7F000000
1780709699.675671,vcan0,602,00000000
1780709699.675776,vcan0,603,00000000
1780709699.675894,vcan0,604,00
1780709699.675985,vcan0,605,00
1780709699.676105,vcan0,607,00
1780709699.690659,vcan0,600,00000000
1780709699.690778,vcan0,601,7F000000
1780709699.690858,vcan0,602,00000000
1780709699.706722,vcan0,600,00000000
1780709699.706843,vcan0,601,7F000000
1780709699.706928,vcan0,602,00000000
1780709699.722676,vcan0,600,00000000
1780709699.722793,vcan0,601,7F000000
1780709699.722870,vcan0,602,00000000
1780709699.822494,vcan0,600,00000000
1780709699.822693,vcan0,601,7F000000
1780709699.822856,vcan0,602,00000000
1780709699.822956,vcan0,603,00000000
1780709699.823044,vcan0,604,00
1780709699.823131,vcan0,605,00
1780709699.823218,vcan0,607,00
1780709699.837639,vcan0,600,00000000
1780709699.837766,vcan0,601,7F000000
1780709699.837853,vcan0,602,00000000
1780709699.853735,vcan0,600,00000000
1780709699.853866,vcan0,601,7F000000
1780709699.853955,vcan0,602,00000000
1780709699.869670,vcan0,600,00000000
1780709699.869810,vcan0,601,7F000000
1780709699.869902,vcan0,602,00000000
1780709699.968907,vcan0,600,00000000
1780709699.969075,vcan0,601,7F000000
1780709699.969190,vcan0,602,00000000
1780709699.969283,vcan0,603,00000000
1780709699.969387,vcan0,604,00
1780709699.969509,vcan0,605,00
1780709699.969604,vcan0,607,00
1780709699.983828,vcan0,600,00000000
1780709699.983990,vcan0,601,7F000000
1780709699.984103,vcan0,602,00000000
1780709699.999674,vcan0,600,00000000
1780709699.999785,vcan0,601,7F000000
1780709699.999857,vcan0,602,00000000
1780709700.015673,vcan0,600,00000000
1780709700.015793,vcan0,601,7F000000
1780709700.015865,vcan0,602,00000000
1780709700.117716,vcan0,600,00000000
1780709700.118006,vcan0,601,7F000000
1780709700.118134,vcan0,602,00000000
1780709700.118296,vcan0,603,00000000
1780709700.118420,vcan0,604,00
1780709700.118569,vcan0,605,00
1780709700.118693,vcan0,607,00
1780709700.132651,vcan0,600,00000000
1780709700.132804,vcan0,601,7F000000
1780709700.132918,vcan0,602,00000000
1780709700.148668,vcan0,600,00000000
1780709700.148777,vcan0,601,7F000000
1780709700.148847,vcan0,602,00000000
1780709700.164657,vcan0,600,00000000
1780709700.164772,vcan0,601,7F000000
1780709700.164845,vcan0,602,00000000
1780709700.264034,vcan0,600,00000000
1780709700.264169,vcan0,601,7F000000
1780709700.264279,vcan0,602,00000000
1780709700.264373,vcan0,603,00000000
1780709700.264501,vcan0,604,00
1780709700.264628,vcan0,605,00
1780709700.264740,vcan0,607,00
1780709700.279546,vcan0,600,00000000
1780709700.279656,vcan0,601,7F000000
1780709700.279728,vcan0,602,00000000
1780709700.295660,vcan0,600,00000000
1780709700.295778,vcan0,601,7F000000
1780709700.295851,vcan0,602,00000000
1780709700.311665,vcan0,600,00000000
1780709700.311784,vcan0,601,7F000000
1780709700.311856,vcan0,602,00000000
1780709700.410634,vcan0,600,00000000
1780709700.410795,vcan0,601,7F000000
1780709700.410915,vcan0,602,00000000
1780709700.410995,vcan0,603,00000000
1780709700.411078,vcan0,604,00
1780709700.411157,vcan0,605,00
1780709700.411247,vcan0,607,00
1780709700.425647,vcan0,600,00000000
1780709700.425782,vcan0,601,7F000000
1780709700.425869,vcan0,602,00000000
1780709700.441659,vcan0,600,00000000
1780709700.441784,vcan0,601,7F000000
1780709700.441871,vcan0,602,00000000
1780709700.457664,vcan0,600,00000000
1780709700.457791,vcan0,601,7F000000
1780709700.457876,vcan0,602,00000000
1780709700.556421,vcan0,600,00000000
1780709700.556637,vcan0,601,7F000000
1780709700.556744,vcan0,602,00000000
1780709700.556849,vcan0,603,00000000
1780709700.556947,vcan0,604,00
1780709700.557041,vcan0,605,00
1780709700.557168,vcan0,607,00
1780709700.571654,vcan0,600,00000000
1780709700.571767,vcan0,601,7F000000
1780709700.571852,vcan0,602,00000000
1780709700.587775,vcan0,600,00000000
1780709700.587908,vcan0,601,7F000000
1780709700.587996,vcan0,602,00000000
1780709700.603562,vcan0,600,00000000
1780709700.603684,vcan0,601,7F000000
1780709700.603772,vcan0,602,00000000
1780709700.704319,vcan0,600,00000000
1780709700.704493,vcan0,601,7F000000
1780709700.704599,vcan0,602,00000000
1780709700.704691,vcan0,603,00000000
1780709700.704776,vcan0,604,00
1780709700.704859,vcan0,605,00
1780709700.704949,vcan0,607,00
1780709700.719705,vcan0,600,00000000
1780709700.719818,vcan0,601,7F000000
1780709700.719893,vcan0,602,00000000
1780709700.735665,vcan0,600,00000000
1780709700.735812,vcan0,601,7F000000
1780709700.735912,vcan0,602,00000000
1780709700.751670,vcan0,600,00000000
1780709700.751786,vcan0,601,7F000000
1780709700.751858,vcan0,602,00000000
1780709700.851732,vcan0,600,00000000
1780709700.851913,vcan0,601,7F000000
1780709700.852017,vcan0,602,00000000
1780709700.852225,vcan0,603,00000000
1780709700.852319,vcan0,604,00
1780709700.852410,vcan0,605,00
1780709700.852548,vcan0,607,00
1780709700.866610,vcan0,600,00000000
1780709700.866745,vcan0,601,7F000000
1780709700.866836,vcan0,602,00000000
1780709700.882702,vcan0,600,00000000
1780709700.882847,vcan0,601,7F000000
1780709700.882939,vcan0,602,00000000
1780709700.898650,vcan0,600,00000000
1780709700.898779,vcan0,601,7F000000
1780709700.898868,vcan0,602,00000000
1780709700.997131,vcan0,600,00000000
1780709700.997636,vcan0,601,7F000000
1780709700.997757,vcan0,602,00000000
1780709700.997893,vcan0,603,00000000
1780709700.998001,vcan0,604,00
1780709700.998078,vcan0,605,00
1780709700.998169,vcan0,607,00
1780709701.011608,vcan0,600,00000000
1780709701.011720,vcan0,601,7F000000
1780709701.011789,vcan0,602,00000000
1780709701.027710,vcan0,600,00000000
1780709701.027825,vcan0,601,7F000000
1780709701.027897,vcan0,602,00000000
1780709701.043697,vcan0,600,00000000
1780709701.043822,vcan0,601,7F000000
1780709701.043895,vcan0,602,00000000
1780709701.140955,vcan0,600,00000000
1780709701.141076,vcan0,601,7F000000
1780709701.141159,vcan0,602,00000000
1780709701.141228,vcan0,603,00000000
1780709701.141296,vcan0,604,00
1780709701.141362,vcan0,605,00
1780709701.141433,vcan0,607,00
1780709701.156757,vcan0,600,00000000
1780709701.156881,vcan0,601,7F000000
1780709701.156960,vcan0,602,00000000
1780709701.172638,vcan0,600,00000000
1780709701.172744,vcan0,601,7F000000
1780709701.172819,vcan0,602,00000000
1780709701.188651,vcan0,600,00000000
1780709701.188757,vcan0,601,7F000000
1780709701.188831,vcan0,602,00000000
1780709701.289897,vcan0,600,00000000
1780709701.290094,vcan0,601,7F000000
1780709701.290217,vcan0,602,00000000
1780709701.290315,vcan0,603,00000000
1780709701.290441,vcan0,604,00
1780709701.290564,vcan0,605,00
1780709701.290680,vcan0,607,00
1780709701.305805,vcan0,600,00000000
1780709701.305958,vcan0,601,7F000000
1780709701.306064,vcan0,602,00000000
1780709701.321649,vcan0,600,00000000
1780709701.321768,vcan0,601,7F000000
1780709701.321840,vcan0,602,00000000
1780709701.337673,vcan0,600,00000000
1780709701.337786,vcan0,601,7F000000
1780709701.337857,vcan0,602,00000000
1780709701.440674,vcan0,600,00000000
1780709701.440862,vcan0,601,7F000000
1780709701.440951,vcan0,602,00000000
1780709701.441027,vcan0,603,00000000
1780709701.441095,vcan0,604,00
1780709701.441160,vcan0,605,00
1780709701.441226,vcan0,607,00
1780709701.455634,vcan0,600,00000000
1780709701.455742,vcan0,601,7F000000
1780709701.455817,vcan0,602,00000000
1780709701.471701,vcan0,600,00000000
1780709701.471848,vcan0,601,7F000000
1780709701.471942,vcan0,602,00000000
1780709701.487653,vcan0,600,00000000
1780709701.487757,vcan0,601,7F000000
1780709701.487833,vcan0,602,00000000
1780709701.582041,vcan0,600,00000000
1780709701.582282,vcan0,601,7F000000
1780709701.582434,vcan0,602,00000000
1780709701.582585,vcan0,603,00000000
1780709701.582735,vcan0,604,00
1780709701.582844,vcan0,605,00
1780709701.582948,vcan0,607,00
1780709701.597596,vcan0,600,00000000
1780709701.597729,vcan0,601,7F000000
1780709701.597821,vcan0,602,00000000
1780709701.613673,vcan0,600,00000000
1780709701.613804,vcan0,601,7F000000
1780709701.613879,vcan0,602,00000000
1780709701.629667,vcan0,600,00000000
1780709701.629795,vcan0,601,7F000000
1780709701.629900,vcan0,602,00000000
1780709701.734820,vcan0,600,00000000
1780709701.734984,vcan0,601,7F000000
1780709701.735094,vcan0,602,00000000
1780709701.735195,vcan0,603,00000000
1780709701.735319,vcan0,604,00
1780709701.735469,vcan0,605,00
1780709701.735581,vcan0,607,00
1780709701.749519,vcan0,600,00000000
1780709701.749622,vcan0,601,7F000000
1780709701.749697,vcan0,602,00000000
1780709701.765605,vcan0,600,00000000
1780709701.765713,vcan0,601,7F000000
1780709701.765787,vcan0,602,00000000
1780709701.781663,vcan0,600,00000000
1780709701.781769,vcan0,601,7F000000
1780709701.781845,vcan0,602,00000000
1780709701.880408,vcan0,600,00000000
1780709701.880635,vcan0,601,7F000000
1780709701.880725,vcan0,602,00000000
1780709701.880797,vcan0,603,00000000
1780709701.880865,vcan0,604,00
1780709701.880931,vcan0,605,00
1780709701.880999,vcan0,607,00
1780709701.894530,vcan0,600,00000000
1780709701.894635,vcan0,601,7F000000
1780709701.894705,vcan0,602,00000000
1780709701.910659,vcan0,600,00000000
1780709701.910865,vcan0,601,7F000000
1780709701.911013,vcan0,602,00000000
1780709701.926650,vcan0,600,00000000
1780709701.926825,vcan0,601,7F000000
1780709701.926909,vcan0,602,00000000
1780709702.026336,vcan0,600,00000000
1780709702.026548,vcan0,601,7F000000
1780709702.026655,vcan0,602,00000000
1780709702.026767,vcan0,603,00000000
1780709702.026893,vcan0,604,00
1780709702.027066,vcan0,605,00
1780709702.027169,vcan0,607,00
1780709702.041752,vcan0,600,00000000
1780709702.041981,vcan0,601,7F000000
1780709702.042076,vcan0,602,00000000
1780709702.057718,vcan0,600,00000000
1780709702.057860,vcan0,601,7F000000
1780709702.057954,vcan0,602,00000000
1780709702.073794,vcan0,600,00000000
1780709702.073941,vcan0,601,7F000000
1780709702.074037,vcan0,602,00000000
1780709702.172964,vcan0,600,00000000
1780709702.173186,vcan0,601,7F000000
1780709702.173297,vcan0,602,00000000
1780709702.173399,vcan0,603,00000000
1780709702.173548,vcan0,604,00
1780709702.173677,vcan0,605,00
1780709702.173809,vcan0,607,00
1780709702.188677,vcan0,600,00000000
1780709702.188801,vcan0,601,7F000000
1780709702.188880,vcan0,602,00000000
1780709702.204661,vcan0,600,00000000
1780709702.204791,vcan0,601,7F000000
1780709702.204866,vcan0,602,00000000
1780709702.220647,vcan0,600,00000000
1780709702.220783,vcan0,601,7F000000
1780709702.220887,vcan0,602,00000000
1780709702.319650,vcan0,600,00000000
1780709702.319811,vcan0,601,7F000000
1780709702.319921,vcan0,602,00000000
1780709702.320143,vcan0,603,00000000
1780709702.320235,vcan0,604,00
1780709702.320346,vcan0,605,00
1780709702.320441,vcan0,607,00
1780709702.334700,vcan0,600,00000000
1780709702.334842,vcan0,601,7F000000
1780709702.334918,vcan0,602,00000000
1780709702.350708,vcan0,600,00000000
1780709702.350852,vcan0,601,7F000000
1780709702.350953,vcan0,602,00000000
1780709702.366627,vcan0,600,00000000
1780709702.366742,vcan0,601,7F000000
1780709702.366813,vcan0,602,00000000
1780709702.467034,vcan0,600,00000000
1780709702.467392,vcan0,601,7F000000
1780709702.467517,vcan0,602,00000000
1780709702.467615,vcan0,603,00000000
1780709702.467708,vcan0,604,00
1780709702.467794,vcan0,605,00
1780709702.467895,vcan0,607,00
1780709702.481666,vcan0,600,00000000
1780709702.481791,vcan0,601,7F000000
1780709702.481881,vcan0,602,00000000
1780709702.497686,vcan0,600,00000000
1780709702.497826,vcan0,601,7F000000
1780709702.497917,vcan0,602,00000000
1780709702.513778,vcan0,600,00000000
1780709702.513922,vcan0,601,7F000000
1780709702.514018,vcan0,602,00000000
1780709702.611939,vcan0,600,00000000
1780709702.612112,vcan0,601,7F000000
1780709702.612217,vcan0,602,00000000
1780709702.612318,vcan0,603,00000000
1780709702.612436,vcan0,604,00
1780709702.612556,vcan0,605,00
1780709702.612688,vcan0,607,00
1780709702.627527,vcan0,600,00000000
1780709702.627637,vcan0,601,7F000000
1780709702.627706,vcan0,602,00000000
1780709702.643643,vcan0,600,00000000
1780709702.643760,vcan0,601,7F000000
1780709702.643831,vcan0,602,00000000
1780709702.659652,vcan0,600,00000000
1780709702.659768,vcan0,601,7F000000
1780709702.659845,vcan0,602,00000000
1780709702.757432,vcan0,600,00000000
1780709702.757828,vcan0,601,7F000000
1780709702.757935,vcan0,602,00000000
1780709702.758040,vcan0,603,00000000
1780709702.758126,vcan0,604,00
1780709702.758212,vcan0,605,00
1780709702.758314,vcan0,607,00
1780709702.772578,vcan0,600,00000000
1780709702.772689,vcan0,601,7F000000
1780709702.772758,vcan0,602,00000000
1780709702.788698,vcan0,600,00000000
1780709702.788806,vcan0,601,7F000000
1780709702.788877,vcan0,602,00000000
1780709702.804651,vcan0,600,00000000
1780709702.804761,vcan0,601,7F000000
1780709702.804837,vcan0,602,00000000
1780709702.902401,vcan0,600,00000000
1780709702.902585,vcan0,601,7F000000
1780709702.902695,vcan0,602,00000000
1780709702.902810,vcan0,603,00000000
1780709702.902910,vcan0,604,00
1780709702.902989,vcan0,605,00
1780709702.903069,vcan0,607,00
1780709702.917702,vcan0,600,00000000
1780709702.917820,vcan0,601,7F000000
1780709702.917891,vcan0,602,00000000
1780709702.933620,vcan0,600,00000000
1780709702.933746,vcan0,601,7F000000
1780709702.933821,vcan0,602,00000000
1780709702.949633,vcan0,600,00000000
1780709702.949739,vcan0,601,7F000000
1780709702.949816,vcan0,602,00000000
1780709703.048737,vcan0,600,00000000
1780709703.048918,vcan0,601,7F000000
1780709703.049019,vcan0,602,00000000
1780709703.049119,vcan0,603,00000000
1780709703.049233,vcan0,604,00
1780709703.049332,vcan0,605,00
1780709703.049440,vcan0,607,00
1780709703.063628,vcan0,600,00000000
1780709703.063732,vcan0,601,7F000000
1780709703.063807,vcan0,602,00000000
1780709703.079620,vcan0,600,00000000
1780709703.079734,vcan0,601,7F000000
1780709703.079814,vcan0,602,00000000
1780709703.095633,vcan0,600,00000000
1780709703.095751,vcan0,601,7F000000
1780709703.095830,vcan0,602,00000000
1780709703.194709,vcan0,600,00000000
1780709703.194940,vcan0,601,7F000000
1780709703.195046,vcan0,602,00000000
1780709703.195154,vcan0,603,00000000
1780709703.195247,vcan0,604,00
1780709703.195343,vcan0,605,00
1780709703.195464,vcan0,607,00
1780709703.209705,vcan0,600,00000000
1780709703.209825,vcan0,601,7F000000
1780709703.209906,vcan0,602,00000000
1780709703.225633,vcan0,600,00000000
1780709703.225757,vcan0,601,7F000000
1780709703.225829,vcan0,602,00000000
1780709703.241562,vcan0,600,00000000
1780709703.241679,vcan0,601,7F000000
1780709703.241752,vcan0,602,00000000
1780709703.341819,vcan0,600,00000000
1780709703.341969,vcan0,601,7F000000
1780709703.342077,vcan0,602,00000000
1780709703.342185,vcan0,603,00000000
1780709703.342286,vcan0,604,00
1780709703.342375,vcan0,605,00
1780709703.342500,vcan0,607,00
1780709703.357540,vcan0,600,00000000
1780709703.357665,vcan0,601,7F000000
1780709703.357738,vcan0,602,00000000
1780709703.374602,vcan0,600,00000000
1780709703.374778,vcan0,601,7F000000
1780709703.374919,vcan0,602,00000000
1780709703.390637,vcan0,600,00000000
1780709703.390813,vcan0,601,7F000000
1780709703.390953,vcan0,602,00000000
1780709703.487708,vcan0,600,00000000
1780709703.487872,vcan0,601,7F000000
1780709703.487979,vcan0,602,00000000
1780709703.488099,vcan0,603,00000000
1780709703.488192,vcan0,604,00
1780709703.488284,vcan0,605,00
1780709703.488378,vcan0,607,00
1780709703.503538,vcan0,600,00000000
1780709703.503685,vcan0,601,7F000000
1780709703.503776,vcan0,602,00000000
1780709703.519722,vcan0,600,00000000
1780709703.519895,vcan0,601,7F000000
1780709703.520004,vcan0,602,00000000
1780709703.535714,vcan0,600,00000000
1780709703.535840,vcan0,601,7F000000
1780709703.535916,vcan0,602,00000000
1780709703.635508,vcan0,600,00000000
1780709703.635705,vcan0,601,7F000000
1780709703.635813,vcan0,602,00000000
1780709703.635936,vcan0,603,00000000
1780709703.636056,vcan0,604,00
1780709703.636153,vcan0,605,00
1780709703.636259,vcan0,607,00
1780709703.650653,vcan0,600,00000000
1780709703.650828,vcan0,601,7F000000
1780709703.650933,vcan0,602,00000000
1780709703.666620,vcan0,600,00000000
1780709703.666730,vcan0,601,7F000000
1780709703.666806,vcan0,602,00000000
1780709703.682642,vcan0,600,00000000
1780709703.682785,vcan0,601,7F000000
1780709703.682874,vcan0,602,00000000
1780709703.787910,vcan0,600,00000000
1780709703.788077,vcan0,601,7F000000
1780709703.788180,vcan0,602,00000000
1780709703.788279,vcan0,603,00000000
1780709703.788377,vcan0,604,00
1780709703.788510,vcan0,605,00
1780709703.788634,vcan0,607,00
1780709703.803724,vcan0,600,00000000
1780709703.803866,vcan0,601,7F000000
1780709703.803942,vcan0,602,00000000
1780709703.819673,vcan0,600,00000000
1780709703.819794,vcan0,601,7F000000
1780709703.819877,vcan0,602,00000000
1780709703.835673,vcan0,600,00000000
1780709703.835802,vcan0,601,7F000000
1780709703.835885,vcan0,602,00000000
1780709703.937350,vcan0,600,00000000
1780709703.937544,vcan0,601,7F000000
1780709703.937662,vcan0,602,00000000
1780709703.937760,vcan0,603,00000000
1780709703.937862,vcan0,604,00
1780709703.937965,vcan0,605,00
1780709703.938075,vcan0,607,00
1780709703.952763,vcan0,600,00000000
1780709703.952911,vcan0,601,7F000000
1780709703.953005,vcan0,602,00000000
1780709703.968620,vcan0,600,00000000
1780709703.968752,vcan0,601,7F000000
1780709703.968838,vcan0,602,00000000
1780709703.983611,vcan0,600,00000000
1780709703.983751,vcan0,601,7F000000
1780709703.983847,vcan0,602,00000000
1780709704.086205,vcan0,600,00000000
1780709704.086384,vcan0,601,7F000000
1780709704.086519,vcan0,602,00000000
1780709704.086609,vcan0,603,00000000
1780709704.086697,vcan0,604,00
1780709704.086770,vcan0,605,00
1780709704.086854,vcan0,607,00
1780709704.101714,vcan0,600,00000000
1780709704.101853,vcan0,601,7F000000
1780709704.101929,vcan0,602,00000000
1780709704.117767,vcan0,600,00000000
1780709704.117883,vcan0,601,7F000000
1780709704.117962,vcan0,602,00000000
1780709704.133592,vcan0,600,00000000
1780709704.133834,vcan0,601,7F000000
1780709704.133925,vcan0,602,00000000
1780709704.233005,vcan0,600,00000000
1780709704.233184,vcan0,601,7F000000
1780709704.233297,vcan0,602,00000000
1780709704.233382,vcan0,603,00000000
1780709704.233501,vcan0,604,00
1780709704.233602,vcan0,605,00
1780709704.233923,vcan0,607,00
1780709704.248526,vcan0,600,00000000
1780709704.248636,vcan0,601,7F000000
1780709704.248712,vcan0,602,00000000
1780709704.264568,vcan0,600,00000000
1780709704.264682,vcan0,601,7F000000
1780709704.264755,vcan0,602,00000000
1780709704.280549,vcan0,600,00000000
1780709704.280661,vcan0,601,7F000000
1780709704.280735,vcan0,602,00000000
1780709704.381093,vcan0,600,00000000
1780709704.381239,vcan0,601,7F000000
1780709704.381348,vcan0,602,00000000
1780709704.381483,vcan0,603,00000000
1780709704.381564,vcan0,604,00
1780709704.381660,vcan0,605,00
1780709704.381747,vcan0,607,00
1780709704.396652,vcan0,600,00000000
1780709704.396772,vcan0,601,7F000000
1780709704.396839,vcan0,602,00000000
1780709704.412620,vcan0,600,00000000
1780709704.412728,vcan0,601,7F000000
1780709704.412799,vcan0,602,00000000
1780709704.428535,vcan0,600,00000000
1780709704.428642,vcan0,601,7F000000
1780709704.428711,vcan0,602,00000000
1780709704.529832,vcan0,600,00000000
1780709704.529978,vcan0,601,7F000000
1780709704.530055,vcan0,602,00000000
1780709704.530143,vcan0,603,00000000
1780709704.530240,vcan0,604,00
1780709704.530336,vcan0,605,00
1780709704.530478,vcan0,607,00
1780709704.545612,vcan0,600,00000000
1780709704.545735,vcan0,601,7F000000
1780709704.545818,vcan0,602,00000000
1780709704.561632,vcan0,600,00000000
1780709704.561763,vcan0,601,7F000000
1780709704.561854,vcan0,602,00000000
1780709704.577626,vcan0,600,00000000
1780709704.577754,vcan0,601,7F000000
1780709704.577838,vcan0,602,00000000
1780709704.676252,vcan0,600,00000000
1780709704.676486,vcan0,601,7F000000
1780709704.676596,vcan0,602,00000000
1780709704.676675,vcan0,603,00000000
1780709704.676786,vcan0,604,00
1780709704.676899,vcan0,605,00
1780709704.676991,vcan0,607,00
1780709704.691525,vcan0,600,00000000
1780709704.691653,vcan0,601,7F000000
1780709704.691742,vcan0,602,00000000
1780709704.707701,vcan0,600,00000000
1780709704.707839,vcan0,601,7F000000
1780709704.707929,vcan0,602,00000000
1780709704.723649,vcan0,600,00000000
1780709704.723778,vcan0,601,7F000000
1780709704.723867,vcan0,602,00000000
1780709704.825046,vcan0,600,00000000
1780709704.825224,vcan0,601,7F000000
1780709704.825320,vcan0,602,00000000
1780709704.825419,vcan0,603,00000000
1780709704.825544,vcan0,604,00
1780709704.825654,vcan0,605,00
1780709704.825751,vcan0,607,00
1780709704.840498,vcan0,600,00000000
1780709704.840621,vcan0,601,7F000000
1780709704.840704,vcan0,602,00000000
1780709704.856600,vcan0,600,00000000
1780709704.856730,vcan0,601,7F000000
1780709704.856817,vcan0,602,00000000
1780709704.872626,vcan0,600,00000000
1780709704.872753,vcan0,601,7F000000
1780709704.872838,vcan0,602,00000000
1780709704.970389,vcan0,600,00000000
1780709704.970568,vcan0,601,7F000000
1780709704.970662,vcan0,602,00000000
1780709704.970736,vcan0,603,00000000
1780709704.970820,vcan0,604,00
1780709704.970926,vcan0,605,00
1780709704.971020,vcan0,607,00
1780709704.984674,vcan0,600,00000000
1780709704.984788,vcan0,601,7F000000
1780709704.984857,vcan0,602,00000000
1780709705.000601,vcan0,600,00000000
1780709705.000738,vcan0,601,7F000000
1780709705.000836,vcan0,602,00000000
1780709705.016581,vcan0,600,00000000
1780709705.016690,vcan0,601,7F000000
1780709705.016767,vcan0,602,00000000
1780709705.115251,vcan0,600,00000000
1780709705.115425,vcan0,601,7F000000
1780709705.115568,vcan0,602,00000000
1780709705.115698,vcan0,603,00000000
1780709705.115888,vcan0,604,00
1780709705.115985,vcan0,605,00
1780709705.116078,vcan0,607,00
1780709705.130546,vcan0,600,00000000
1780709705.130658,vcan0,601,7F000000
1780709705.130728,vcan0,602,00000000
1780709705.146621,vcan0,600,00000000
1780709705.146745,vcan0,601,7F000000
1780709705.146817,vcan0,602,00000000
1780709705.162626,vcan0,600,00000000
1780709705.162755,vcan0,601,7F000000
1780709705.162826,vcan0,602,00000000
1780709705.261029,vcan0,600,00000000
1780709705.261180,vcan0,601,7F000000
1780709705.261258,vcan0,602,00000000
1780709705.261354,vcan0,603,00000000
1780709705.261469,vcan0,604,00
1780709705.261570,vcan0,605,00
1780709705.261665,vcan0,607,00
1780709705.276612,vcan0,600,00000000
1780709705.276726,vcan0,601,7F000000
1780709705.276799,vcan0,602,00000000
1780709705.292609,vcan0,600,00000000
1780709705.292718,vcan0,601,7F000000
1780709705.292788,vcan0,602,00000000
1780709705.308622,vcan0,600,00000000
1780709705.308729,vcan0,601,7F000000
1780709705.308808,vcan0,602,00000000
1780709705.407477,vcan0,600,00000000
1780709705.407650,vcan0,601,7F000000
1780709705.407758,vcan0,602,00000000
1780709705.407865,vcan0,603,00000000
1780709705.408028,vcan0,604,00
1780709705.408130,vcan0,605,00
1780709705.408255,vcan0,607,00
1780709705.422650,vcan0,600,00000000
1780709705.423122,vcan0,601,7F000000
1780709705.423230,vcan0,602,00000000
1780709705.438657,vcan0,600,00000000
1780709705.439044,vcan0,601,7F000000
1780709705.439149,vcan0,602,00000000
1780709705.454597,vcan0,600,00000000
1780709705.454768,vcan0,601,7F000000
1780709705.454905,vcan0,602,00000000
1780709705.555018,vcan0,600,00000000
1780709705.555248,vcan0,601,7F000000
1780709705.555348,vcan0,602,00000000
1780709705.555435,vcan0,603,00000000
1780709705.555543,vcan0,604,00
1780709705.555631,vcan0,605,00
1780709705.555718,vcan0,607,00
1780709705.569586,vcan0,600,00000000
1780709705.569752,vcan0,601,7F000000
1780709705.569869,vcan0,602,00000000
1780709705.585737,vcan0,600,00000000
1780709705.585896,vcan0,601,7F000000
1780709705.585974,vcan0,602,00000000
1780709705.601636,vcan0,600,00000000
1780709705.601759,vcan0,601,7F000000
1780709705.601832,vcan0,602,00000000
1780709705.700701,vcan0,600,00000000
1780709705.700823,vcan0,601,7F000000
1780709705.700912,vcan0,602,00000000
1780709705.701009,vcan0,603,00000000
1780709705.701091,vcan0,604,00
1780709705.701168,vcan0,605,00
1780709705.701253,vcan0,607,00
1780709705.716912,vcan0,600,00000000
1780709705.717132,vcan0,601,7F000000
1780709705.717250,vcan0,602,00000000
1780709705.732520,vcan0,600,00000000
1780709705.732636,vcan0,601,7F000000
1780709705.732729,vcan0,602,00000000
1780709705.748644,vcan0,600,00000000
1780709705.748772,vcan0,601,7F000000
1780709705.748847,vcan0,602,00000000
1780709705.854640,vcan0,600,00000000
1780709705.854794,vcan0,601,7F000000
1780709705.854892,vcan0,602,00000000
1780709705.854990,vcan0,603,00000000
1780709705.855107,vcan0,604,00
1780709705.855204,vcan0,605,00
1780709705.855298,vcan0,607,00
1780709705.869742,vcan0,600,00000000
1780709705.869883,vcan0,601,7F000000
1780709705.869971,vcan0,602,00000000
1780709705.885630,vcan0,600,00000000
1780709705.885744,vcan0,601,7F000000
1780709705.885814,vcan0,602,00000000
1780709705.901459,vcan0,600,00000000
1780709705.901560,vcan0,601,7F000000
1780709705.901625,vcan0,602,00000000
1780709706.007862,vcan0,600,00000000
1780709706.008015,vcan0,601,7F000000
1780709706.008112,vcan0,602,00000000
1780709706.008199,vcan0,603,00000000
1780709706.008287,vcan0,604,00
1780709706.008376,vcan0,605,00
1780709706.008486,vcan0,607,00
1780709706.023654,vcan0,600,00000000
1780709706.023773,vcan0,601,7F000000
1780709706.023863,vcan0,602,00000000
1780709706.039651,vcan0,600,00000000
1780709706.039765,vcan0,601,7F000000
1780709706.039839,vcan0,602,00000000
1780709706.055597,vcan0,600,00000000
1780709706.055714,vcan0,601,7F000000
1780709706.055787,vcan0,602,00000000
1780709706.152685,vcan0,600,00000000
1780709706.152854,vcan0,601,7F000000
1780709706.153095,vcan0,602,00000000
1780709706.153257,vcan0,603,00000000
1780709706.153376,vcan0,604,00
1780709706.153484,vcan0,605,00
1780709706.153573,vcan0,607,00
1780709706.167562,vcan0,600,00000000
1780709706.167687,vcan0,601,7F000000
1780709706.167774,vcan0,602,00000000
1780709706.183619,vcan0,600,00000000
1780709706.183750,vcan0,601,7F000000
1780709706.183838,vcan0,602,00000000
1780709706.199591,vcan0,600,00000000
1780709706.199725,vcan0,601,7F000000
1780709706.199813,vcan0,602,00000000
1780709706.299324,vcan0,600,00000000
1780709706.299531,vcan0,601,7F000000
1780709706.299651,vcan0,602,00000000
1780709706.299768,vcan0,603,00000000
1780709706.299864,vcan0,604,00
1780709706.299957,vcan0,605,00
1780709706.300057,vcan0,607,00
1780709706.314586,vcan0,600,00000000
1780709706.314709,vcan0,601,7F000000
1780709706.314781,vcan0,602,00000000
1780709706.330654,vcan0,600,00000000
1780709706.330770,vcan0,601,7F000000
1780709706.330845,vcan0,602,00000000
1780709706.346545,vcan0,600,00000000
1780709706.346662,vcan0,601,7F000000
1780709706.346733,vcan0,602,00000000
1780709706.446345,vcan0,600,00000000
1780709706.446522,vcan0,601,7F000000
1780709706.446623,vcan0,602,00000000
1780709706.446727,vcan0,603,00000000
1780709706.446822,vcan0,604,00
1780709706.446914,vcan0,605,00
1780709706.447007,vcan0,607,00
1780709706.461648,vcan0,600,00000000
1780709706.461795,vcan0,601,7F000000
1780709706.461870,vcan0,602,00000000
1780709706.477598,vcan0,600,00000000
1780709706.477705,vcan0,601,7F000000
1780709706.477775,vcan0,602,00000000
1780709706.493561,vcan0,600,00000000
1780709706.493704,vcan0,601,7F000000
1780709706.493816,vcan0,602,00000000
1780709706.597843,vcan0,600,00000000
1780709706.597993,vcan0,601,7F000000
1780709706.598095,vcan0,602,00000000
1780709706.598195,vcan0,603,00000000
1780709706.598306,vcan0,604,00
1780709706.598394,vcan0,605,00
1780709706.598524,vcan0,607,00
1780709706.611756,vcan0,600,00000000
1780709706.611920,vcan0,601,7F000000
1780709706.612032,vcan0,602,00000000
1780709706.627700,vcan0,600,00000000
1780709706.627815,vcan0,601,7F000000
1780709706.627885,vcan0,602,00000000
1780709706.643687,vcan0,600,00000000
1780709706.643795,vcan0,601,7F000000
1780709706.643868,vcan0,602,00000000
1780709706.742617,vcan0,600,00000000
1780709706.742765,vcan0,601,7F000000
1780709706.742846,vcan0,602,00000000
1780709706.742944,vcan0,603,00000000
1780709706.743061,vcan0,604,00
1780709706.743152,vcan0,605,00
1780709706.743239,vcan0,607,00
1780709706.757693,vcan0,600,00000000
1780709706.757839,vcan0,601,7F000000
1780709706.757924,vcan0,602,00000000
1780709706.773583,vcan0,600,00000000
1780709706.773713,vcan0,601,7F000000
1780709706.773796,vcan0,602,00000000
1780709706.789599,vcan0,600,00000000
1780709706.789732,vcan0,601,7F000000
1780709706.789816,vcan0,602,00000000
1780709706.891392,vcan0,600,00000000
1780709706.891613,vcan0,601,7F000000
1780709706.891731,vcan0,602,00000000
1780709706.891828,vcan0,603,00000000
1780709706.891923,vcan0,604,00
1780709706.892053,vcan0,605,00
1780709706.892149,vcan0,607,00
1780709706.906567,vcan0,600,00000000
1780709706.906685,vcan0,601,7F000000
1780709706.906758,vcan0,602,00000000
1780709706.922608,vcan0,600,00000000
1780709706.922738,vcan0,601,7F000000
1780709706.922810,vcan0,602,00000000
1780709706.938629,vcan0,600,00000000
1780709706.938747,vcan0,601,7F000000
1780709706.938823,vcan0,602,00000000
1780709707.036910,vcan0,600,00000000
1780709707.037090,vcan0,601,7F000000
1780709707.037236,vcan0,602,00000000
1780709707.037364,vcan0,603,00000000
1780709707.037433,vcan0,604,00
1780709707.037533,vcan0,605,00
1780709707.037620,vcan0,607,00
1780709707.052822,vcan0,600,00000000
1780709707.052943,vcan0,601,7F000000
1780709707.053014,vcan0,602,00000000
1780709707.068647,vcan0,600,00000000
1780709707.068753,vcan0,601,7F000000
1780709707.068829,vcan0,602,00000000
1780709707.084547,vcan0,600,00000000
1780709707.084653,vcan0,601,7F000000
1780709707.084723,vcan0,602,00000000
1780709707.183869,vcan0,600,00000000
1780709707.184006,vcan0,601,7F000000
1780709707.184084,vcan0,602,00000000
1780709707.184154,vcan0,603,00000000
1780709707.184224,vcan0,604,00
1780709707.184307,vcan0,605,00
1780709707.184377,vcan0,607,00
1780709707.199434,vcan0,600,00000000
1780709707.199555,vcan0,601,7F000000
1780709707.199627,vcan0,602,00000000
1780709707.215554,vcan0,600,00000000
1780709707.215669,vcan0,601,7F000000
1780709707.215743,vcan0,602,00000000
1780709707.231561,vcan0,600,00000000
1780709707.231678,vcan0,601,7F000000
1780709707.231751,vcan0,602,00000000
1780709707.343331,vcan0,600,00000000
1780709707.343546,vcan0,601,7F000000
1780709707.343638,vcan0,602,00000000
1780709707.343722,vcan0,603,00000000
1780709707.343809,vcan0,604,00
1780709707.343891,vcan0,605,00
1780709707.343974,vcan0,607,00
1780709707.366647,vcan0,600,00000000
1780709707.366789,vcan0,601,7F000000
1780709707.366884,vcan0,602,00000000
1780709707.383512,vcan0,600,00000000
1780709707.383647,vcan0,601,7F000000
1780709707.383724,vcan0,602,00000000
1780709707.495130,vcan0,600,00000000
1780709707.495350,vcan0,601,7F000000
1780709707.495482,vcan0,602,00000000
1780709707.495586,vcan0,603,00000000
1780709707.495685,vcan0,604,00
1780709707.495799,vcan0,605,00
1780709707.495910,vcan0,607,00
1780709707.510698,vcan0,600,00000000
1780709707.510850,vcan0,601,7F000000
1780709707.510943,vcan0,602,00000000
1780709707.526562,vcan0,600,00000000
1780709707.526685,vcan0,601,7F000000
1780709707.526769,vcan0,602,00000000
1780709707.542403,vcan0,600,00000000
1780709707.542538,vcan0,601,7F000000
1780709707.542623,vcan0,602,00000000
1780709707.644681,vcan0,600,00000000
1780709707.644862,vcan0,601,7F000000
1780709707.644953,vcan0,602,00000000
1780709707.645045,vcan0,603,00000000
1780709707.645133,vcan0,604,00
1780709707.645232,vcan0,605,00
1780709707.645342,vcan0,607,00
1780709707.659617,vcan0,600,00000000
1780709707.659741,vcan0,601,7F000000
1780709707.659829,vcan0,602,00000000
1780709707.675523,vcan0,600,00000000
1780709707.675630,vcan0,601,7F000000
1780709707.675703,vcan0,602,00000000
1780709707.691511,vcan0,600,00000000
1780709707.691614,vcan0,601,7F000000
1780709707.691684,vcan0,602,00000000
1780709707.792634,vcan0,600,00000000
1780709707.792827,vcan0,601,7F000000
1780709707.793043,vcan0,602,00000000
1780709707.793158,vcan0,603,00000000
1780709707.793266,vcan0,604,00
1780709707.793368,vcan0,605,00
1780709707.793498,vcan0,607,00
1780709707.807498,vcan0,600,00000000
1780709707.807613,vcan0,601,7F000000
1780709707.807681,vcan0,602,00000000
1780709707.823623,vcan0,600,00000000
1780709707.823746,vcan0,601,7F000000
1780709707.823819,vcan0,602,00000000
1780709707.839555,vcan0,600,00000000
1780709707.839707,vcan0,601,7F000000
1780709707.839814,vcan0,602,00000000
1780709707.940029,vcan0,600,00000000
1780709707.940215,vcan0,601,7F000000
1780709707.940312,vcan0,602,00000000
1780709707.940408,vcan0,603,00000000
1780709707.940538,vcan0,604,00
1780709707.940648,vcan0,605,00
1780709707.940733,vcan0,607,00
1780709707.953482,vcan0,600,00000000
1780709707.953613,vcan0,601,7F000000
1780709707.953700,vcan0,602,00000000
1780709707.969602,vcan0,600,00000000
1780709707.969731,vcan0,601,7F000000
1780709707.969816,vcan0,602,00000000
1780709707.984596,vcan0,600,00000000
1780709707.984722,vcan0,601,7F000000
1780709707.984805,vcan0,602,00000000
1780709708.088796,vcan0,600,00000000
1780709708.088986,vcan0,601,7F000000
1780709708.089098,vcan0,602,00000000
1780709708.089192,vcan0,603,00000000
1780709708.089293,vcan0,604,00
1780709708.089388,vcan0,605,00
1780709708.089518,vcan0,607,00
1780709708.103578,vcan0,600,00000000
1780709708.103707,vcan0,601,7F000000
1780709708.103788,vcan0,602,00000000
1780709708.119581,vcan0,600,00000000
1780709708.119719,vcan0,601,7F000000
1780709708.119810,vcan0,602,00000000
1780709708.135574,vcan0,600,00000000
1780709708.135708,vcan0,601,7F000000
1780709708.135795,vcan0,602,00000000
1780709708.233545,vcan0,600,00000000
1780709708.233907,vcan0,601,7F000000
1780709708.234033,vcan0,602,00000000
1780709708.234136,vcan0,603,00000000
1780709708.234222,vcan0,604,00
1780709708.234303,vcan0,605,00
1780709708.234398,vcan0,607,00
1780709708.248549,vcan0,600,00000000
1780709708.248697,vcan0,601,7F000000
1780709708.248785,vcan0,602,00000000
1780709708.264565,vcan0,600,00000000
1780709708.264689,vcan0,601,7F000000
1780709708.264774,vcan0,602,00000000
1780709708.280565,vcan0,600,00000000
1780709708.280685,vcan0,601,7F000000
1780709708.280769,vcan0,602,00000000
1780709708.382240,vcan0,600,00000000
1780709708.382401,vcan0,601,7F000000
1780709708.382604,vcan0,602,00000000
1780709708.383039,vcan0,603,00000000
1780709708.383123,vcan0,604,00
1780709708.383216,vcan0,605,00
1780709708.383307,vcan0,607,00
1780709708.396463,vcan0,600,00000000
1780709708.396568,vcan0,601,7F000000
1780709708.396644,vcan0,602,00000000
1780709708.412589,vcan0,600,00000000
1780709708.412695,vcan0,601,7F000000
1780709708.412769,vcan0,602,00000000
1780709708.428593,vcan0,600,00000000
1780709708.428699,vcan0,601,7F000000
1780709708.428777,vcan0,602,00000000
1780709708.530191,vcan0,600,00000000
1780709708.530332,vcan0,601,7F000000
1780709708.530417,vcan0,602,00000000
1780709708.530532,vcan0,603,00000000
1780709708.530635,vcan0,604,00
1780709708.530743,vcan0,605,00
1780709708.530826,vcan0,607,00
1780709708.543498,vcan0,600,00000000
1780709708.543632,vcan0,601,7F000000
1780709708.543717,vcan0,602,00000000
1780709708.559540,vcan0,600,00000000
1780709708.559669,vcan0,601,7F000000
1780709708.559756,vcan0,602,00000000
1780709708.575545,vcan0,600,00000000
1780709708.575670,vcan0,601,7F000000
1780709708.575760,vcan0,602,00000000
1780709708.675237,vcan0,600,00000000
1780709708.675399,vcan0,601,7F000000
1780709708.675518,vcan0,602,00000000
1780709708.675611,vcan0,603,00000000
1780709708.675694,vcan0,604,00
1780709708.675784,vcan0,605,00
1780709708.675888,vcan0,607,00
1780709708.690434,vcan0,600,00000000
1780709708.690546,vcan0,601,7F000000
1780709708.690614,vcan0,602,00000000
1780709708.706572,vcan0,600,00000000
1780709708.706691,vcan0,601,7F000000
1780709708.706762,vcan0,602,00000000
1780709708.722589,vcan0,600,00000000
1780709708.722708,vcan0,601,7F000000
1780709708.722786,vcan0,602,00000000
1780709708.821841,vcan0,600,00000000
1780709708.822025,vcan0,601,7F000000
1780709708.822128,vcan0,602,00000000
1780709708.822422,vcan0,603,00000000
1780709708.822559,vcan0,604,00
1780709708.822659,vcan0,605,00
1780709708.822748,vcan0,607,00
1780709708.836524,vcan0,600,00000000
1780709708.836642,vcan0,601,7F000000
1780709708.836731,vcan0,602,00000000
1780709708.852632,vcan0,600,00000000
1780709708.852763,vcan0,601,7F000000
1780709708.852849,vcan0,602,00000000
1780709708.868763,vcan0,600,00000000
1780709708.868899,vcan0,601,7F000000
1780709708.868984,vcan0,602,00000000
1780709708.980761,vcan0,600,00000000
1780709708.980962,vcan0,601,7F000000
1780709708.981059,vcan0,602,00000000
1780709708.981151,vcan0,603,00000000
1780709708.981261,vcan0,604,00
1780709708.981354,vcan0,605,00
1780709708.981480,vcan0,607,00
1780709708.995659,vcan0,600,00000000
1780709708.995784,vcan0,601,7F000000
1780709708.995863,vcan0,602,00000000
1780709709.011606,vcan0,600,00000000
1780709709.011713,vcan0,601,7F000000
1780709709.011778,vcan0,602,00000000
1780709709.027428,vcan0,600,00000000
1780709709.027531,vcan0,601,7F000000
1780709709.027591,vcan0,602,00000000
1780709709.147225,vcan0,600,00000000
1780709709.147386,vcan0,601,7F000000
1780709709.147473,vcan0,602,19000000
1780709709.147528,vcan0,603,00000000
1780709709.147577,vcan0,604,00
1780709709.147627,vcan0,605,00
1780709709.147678,vcan0,607,00
1780709709.162581,vcan0,600,00000000
1780709709.162675,vcan0,601,7F000000
1780709709.162728,vcan0,602,33000000
1780709709.178564,vcan0,600,00000000
1780709709.178632,vcan0,601,7F000000
1780709709.178669,vcan0,602,4C000000
1780709709.194326,vcan0,600,00000000
1780709709.194384,vcan0,601,7F000000
1780709709.194419,vcan0,602,66000000
1780709709.312854,vcan0,600,00000000
1780709709.313013,vcan0,601,7F000000
1780709709.313087,vcan0,602,7F000000
1780709709.313161,vcan0,603,00000000
1780709709.313233,vcan0,604,00
1780709709.313304,vcan0,605,00
1780709709.313385,vcan0,607,00
1780709709.328594,vcan0,600,00000000
1780709709.328675,vcan0,601,7F000000
1780709709.328721,vcan0,602,99000000
1780709709.344472,vcan0,600,00000000
1780709709.344547,vcan0,601,7F000000
1780709709.344594,vcan0,602,B2000000
1780709709.452777,vcan0,600,00000000
1780709709.452947,vcan0,601,7F000000
1780709709.453066,vcan0,602,CC000000
1780709709.453171,vcan0,603,00000000
1780709709.453284,vcan0,604,00
1780709709.453406,vcan0,605,00
1780709709.453556,vcan0,607,00
1780709709.468802,vcan0,600,00000000
1780709709.468961,vcan0,601,7F000000
1780709709.469037,vcan0,602,E5000000
1780709709.484546,vcan0,600,00000000
1780709709.484676,vcan0,601,7F000000
1780709709.484750,vcan0,602,FF000000
1780709709.500396,vcan0,600,00000000
1780709709.500539,vcan0,601,7F000000
1780709709.500612,vcan0,602,FF000000
1780709709.608640,vcan0,600,00000000
1780709709.608809,vcan0,601,7F000000
1780709709.608934,vcan0,602,FF000000
1780709709.609039,vcan0,603,00000000
1780709709.609135,vcan0,604,00
1780709709.609229,vcan0,605,00
1780709709.609323,vcan0,607,00
1780709709.623594,vcan0,600,00000000
1780709709.623716,vcan0,601,7F000000
1780709709.623800,vcan0,602,FF000000
1780709709.639625,vcan0,600,00000000
1780709709.639764,vcan0,601,7F000000
1780709709.639854,vcan0,602,FF000000
1780709709.655533,vcan0,600,00000000
1780709709.655665,vcan0,601,7F000000
1780709709.655753,vcan0,602,FF000000
1780709709.754263,vcan0,600,00000000
1780709709.754464,vcan0,601,7F000000
1780709709.754580,vcan0,602,FF000000
1780709709.754669,vcan0,603,00000000
1780709709.754761,vcan0,604,00
1780709709.754872,vcan0,605,00
1780709709.754966,vcan0,607,00
1780709709.769929,vcan0,600,00000000
1780709709.770073,vcan0,601,7F000000
1780709709.770165,vcan0,602,FF000000
1780709709.785663,vcan0,600,00000000
1780709709.785815,vcan0,601,7F000000
1780709709.785909,vcan0,602,FF000000
1780709709.801516,vcan0,600,00000000
1780709709.801630,vcan0,601,7F000000
1780709709.801702,vcan0,602,FF000000
1780709709.901724,vcan0,600,00000000
1780709709.901913,vcan0,601,7F000000
1780709709.902011,vcan0,602,FF000000
1780709709.902101,vcan0,603,00000000
1780709709.902170,vcan0,604,00
1780709709.902240,vcan0,605,00
1780709709.902324,vcan0,607,00
1780709709.917966,vcan0,600,00000000
1780709709.918144,vcan0,601,7F000000
1780709709.918248,vcan0,602,FF000000
1780709709.933615,vcan0,600,00000000
1780709709.933835,vcan0,601,7F000000
1780709709.934160,vcan0,602,FF000000
1780709709.949505,vcan0,600,00000000
1780709709.949612,vcan0,601,7F000000
1780709709.949682,vcan0,602,FF000000
1780709710.049542,vcan0,600,00000000
1780709710.049724,vcan0,601,7F000000
1780709710.049825,vcan0,602,FF000000
1780709710.049922,vcan0,603,00000000
1780709710.050024,vcan0,604,00
1780709710.050148,vcan0,605,00
1780709710.050249,vcan0,607,00
1780709710.064770,vcan0,600,00000000
1780709710.064894,vcan0,601,7F000000
1780709710.064964,vcan0,602,FF000000
1780709710.080548,vcan0,600,00000000
1780709710.080662,vcan0,601,7F000000
1780709710.080735,vcan0,602,FF000000
1780709710.096529,vcan0,600,00000000
1780709710.096644,vcan0,601,7F000000
1780709710.096713,vcan0,602,FF000000
1780709710.201654,vcan0,600,00000000
1780709710.201850,vcan0,601,7F000000
1780709710.201937,vcan0,602,FF000000
1780709710.202030,vcan0,603,00000000
1780709710.202122,vcan0,604,00
1780709710.202207,vcan0,605,00
1780709710.202284,vcan0,607,00
1780709710.216789,vcan0,600,00000000
1780709710.216916,vcan0,601,7F000000
1780709710.216991,vcan0,602,FF000000
1780709710.232514,vcan0,600,00000000
1780709710.232631,vcan0,601,7F000000
1780709710.232704,vcan0,602,FF000000
1780709710.248624,vcan0,600,00000000
1780709710.248744,vcan0,601,7F000000
1780709710.248821,vcan0,602,FF000000
1780709710.348663,vcan0,600,00000000
1780709710.348868,vcan0,601,7F000000
1780709710.348966,vcan0,602,FF000000
1780709710.349066,vcan0,603,00000000
1780709710.349163,vcan0,604,00
1780709710.349262,vcan0,605,00
1780709710.349364,vcan0,607,00
1780709710.363741,vcan0,600,00000000
1780709710.363886,vcan0,601,7F000000
1780709710.363966,vcan0,602,FF000000
1780709710.380526,vcan0,600,00000000
1780709710.380651,vcan0,601,7F000000
1780709710.380726,vcan0,602,FF000000
1780709710.396638,vcan0,600,00000000
1780709710.396763,vcan0,601,7F000000
1780709710.396856,vcan0,602,FF000000
1780709710.496257,vcan0,600,00000000
1780709710.496459,vcan0,601,7F000000
1780709710.496563,vcan0,602,FF000000
1780709710.496662,vcan0,603,00000000
1780709710.496763,vcan0,604,00
1780709710.496859,vcan0,605,00
1780709710.496966,vcan0,607,00
1780709710.511667,vcan0,600,00000000
1780709710.511784,vcan0,601,7F000000
1780709710.511854,vcan0,602,FF000000
1780709710.527570,vcan0,600,00000000
1780709710.527690,vcan0,601,7F000000
1780709710.527768,vcan0,602,FF000000
1780709710.543766,vcan0,600,00000000
1780709710.543916,vcan0,601,7F000000
1780709710.544023,vcan0,602,FF000000
1780709710.646723,vcan0,600,00000000
1780709710.646866,vcan0,601,7F000000
1780709710.646981,vcan0,602,FF000000
1780709710.647075,vcan0,603,00000000
1780709710.647167,vcan0,604,00
1780709710.647260,vcan0,605,00
1780709710.647355,vcan0,607,00
1780709710.661776,vcan0,600,00000000
1780709710.661935,vcan0,601,7F000000
1780709710.662017,vcan0,602,FF000000
1780709710.677555,vcan0,600,00000000
1780709710.677682,vcan0,601,7F000000
1780709710.677756,vcan0,602,FF000000
1780709710.693700,vcan0,600,00000000
1780709710.693827,vcan0,601,7F000000
1780709710.693905,vcan0,602,FF000000
1780709710.793496,vcan0,600,00000000
1780709710.793688,vcan0,601,7F000000
1780709710.793789,vcan0,602,FF000000
1780709710.793884,vcan0,603,00000000
1780709710.793975,vcan0,604,00
1780709710.794066,vcan0,605,00
1780709710.794167,vcan0,607,00
1780709710.808756,vcan0,600,00000000
1780709710.808890,vcan0,601,7F000000
1780709710.808966,vcan0,602,FF000000
1780709710.824563,vcan0,600,00000000
1780709710.824678,vcan0,601,7F000000
1780709710.824750,vcan0,602,FF000000
1780709710.840583,vcan0,600,00000000
1780709710.840695,vcan0,601,7F000000
1780709710.840767,vcan0,602,FF000000
1780709710.940851,vcan0,600,00000000
1780709710.941040,vcan0,601,7F000000
1780709710.941141,vcan0,602,FF000000
1780709710.941220,vcan0,603,00000000
1780709710.941298,vcan0,604,00
1780709710.941404,vcan0,605,00
1780709710.941541,vcan0,607,00
1780709710.956510,vcan0,600,00000000
1780709710.956655,vcan0,601,7F000000
1780709710.956731,vcan0,602,FF000000
1780709710.971506,vcan0,600,00000000
1780709710.971621,vcan0,601,7F000000
1780709710.971698,vcan0,602,FF000000
1780709710.987628,vcan0,600,00000000
1780709710.987759,vcan0,601,7F000000
1780709710.987831,vcan0,602,FF000000
1780709711.087291,vcan0,600,00000000
1780709711.087488,vcan0,601,7F000000
1780709711.087606,vcan0,602,FF000000
1780709711.087703,vcan0,603,00000000
1780709711.087792,vcan0,604,00
1780709711.087874,vcan0,605,00
1780709711.087966,vcan0,607,00
1780709711.102667,vcan0,600,00000000
1780709711.102834,vcan0,601,7F000000
1780709711.102932,vcan0,602,FF000000
1780709711.118694,vcan0,600,00000000
1780709711.118842,vcan0,601,7F000000
1780709711.118937,vcan0,602,FF000000
1780709711.134610,vcan0,600,00000000
1780709711.134732,vcan0,601,7F000000
1780709711.134807,vcan0,602,FF000000
1780709711.234372,vcan0,600,00000000
1780709711.234617,vcan0,601,7F000000
1780709711.234733,vcan0,602,FF000000
1780709711.234843,vcan0,603,00000000
1780709711.234966,vcan0,604,00
1780709711.235104,vcan0,605,00
1780709711.235229,vcan0,607,00
1780709711.249639,vcan0,600,00000000
1780709711.249787,vcan0,601,7F000000
1780709711.249901,vcan0,602,FF000000
1780709711.265614,vcan0,600,00000000
1780709711.265738,vcan0,601,7F000000
1780709711.265840,vcan0,602,FF000000
1780709711.281379,vcan0,600,00000000
1780709711.281515,vcan0,601,7F000000
1780709711.281589,vcan0,602,FF000000
1780709711.385635,vcan0,600,00000000
1780709711.385808,vcan0,601,72000000
1780709711.385913,vcan0,602,FF000000
1780709711.386027,vcan0,603,00000000
1780709711.386144,vcan0,604,00
1780709711.386246,vcan0,605,00
1780709711.386353,vcan0,607,00
1780709711.400642,vcan0,600,00000000
1780709711.400793,vcan0,601,72000000
1780709711.400907,vcan0,602,FF000000
1780709711.416560,vcan0,600,00000000
1780709711.416672,vcan0,601,72000000
1780709711.416749,vcan0,602,FF000000
1780709711.432418,vcan0,600,00000000
1780709711.432553,vcan0,601,72000000
1780709711.432624,vcan0,602,FF000000
1780709711.535551,vcan0,600,00000000
1780709711.535711,vcan0,601,7F000000
1780709711.535812,vcan0,602,FF000000
1780709711.535911,vcan0,603,00000000
1780709711.536011,vcan0,604,00
1780709711.536127,vcan0,605,00
1780709711.536253,vcan0,607,00
1780709711.550600,vcan0,600,00000000
1780709711.550761,vcan0,601,7F000000
1780709711.550864,vcan0,602,FF000000
1780709711.566530,vcan0,600,00000000
1780709711.566663,vcan0,601,7F000000
1780709711.566751,vcan0,602,FF000000
1780709711.582516,vcan0,600,00000000
1780709711.582641,vcan0,601,7F000000
1780709711.582736,vcan0,602,FF000000
1780709711.688311,vcan0,600,00000000
1780709711.688547,vcan0,601,7F000000
1780709711.688657,vcan0,602,FF000000
1780709711.688789,vcan0,603,00000000
1780709711.688884,vcan0,604,00
1780709711.688989,vcan0,605,00
1780709711.689085,vcan0,607,00
1780709711.703430,vcan0,600,00000000
1780709711.703549,vcan0,601,7F000000
1780709711.703618,vcan0,602,FF000000
1780709711.719543,vcan0,600,00000000
1780709711.719663,vcan0,601,7F000000
1780709711.719735,vcan0,602,FF000000
1780709711.735388,vcan0,600,00000000
1780709711.735506,vcan0,601,7F000000
1780709711.735579,vcan0,602,FF000000
1780709711.835654,vcan0,600,00000000
1780709711.835923,vcan0,601,7F000000
1780709711.836055,vcan0,602,FF000000
1780709711.836161,vcan0,603,00000000
1780709711.836265,vcan0,604,00
1780709711.836369,vcan0,605,00
1780709711.836524,vcan0,607,00
1780709711.850737,vcan0,600,00000000
1780709711.851196,vcan0,601,7F000000
1780709711.851281,vcan0,602,FF000000
1780709711.866555,vcan0,600,00000000
1780709711.866675,vcan0,601,7F000000
1780709711.866746,vcan0,602,FF000000
1780709711.882439,vcan0,600,00000000
1780709711.882574,vcan0,601,7F000000
1780709711.882655,vcan0,602,FF000000
1780709711.983705,vcan0,600,00000000
1780709711.984062,vcan0,601,72000000
1780709711.984468,vcan0,602,FF000000
1780709711.984774,vcan0,603,00000000
1780709711.984892,vcan0,604,00
1780709711.984997,vcan0,605,00
1780709711.985103,vcan0,607,00
1780709711.999509,vcan0,600,00000000
1780709711.999622,vcan0,601,72000000
1780709711.999693,vcan0,602,FF000000
1780709712.015496,vcan0,600,00000000
1780709712.015604,vcan0,601,72000000
1780709712.015674,vcan0,602,FF000000
1780709712.031393,vcan0,600,00000000
1780709712.031510,vcan0,601,72000000
1780709712.031579,vcan0,602,FF000000
1780709712.129491,vcan0,600,00000000
1780709712.129649,vcan0,601,72000000
1780709712.129752,vcan0,602,FF000000
1780709712.129859,vcan0,603,00000000
1780709712.129969,vcan0,604,00
1780709712.130093,vcan0,605,00
1780709712.130187,vcan0,607,00
1780709712.144746,vcan0,600,00000000
1780709712.144952,vcan0,601,72000000
1780709712.145060,vcan0,602,FF000000
1780709712.160657,vcan0,600,00000000
1780709712.160766,vcan0,601,72000000
1780709712.160837,vcan0,602,FF000000
1780709712.176593,vcan0,600,00000000
1780709712.176713,vcan0,601,65000000
1780709712.176789,vcan0,602,FF000000
1780709712.282407,vcan0,600,00000000
1780709712.282594,vcan0,601,65000000
1780709712.282712,vcan0,602,FF000000
1780709712.282833,vcan0,603,00000000
1780709712.282926,vcan0,604,00
1780709712.283026,vcan0,605,00
1780709712.283129,vcan0,607,00
1780709712.297869,vcan0,600,00000000
1780709712.298039,vcan0,601,65000000
1780709712.298139,vcan0,602,FF000000
1780709712.313599,vcan0,600,00000000
1780709712.313714,vcan0,601,7F000000
1780709712.313786,vcan0,602,FF000000
1780709712.329576,vcan0,600,00000000
1780709712.329692,vcan0,601,7F000000
1780709712.329769,vcan0,602,FF000000
1780709712.430281,vcan0,600,00000000
1780709712.430548,vcan0,601,7F000000
1780709712.430635,vcan0,602,FF000000
1780709712.430742,vcan0,603,00000000
1780709712.430840,vcan0,604,00
1780709712.430961,vcan0,605,00
1780709712.431073,vcan0,607,00
1780709712.445739,vcan0,600,00000000
1780709712.445973,vcan0,601,7F000000
1780709712.446067,vcan0,602,FF000000
1780709712.461648,vcan0,600,00000000
1780709712.461785,vcan0,601,7F000000
1780709712.461884,vcan0,602,FF000000
1780709712.477561,vcan0,600,00000000
1780709712.477672,vcan0,601,7F000000
1780709712.477747,vcan0,602,FF000000
1780709712.576345,vcan0,600,00000000
1780709712.576506,vcan0,601,7F000000
1780709712.576654,vcan0,602,FF000000
1780709712.576743,vcan0,603,00000000
1780709712.576818,vcan0,604,00
1780709712.576904,vcan0,605,00
1780709712.576996,vcan0,607,00
1780709712.591669,vcan0,600,00000000
1780709712.591822,vcan0,601,7F000000
1780709712.591902,vcan0,602,FF000000
1780709712.607550,vcan0,600,00000000
1780709712.607685,vcan0,601,7F000000
1780709712.607761,vcan0,602,FF000000
1780709712.623497,vcan0,600,00000000
1780709712.623636,vcan0,601,7F000000
1780709712.623711,vcan0,602,FF000000
1780709712.724850,vcan0,600,00000000
1780709712.725042,vcan0,601,72000000
1780709712.725156,vcan0,602,FF000000
1780709712.725254,vcan0,603,00000000
1780709712.725352,vcan0,604,00
1780709712.725485,vcan0,605,00
1780709712.725589,vcan0,607,00
1780709712.739608,vcan0,600,00000000
1780709712.739725,vcan0,601,72000000
1780709712.739800,vcan0,602,FF000000
1780709712.755517,vcan0,600,00000000
1780709712.755634,vcan0,601,72000000
1780709712.755707,vcan0,602,FF000000
1780709712.771467,vcan0,600,00000000
1780709712.771589,vcan0,601,72000000
1780709712.771665,vcan0,602,FF000000
1780709712.869172,vcan0,600,00000000
1780709712.869336,vcan0,601,72000000
1780709712.869467,vcan0,602,FF000000
1780709712.869601,vcan0,603,00000000
1780709712.869695,vcan0,604,00
1780709712.869793,vcan0,605,00
1780709712.869899,vcan0,607,00
1780709712.884607,vcan0,600,00000000
1780709712.884743,vcan0,601,72000000
1780709712.884820,vcan0,602,FF000000
1780709712.900502,vcan0,600,00000000
1780709712.900633,vcan0,601,72000000
1780709712.900709,vcan0,602,FF000000
1780709712.916456,vcan0,600,00000000
1780709712.916582,vcan0,601,72000000
1780709712.916653,vcan0,602,FF000000
1780709713.013547,vcan0,600,00000000
1780709713.013740,vcan0,601,65000000
1780709713.013858,vcan0,602,FF000000
1780709713.013962,vcan0,603,00000000
1780709713.014068,vcan0,604,00
1780709713.014209,vcan0,605,00
1780709713.014332,vcan0,607,00
1780709713.028745,vcan0,600,00000000
1780709713.028871,vcan0,601,65000000
1780709713.028948,vcan0,602,FF000000
1780709713.044478,vcan0,600,00000000
1780709713.044588,vcan0,601,65000000
1780709713.044660,vcan0,602,FF000000
1780709713.060471,vcan0,600,00000000
1780709713.060577,vcan0,601,65000000
1780709713.060648,vcan0,602,FF000000
1780709713.159720,vcan0,600,00000000
1780709713.159896,vcan0,601,59000000
1780709713.160004,vcan0,602,FF000000
1780709713.160103,vcan0,603,00000000
1780709713.160195,vcan0,604,00
1780709713.160290,vcan0,605,00
1780709713.160415,vcan0,607,00
1780709713.174604,vcan0,600,00000000
1780709713.174793,vcan0,601,59000000
1780709713.174871,vcan0,602,FF000000
1780709713.190472,vcan0,600,00000000
1780709713.190581,vcan0,601,59000000
1780709713.190728,vcan0,602,FF000000
1780709713.206485,vcan0,600,00000000
1780709713.206600,vcan0,601,59000000
1780709713.206757,vcan0,602,FF000000
1780709713.297640,vcan0,600,00000000
1780709713.297852,vcan0,601,59000000
1780709713.297956,vcan0,602,FF000000
1780709713.298055,vcan0,603,00000000
1780709713.298131,vcan0,604,00
1780709713.298222,vcan0,605,00
1780709713.298307,vcan0,607,00
1780709713.312641,vcan0,600,00000000
1780709713.312752,vcan0,601,59000000
1780709713.312824,vcan0,602,FF000000
1780709713.328486,vcan0,600,00000000
1780709713.328595,vcan0,601,4C000000
1780709713.328666,vcan0,602,FF000000
1780709713.344475,vcan0,600,00000000
1780709713.344581,vcan0,601,4C000000
1780709713.344648,vcan0,602,FF000000
1780709713.430068,vcan0,600,00000000
1780709713.430237,vcan0,601,4C000000
1780709713.430334,vcan0,602,FF000000
1780709713.430432,vcan0,603,00000000
1780709713.430562,vcan0,604,00
1780709713.430670,vcan0,605,00
1780709713.431078,vcan0,607,00
1780709713.445626,vcan0,600,00000000
1780709713.445753,vcan0,601,4C000000
1780709713.445827,vcan0,602,FF000000
1780709713.461561,vcan0,600,00000000
1780709713.461678,vcan0,601,4C000000
1780709713.461753,vcan0,602,FF000000
1780709713.477629,vcan0,600,00000000
1780709713.477745,vcan0,601,4C000000
1780709713.477820,vcan0,602,FF000000
1780709713.549757,vcan0,600,00000000
1780709713.549934,vcan0,601,3F000000
1780709713.550042,vcan0,602,FF000000
1780709713.550166,vcan0,603,00000000
1780709713.550273,vcan0,604,00
1780709713.550388,vcan0,605,00
1780709713.550524,vcan0,607,00
1780709713.564683,vcan0,600,00000000
1780709713.564820,vcan0,601,3F000000
1780709713.564895,vcan0,602,FF000000
1780709713.580496,vcan0,600,00000000
1780709713.580622,vcan0,601,3F000000
1780709713.580695,vcan0,602,FF000000
1780709713.596592,vcan0,600,00000000
1780709713.596738,vcan0,601,3F000000
1780709713.596842,vcan0,602,FF000000
1780709713.662265,vcan0,600,00000000
1780709713.662426,vcan0,601,3F000000
1780709713.662571,vcan0,602,FF000000
1780709713.662671,vcan0,603,00000000
1780709713.662767,vcan0,604,00
1780709713.662911,vcan0,605,00
1780709713.663029,vcan0,607,00
1780709713.677697,vcan0,600,00000000
1780709713.677827,vcan0,601,3F000000
1780709713.677899,vcan0,602,FF000000
1780709713.693519,vcan0,600,00000000
1780709713.693624,vcan0,601,3F000000
1780709713.693697,vcan0,602,FF000000
1780709713.709584,vcan0,600,00000000
1780709713.709700,vcan0,601,3F000000
1780709713.709771,vcan0,602,FF000000
1780709713.762568,vcan0,600,00000000
1780709713.762741,vcan0,601,32000000
1780709713.762839,vcan0,602,FF000000
1780709713.762941,vcan0,603,00000000
1780709713.763045,vcan0,604,00
1780709713.763139,vcan0,605,00
1780709713.763234,vcan0,607,00
1780709713.777673,vcan0,600,00000000
1780709713.777805,vcan0,601,32000000
1780709713.777882,vcan0,602,FF000000
1780709713.793458,vcan0,600,00000000
1780709713.793562,vcan0,601,32000000
1780709713.793671,vcan0,602,FF000000
1780709713.809672,vcan0,600,00000000
1780709713.809816,vcan0,601,32000000
1780709713.809894,vcan0,602,FF000000
1780709713.850891,vcan0,600,00000000
1780709713.851149,vcan0,601,32000000
1780709713.851265,vcan0,602,FF000000
1780709713.851394,vcan0,603,00000000
1780709713.851517,vcan0,604,00
1780709713.851616,vcan0,605,00
1780709713.866705,vcan0,600,00000000
1780709713.866820,vcan0,601,32000000
1780709713.866892,vcan0,602,FF000000
1780709713.866970,vcan0,607,00
1780709713.882545,vcan0,600,00000000
1780709713.882663,vcan0,601,32000000
1780709713.882737,vcan0,602,FF000000
1780709713.898625,vcan0,600,00000000
1780709713.898755,vcan0,601,32000000
1780709713.898832,vcan0,602,FF000000
1780709713.928717,vcan0,600,00000000
1780709713.928909,vcan0,601,26000000
1780709713.929017,vcan0,602,FF000000
1780709713.929157,vcan0,603,00000000
1780709713.929260,vcan0,604,00
1780709713.929374,vcan0,605,00
1780709713.943506,vcan0,600,00000000
1780709713.943626,vcan0,601,26000000
1780709713.943696,vcan0,602,FF000000
1780709713.959648,vcan0,600,00000000
1780709713.959759,vcan0,601,26000000
1780709713.959831,vcan0,602,FF000000
1780709713.974493,vcan0,600,00000000
1780709713.974617,vcan0,601,26000000
1780709713.974695,vcan0,602,FF000000
1780709713.974766,vcan0,607,00
1780709714.004823,vcan0,600,00000000
1780709714.004972,vcan0,601,7F000000
1780709714.005046,vcan0,602,FF000000
1780709714.005131,vcan0,603,00000000
1780709714.005202,vcan0,604,00
1780709714.005291,vcan0,605,00
1780709714.019468,vcan0,600,00000000
1780709714.019597,vcan0,601,7F000000
1780709714.019691,vcan0,602,FF000000
1780709714.035646,vcan0,600,00000000
1780709714.035776,vcan0,601,7F000000
1780709714.035857,vcan0,602,FF000000
1780709714.051408,vcan0,600,00000000
1780709714.051548,vcan0,601,7F000000
1780709714.051625,vcan0,602,FF000000
1780709714.080966,vcan0,600,00000000
1780709714.081105,vcan0,601,7F000000
1780709714.081183,vcan0,602,FF000000
1780709714.081283,vcan0,603,00000000
1780709714.081403,vcan0,604,00
1780709714.081520,vcan0,605,00
1780709714.081625,vcan0,607,00
1780709714.096560,vcan0,600,00000000
1780709714.096705,vcan0,601,7F000000
1780709714.096781,vcan0,602,FF000000
1780709714.112559,vcan0,600,00000000
1780709714.112693,vcan0,601,7F000000
1780709714.112767,vcan0,602,FF000000
1780709714.128466,vcan0,600,00000000
1780709714.128604,vcan0,601,7F000000
1780709714.128720,vcan0,602,FF000000
1780709714.156545,vcan0,600,00000000
1780709714.156744,vcan0,601,7F000000
1780709714.156837,vcan0,602,FF000000
1780709714.156916,vcan0,603,00000000
1780709714.156988,vcan0,604,00
1780709714.157056,vcan0,605,00
1780709714.171566,vcan0,600,00000000
1780709714.171699,vcan0,601,7F000000
1780709714.171770,vcan0,602,FF000000
1780709714.187543,vcan0,600,00000000
1780709714.187669,vcan0,601,7F000000
1780709714.187742,vcan0,602,FF000000
1780709714.187816,vcan0,607,00
1780709714.203635,vcan0,600,00000000
1780709714.203774,vcan0,601,7F000000
1780709714.203848,vcan0,602,FF000000
1780709714.231484,vcan0,600,00000000
1780709714.231659,vcan0,601,7F000000
1780709714.231768,vcan0,602,FF000000
1780709714.231856,vcan0,603,00000000
1780709714.231950,vcan0,604,00
1780709714.232045,vcan0,605,00
1780709714.246569,vcan0,600,00000000
1780709714.246716,vcan0,601,7F000000
1780709714.246827,vcan0,602,FF000000
1780709714.262428,vcan0,600,00000000
1780709714.262575,vcan0,601,7F000000
1780709714.262676,vcan0,602,FF000000
1780709714.278494,vcan0,600,00000000
1780709714.278641,vcan0,601,7F000000
1780709714.278754,vcan0,602,FF000000
1780709714.310994,vcan0,600,00000000
1780709714.311233,vcan0,601,8C000000
1780709714.311347,vcan0,602,FF000000
1780709714.311460,vcan0,603,00000000
1780709714.311566,vcan0,604,00
1780709714.311672,vcan0,605,00
1780709714.311777,vcan0,607,00
1780709714.325654,vcan0,600,00000000
1780709714.325809,vcan0,601,8C000000
1780709714.325911,vcan0,602,FF000000
1780709714.341483,vcan0,600,00000000
1780709714.341626,vcan0,601,8C000000
1780709714.341726,vcan0,602,FF000000
1780709714.357583,vcan0,600,00000000
1780709714.357695,vcan0,601,8C000000
1780709714.357768,vcan0,602,FF000000
1780709714.391661,vcan0,600,00000000
1780709714.391851,vcan0,601,8C000000
1780709714.391966,vcan0,602,FF000000
1780709714.392071,vcan0,603,00000000
1780709714.392190,vcan0,604,00
1780709714.392289,vcan0,605,00
1780709714.406516,vcan0,600,00000000
1780709714.406655,vcan0,601,8C000000
1780709714.406755,vcan0,602,FF000000
1780709714.422349,vcan0,600,00000000
1780709714.422463,vcan0,601,8C000000
1780709714.422555,vcan0,602,FF000000
1780709714.422630,vcan0,607,00
1780709714.438573,vcan0,600,00000000
1780709714.438679,vcan0,601,8C000000
1780709714.438774,vcan0,602,FF000000
1780709714.472588,vcan0,600,00000000
1780709714.472698,vcan0,601,8C000000
1780709714.472763,vcan0,602,FF000000
1780709714.472824,vcan0,603,00000000
1780709714.472879,vcan0,604,00
1780709714.472934,vcan0,605,00
1780709714.487289,vcan0,600,00000000
1780709714.487350,vcan0,601,8C000000
1780709714.487387,vcan0,602,FF000000
1780709714.503272,vcan0,600,00000000
1780709714.503330,vcan0,601,99000000
1780709714.503371,vcan0,602,FF000000
1780709714.519460,vcan0,600,00000000
1780709714.519551,vcan0,601,99000000
1780709714.519601,vcan0,602,FF000000
1780709714.553053,vcan0,600,00000000
1780709714.553204,vcan0,601,99000000
1780709714.553279,vcan0,602,FF000000
1780709714.553356,vcan0,603,00000000
1780709714.553414,vcan0,604,00
1780709714.553492,vcan0,605,00
1780709714.553554,vcan0,607,00
1780709714.568373,vcan0,600,00000000
1780709714.568450,vcan0,601,99000000
1780709714.568493,vcan0,602,FF000000
1780709714.584285,vcan0,600,00000000
1780709714.584338,vcan0,601,99000000
1780709714.584371,vcan0,602,FF000000
1780709714.633974,vcan0,600,00000000
1780709714.634131,vcan0,601,99000000
1780709714.634249,vcan0,602,FF000000
1780709714.634370,vcan0,603,00000000
1780709714.634505,vcan0,604,00
1780709714.634626,vcan0,605,00
1780709714.649288,vcan0,600,00000000
1780709714.649340,vcan0,601,99000000
1780709714.649373,vcan0,602,FF000000
1780709714.665243,vcan0,600,00000000
1780709714.665292,vcan0,601,99000000
1780709714.665323,vcan0,602,FF000000
1780709714.665356,vcan0,607,00
1780709714.725151,vcan0,600,00000000
1780709714.725275,vcan0,601,A5000000
1780709714.725346,vcan0,602,FF000000
1780709714.725427,vcan0,603,00000000
1780709714.725549,vcan0,604,00
1780709714.725619,vcan0,605,00
1780709714.740435,vcan0,600,00000000
1780709714.740555,vcan0,601,A5000000
1780709714.740591,vcan0,602,FF000000
1780709714.756410,vcan0,600,00000000
1780709714.756484,vcan0,601,A5000000
1780709714.756514,vcan0,602,FF000000
1780709714.807129,vcan0,600,00000000
1780709714.807264,vcan0,601,A5000000
1780709714.807365,vcan0,602,FF000000
1780709714.807483,vcan0,603,00000000
1780709714.807582,vcan0,604,00
1780709714.807679,vcan0,605,00
1780709714.807776,vcan0,607,00
1780709714.822888,vcan0,600,00000000
1780709714.823057,vcan0,601,A5000000
1780709714.823157,vcan0,602,FF000000
1780709714.838389,vcan0,600,00000000
1780709714.838530,vcan0,601,A5000000
1780709714.838613,vcan0,602,FF000000
1780709714.854624,vcan0,600,00000000
1780709714.854739,vcan0,601,A5000000
1780709714.854813,vcan0,602,FF000000
1780709714.888762,vcan0,600,00000000
1780709714.888955,vcan0,601,B2000000
1780709714.889074,vcan0,602,FF000000
1780709714.889185,vcan0,603,00000000
1780709714.889367,vcan0,604,00
1780709714.889550,vcan0,605,00
1780709714.904470,vcan0,600,00000000
1780709714.904605,vcan0,601,B2000000
1780709714.904676,vcan0,602,FF000000
1780709714.920427,vcan0,600,00000000
1780709714.920589,vcan0,601,B2000000
1780709714.920675,vcan0,602,FF000000
1780709714.920759,vcan0,607,00
1780709714.936537,vcan0,600,00000000
1780709714.936647,vcan0,601,B2000000
1780709714.936717,vcan0,602,FF000000
1780709714.968635,vcan0,600,00000000
1780709714.968948,vcan0,601,B2000000
1780709714.969056,vcan0,602,FF000000
1780709714.969165,vcan0,603,00000000
1780709714.969273,vcan0,604,00
1780709714.969375,vcan0,605,00
1780709714.982717,vcan0,600,00000000
1780709714.982894,vcan0,601,B2000000
1780709714.982992,vcan0,602,FF000000
1780709714.998356,vcan0,600,00000000
1780709714.998469,vcan0,601,B2000000
1780709714.998545,vcan0,602,FF000000
1780709715.014705,vcan0,600,00000000
1780709715.014916,vcan0,601,B2000000
1780709715.015030,vcan0,602,FF000000
1780709715.049903,vcan0,600,00000000
1780709715.050034,vcan0,601,B2000000
1780709715.050134,vcan0,602,FF000000
1780709715.050244,vcan0,603,00000000
1780709715.050345,vcan0,604,00
1780709715.050491,vcan0,605,00
1780709715.050615,vcan0,607,00
1780709715.065468,vcan0,600,00000000
1780709715.065596,vcan0,601,B2000000
1780709715.065683,vcan0,602,FF000000
1780709715.081351,vcan0,600,00000000
1780709715.081480,vcan0,601,B2000000
1780709715.081568,vcan0,602,FF000000
1780709715.097704,vcan0,600,00000000
1780709715.097834,vcan0,601,BF000000
1780709715.097921,vcan0,602,FF000000
1780709715.131208,vcan0,600,00000000
1780709715.131432,vcan0,601,BF000000
1780709715.131575,vcan0,602,FF000000
1780709715.131699,vcan0,603,00000000
1780709715.131842,vcan0,604,00
1780709715.131941,vcan0,605,00
1780709715.146351,vcan0,600,00000000
1780709715.146492,vcan0,601,BF000000
1780709715.146582,vcan0,602,FF000000
1780709715.162534,vcan0,600,00000000
1780709715.162662,vcan0,601,BF000000
1780709715.162752,vcan0,602,FF000000
1780709715.162856,vcan0,607,00
1780709715.178510,vcan0,600,00000000
1780709715.178630,vcan0,601,BF000000
1780709715.178716,vcan0,602,FF000000
1780709715.210889,vcan0,600,00000000
1780709715.211080,vcan0,601,BF000000
1780709715.211174,vcan0,602,FF000000
1780709715.211266,vcan0,603,00000000
1780709715.211354,vcan0,604,00
1780709715.211440,vcan0,605,00
1780709715.226464,vcan0,600,00000000
1780709715.226607,vcan0,601,BF000000
1780709715.226697,vcan0,602,FF000000
1780709715.242325,vcan0,600,00000000
1780709715.242437,vcan0,601,BF000000
1780709715.242535,vcan0,602,FF000000
1780709715.258648,vcan0,600,00000000
1780709715.258783,vcan0,601,BF000000
1780709715.258887,vcan0,602,FF000000
1780709715.293543,vcan0,600,00000000
1780709715.293763,vcan0,601,CC000000
1780709715.293878,vcan0,602,FF000000
1780709715.293968,vcan0,603,00000000
1780709715.294057,vcan0,604,00
1780709715.294152,vcan0,605,00
1780709715.294239,vcan0,607,00
1780709715.308455,vcan0,600,00000000
1780709715.308562,vcan0,601,CC000000
1780709715.308633,vcan0,602,FF000000
1780709715.324420,vcan0,600,00000000
1780709715.324539,vcan0,601,CC000000
1780709715.324617,vcan0,602,FF000000
1780709715.340668,vcan0,600,00000000
1780709715.340791,vcan0,601,CC000000
1780709715.340865,vcan0,602,FF000000
1780709715.375372,vcan0,600,00000000
1780709715.375572,vcan0,601,7F000000
1780709715.375685,vcan0,602,FF000000
1780709715.375776,vcan0,603,00000000
1780709715.375873,vcan0,604,00
1780709715.375963,vcan0,605,00
1780709715.390468,vcan0,600,00000000
1780709715.390655,vcan0,601,7F000000
1780709715.390757,vcan0,602,FF000000
1780709715.406350,vcan0,600,00000000
1780709715.406463,vcan0,601,7F000000
1780709715.406540,vcan0,602,FF000000
1780709715.406614,vcan0,607,00
1780709715.422645,vcan0,600,00000000
1780709715.422764,vcan0,601,7F000000
1780709715.422838,vcan0,602,00000000
1780709715.456246,vcan0,600,00000000
1780709715.456514,vcan0,601,7F000000
1780709715.456629,vcan0,602,00000000
1780709715.456827,vcan0,603,00000000
1780709715.456946,vcan0,604,00
1780709715.457046,vcan0,605,00
1780709715.471356,vcan0,600,00000000
1780709715.471495,vcan0,601,7F000000
1780709715.471576,vcan0,602,00000000
1780709715.487358,vcan0,600,00000000
1780709715.487483,vcan0,601,7F000000
1780709715.487566,vcan0,602,00000000
1780709715.503512,vcan0,600,00000000
1780709715.503626,vcan0,601,7F000000
1780709715.503705,vcan0,602,00000000
1780709715.538837,vcan0,600,00000000
1780709715.539005,vcan0,601,7F000000
1780709715.539111,vcan0,602,00000000
1780709715.539213,vcan0,603,00000000
1780709715.539305,vcan0,604,00
1780709715.539380,vcan0,605,00
1780709715.539480,vcan0,607,00
1780709715.553403,vcan0,600,00000000
1780709715.553565,vcan0,601,7F000000
1780709715.553670,vcan0,602,00000000
1780709715.569479,vcan0,600,00000000
1780709715.569623,vcan0,601,7F000000
1780709715.569714,vcan0,602,00000000
1780709715.585793,vcan0,600,00000000
1780709715.585959,vcan0,601,7F000000
1780709715.586058,vcan0,602,00000000
1780709715.621907,vcan0,600,00000000
1780709715.622059,vcan0,601,7F000000
1780709715.622156,vcan0,602,00000000
1780709715.622249,vcan0,603,00000000
1780709715.622345,vcan0,604,00
1780709715.622508,vcan0,605,00
1780709715.637393,vcan0,600,00000000
1780709715.637630,vcan0,601,7F000000
1780709715.637721,vcan0,602,00000000
1780709715.653340,vcan0,600,00000000
1780709715.653475,vcan0,601,7F000000
1780709715.653563,vcan0,602,00000000
1780709715.653650,vcan0,607,00
1780709715.669535,vcan0,600,00000000
1780709715.669660,vcan0,601,7F000000
1780709715.669747,vcan0,602,00000000
1780709715.704094,vcan0,600,00000000
1780709715.704241,vcan0,601,7F000000
1780709715.704350,vcan0,602,00000000
1780709715.704480,vcan0,603,00000000
1780709715.704619,vcan0,604,00
1780709715.704711,vcan0,605,00
1780709715.719534,vcan0,600,00000000
1780709715.719663,vcan0,601,7F000000
1780709715.719734,vcan0,602,00000000
1780709715.735367,vcan0,600,00000000
1780709715.735502,vcan0,601,7F000000
1780709715.735576,vcan0,602,00000000
1780709715.751587,vcan0,600,00000000
1780709715.751711,vcan0,601,7F000000
1780709715.751784,vcan0,602,00000000
1780709715.785178,vcan0,600,00000000
1780709715.785584,vcan0,601,7F000000
1780709715.785771,vcan0,602,00000000
1780709715.785895,vcan0,603,00000000
1780709715.786019,vcan0,604,00
1780709715.786143,vcan0,605,00
1780709715.786246,vcan0,607,00
1780709715.800355,vcan0,600,00000000
1780709715.800487,vcan0,601,7F000000
1780709715.800565,vcan0,602,00000000
1780709715.816353,vcan0,600,00000000
1780709715.816480,vcan0,601,7F000000
1780709715.816560,vcan0,602,00000000
1780709715.832522,vcan0,600,00000000
1780709715.832644,vcan0,601,7F000000
1780709715.832727,vcan0,602,00000000
1780709715.866568,vcan0,600,00000000
1780709715.866698,vcan0,601,7F000000
1780709715.866809,vcan0,602,19000000
1780709715.866901,vcan0,603,00000000
1780709715.866990,vcan0,604,00
1780709715.867078,vcan0,605,00
1780709715.881551,vcan0,600,00000000
1780709715.881691,vcan0,601,7F000000
1780709715.881765,vcan0,602,33000000
1780709715.897348,vcan0,600,00000000
1780709715.897506,vcan0,601,7F000000
1780709715.897591,vcan0,602,4C000000
1780709715.897666,vcan0,607,00
1780709715.913541,vcan0,600,00000000
1780709715.913667,vcan0,601,7F000000
1780709715.913747,vcan0,602,66000000
1780709715.947414,vcan0,600,00000000
1780709715.947632,vcan0,601,7F000000
1780709715.947750,vcan0,602,7F000000
1780709715.947873,vcan0,603,00000000
1780709715.947995,vcan0,604,00
1780709715.948133,vcan0,605,00
1780709715.962367,vcan0,600,00000000
1780709715.962500,vcan0,601,7F000000
1780709715.962580,vcan0,602,99000000
1780709715.977328,vcan0,600,00000000
1780709715.977438,vcan0,601,7F000000
1780709715.977553,vcan0,602,B2000000
1780709715.993539,vcan0,600,00000000
1780709715.993645,vcan0,601,7F000000
1780709715.993720,vcan0,602,CC000000
1780709716.026590,vcan0,600,00000000
1780709716.026758,vcan0,601,7F000000
1780709716.026858,vcan0,602,E5000000
1780709716.026955,vcan0,603,00000000
1780709716.027046,vcan0,604,00
1780709716.027135,vcan0,605,00
1780709716.027238,vcan0,607,00
1780709716.042345,vcan0,600,00000000
1780709716.042458,vcan0,601,7F000000
1780709716.042557,vcan0,602,FF000000
1780709716.058497,vcan0,600,00000000
1780709716.058617,vcan0,601,7F000000
1780709716.058699,vcan0,602,FF000000
1780709716.074423,vcan0,600,00000000
1780709716.074548,vcan0,601,7F000000
1780709716.074621,vcan0,602,FF000000
1780709716.107300,vcan0,600,00000000
1780709716.107432,vcan0,601,7F000000
1780709716.107544,vcan0,602,FF000000
1780709716.107638,vcan0,603,00000000
1780709716.107707,vcan0,604,00
1780709716.107775,vcan0,605,00
1780709716.122386,vcan0,600,00000000
1780709716.122523,vcan0,601,7F000000
1780709716.122596,vcan0,602,00000000
1780709716.138350,vcan0,600,00000000
1780709716.138475,vcan0,601,7F000000
1780709716.138562,vcan0,602,00000000
1780709716.138635,vcan0,607,00
1780709716.154512,vcan0,600,00000000
1780709716.154616,vcan0,601,7F000000
1780709716.154696,vcan0,602,00000000
1780709716.187998,vcan0,600,00000000
1780709716.188215,vcan0,601,7F000000
1780709716.188334,vcan0,602,00000000
1780709716.188491,vcan0,603,00000000
1780709716.188602,vcan0,604,00
1780709716.188715,vcan0,605,00
1780709716.203344,vcan0,600,00000000
1780709716.203461,vcan0,601,7F000000
1780709716.203534,vcan0,602,00000000
1780709716.219358,vcan0,600,00000000
1780709716.219476,vcan0,601,7F000000
1780709716.219564,vcan0,602,00000000
1780709716.235453,vcan0,600,00000000
1780709716.235572,vcan0,601,7F000000
1780709716.235644,vcan0,602,00000000
1780709716.269149,vcan0,600,00000000
1780709716.269280,vcan0,601,7F000000
1780709716.269372,vcan0,602,00000000
1780709716.269484,vcan0,603,00000000
1780709716.269557,vcan0,604,00
1780709716.269629,vcan0,605,00
1780709716.269699,vcan0,607,00
1780709716.284555,vcan0,600,00000000
1780709716.284679,vcan0,601,7F000000
1780709716.284753,vcan0,602,00000000
1780709716.300356,vcan0,600,00000000
1780709716.300481,vcan0,601,7F000000
1780709716.300568,vcan0,602,00000000
1780709716.316521,vcan0,600,00000000
1780709716.316630,vcan0,601,7F000000
1780709716.316708,vcan0,602,00000000
1780709716.352065,vcan0,600,00000000
1780709716.352219,vcan0,601,7F000000
1780709716.352320,vcan0,602,00000000
1780709716.352429,vcan0,603,00000000
1780709716.352551,vcan0,604,00
1780709716.352672,vcan0,605,00
1780709716.367484,vcan0,600,00000000
1780709716.367610,vcan0,601,7F000000
1780709716.367706,vcan0,602,00000000
1780709716.384420,vcan0,600,00000000
1780709716.384576,vcan0,601,7F000000
1780709716.384677,vcan0,602,00000000
1780709716.384771,vcan0,607,00
1780709716.400518,vcan0,600,00000000
1780709716.400656,vcan0,601,7F000000
1780709716.400747,vcan0,602,00000000
1780709716.438004,vcan0,600,00000000
1780709716.438146,vcan0,601,7F000000
1780709716.438260,vcan0,602,00000000
1780709716.438349,vcan0,603,00000000
1780709716.438437,vcan0,604,00
1780709716.438555,vcan0,605,00
1780709716.453421,vcan0,600,00000000
1780709716.453598,vcan0,601,7F000000
1780709716.453682,vcan0,602,00000000
1780709716.469388,vcan0,600,00000000
1780709716.469544,vcan0,601,7F000000
1780709716.469624,vcan0,602,00000000
1780709716.485523,vcan0,600,00000000
1780709716.485641,vcan0,601,7F000000
1780709716.485716,vcan0,602,00000000
1780709716.485794,vcan0,607,00
1780709716.522791,vcan0,600,00000000
1780709716.522970,vcan0,601,7F000000
1780709716.523073,vcan0,602,00000000
1780709716.523178,vcan0,603,00000000
1780709716.523273,vcan0,604,00
1780709716.523369,vcan0,605,00
1780709716.538546,vcan0,600,00000000
1780709716.538687,vcan0,601,7F000000
1780709716.538763,vcan0,602,00000000
1780709716.554347,vcan0,600,00000000
1780709716.554478,vcan0,601,7F000000
1780709716.554556,vcan0,602,00000000
1780709716.570500,vcan0,600,00000000
1780709716.570648,vcan0,601,7F000000
1780709716.570771,vcan0,602,00000000
1780709716.604015,vcan0,600,00000000
1780709716.604910,vcan0,601,7F000000
1780709716.605061,vcan0,602,00000000
1780709716.605161,vcan0,603,00000000
1780709716.605248,vcan0,604,00
1780709716.605324,vcan0,605,00
1780709716.605415,vcan0,607,00
1780709716.619513,vcan0,60D,40000000
1780709716.619645,vcan0,600,00000000
1780709716.619720,vcan0,601,7F000000
1780709716.619785,vcan0,602,00000000
1780709716.635391,vcan0,600,00000000
1780709716.635527,vcan0,601,7F000000
1780709716.635606,vcan0,602,00000000
1780709716.651466,vcan0,600,00000000
1780709716.651612,vcan0,601,7F000000
1780709716.651728,vcan0,602,00000000
1780709716.683793,vcan0,600,00000000
1780709716.684021,vcan0,601,7F000000
1780709716.684148,vcan0,602,00000000
1780709716.684371,vcan0,604,01
1780709716.684493,vcan0,605,00
1780709716.699376,vcan0,600,00000000
1780709716.699528,vcan0,601,7F000000
1780709716.699603,vcan0,602,00000000
1780709716.715506,vcan0,600,00000000
1780709716.715633,vcan0,601,7F000000
1780709716.715713,vcan0,602,00000000
1780709716.715789,vcan0,607,00
1780709716.757949,vcan0,600,00000000
1780709716.758091,vcan0,601,7F000000
1780709716.758205,vcan0,602,00000000
1780709716.758364,vcan0,604,01
1780709716.758502,vcan0,605,00
1780709716.773741,vcan0,600,00000000
1780709716.773871,vcan0,601,7F000000
1780709716.773957,vcan0,602,00000000
1780709716.789502,vcan0,600,00000000
1780709716.789632,vcan0,601,7F000000
1780709716.789707,vcan0,602,00000000
1780709716.805402,vcan0,600,00000000
1780709716.805557,vcan0,601,7F000000
1780709716.805671,vcan0,602,00000000
1780709716.844358,vcan0,600,00000000
1780709716.844587,vcan0,601,7F000000
1780709716.844683,vcan0,602,00000000
1780709716.844859,vcan0,604,01
1780709716.844955,vcan0,605,00
1780709716.845046,vcan0,607,00
1780709716.859374,vcan0,600,00000000
1780709716.859500,vcan0,601,7F000000
1780709716.859580,vcan0,602,00000000
1780709716.875335,vcan0,600,00000000
1780709716.875432,vcan0,601,7F000000
1780709716.875529,vcan0,602,00000000
1780709716.891469,vcan0,600,00000000
1780709716.891578,vcan0,601,7F000000
1780709716.891649,vcan0,602,00000000
1780709716.925211,vcan0,600,00000000
1780709716.925370,vcan0,601,7F000000
1780709716.925498,vcan0,602,00000000
1780709716.925693,vcan0,604,01
1780709716.925792,vcan0,605,00
1780709716.940368,vcan0,600,00000000
1780709716.940514,vcan0,601,7F000000
1780709716.940602,vcan0,602,00000000
1780709716.956385,vcan0,600,00000000
1780709716.956539,vcan0,601,7F000000
1780709716.956629,vcan0,602,00000000
1780709716.956734,vcan0,607,00
1780709716.971540,vcan0,600,00000000
1780709716.971682,vcan0,601,7F000000
1780709716.971775,vcan0,602,00000000
1780709717.005566,vcan0,600,00000000
1780709717.005770,vcan0,601,7F000000
1780709717.005894,vcan0,602,00000000
1780709717.006136,vcan0,604,01
1780709717.006259,vcan0,605,00
1780709717.020359,vcan0,600,00000000
1780709717.020486,vcan0,601,7F000000
1780709717.020565,vcan0,602,00000000
1780709717.036483,vcan0,600,00000000
1780709717.036609,vcan0,601,7F000000
1780709717.036682,vcan0,602,00000000
1780709717.052435,vcan0,600,00000000
1780709717.052577,vcan0,601,7F000000
1780709717.052652,vcan0,602,00000000
1780709717.085554,vcan0,600,00000000
1780709717.085711,vcan0,601,7F000000
1780709717.085812,vcan0,602,00000000
1780709717.085972,vcan0,604,01
1780709717.086060,vcan0,605,00
1780709717.086151,vcan0,607,00
1780709717.100381,vcan0,600,00000000
1780709717.100520,vcan0,601,7F000000
1780709717.100600,vcan0,602,00000000
1780709717.116440,vcan0,600,00000000
1780709717.116582,vcan0,601,7F000000
1780709717.116658,vcan0,602,00000000
1780709717.132431,vcan0,600,00000000
1780709717.132556,vcan0,601,7F000000
1780709717.132631,vcan0,602,00000000
1780709717.166168,vcan0,600,00000000
1780709717.166354,vcan0,601,7F000000
1780709717.166476,vcan0,602,00000000
1780709717.166638,vcan0,604,01
1780709717.166734,vcan0,605,00
1780709717.181462,vcan0,600,00000000
1780709717.181609,vcan0,601,7F000000
1780709717.181720,vcan0,602,00000000
1780709717.197336,vcan0,600,00000000
1780709717.197434,vcan0,601,7F000000
1780709717.197539,vcan0,602,00000000
1780709717.197611,vcan0,607,00
1780709717.213472,vcan0,600,00000000
1780709717.213589,vcan0,601,7F000000
1780709717.213667,vcan0,602,00000000
1780709717.247171,vcan0,600,00000000
1780709717.247537,vcan0,601,7F000000
1780709717.247631,vcan0,602,00000000
1780709717.247755,vcan0,604,01
1780709717.247854,vcan0,605,00
1780709717.262354,vcan0,600,00000000
1780709717.262467,vcan0,601,7F000000
1780709717.262540,vcan0,602,00000000
1780709717.278539,vcan0,600,00000000
1780709717.278652,vcan0,601,7F000000
1780709717.278752,vcan0,602,00000000
1780709717.294367,vcan0,600,00000000
1780709717.294480,vcan0,601,7F000000
1780709717.294557,vcan0,602,00000000
1780709717.328338,vcan0,600,00000000
1780709717.328548,vcan0,601,7F000000
1780709717.328639,vcan0,602,00000000
1780709717.328801,vcan0,604,01
1780709717.328895,vcan0,605,00
1780709717.328984,vcan0,607,00
1780709717.343394,vcan0,600,00000000
1780709717.343517,vcan0,601,7F000000
1780709717.343596,vcan0,602,00000000
1780709717.359483,vcan0,600,00000000
1780709717.359601,vcan0,601,7F000000
1780709717.359672,vcan0,602,00000000
1780709717.376362,vcan0,600,00000000
1780709717.376491,vcan0,601,7F000000
1780709717.376568,vcan0,602,00000000
1780709717.408355,vcan0,600,00000000
1780709717.408559,vcan0,601,7F000000
1780709717.408661,vcan0,602,00000000
1780709717.408827,vcan0,604,01
1780709717.408927,vcan0,605,00
1780709717.423346,vcan0,600,00000000
1780709717.423478,vcan0,601,7F000000
1780709717.423554,vcan0,602,00000000
1780709717.439430,vcan0,600,00000000
1780709717.439560,vcan0,601,7F000000
1780709717.439630,vcan0,602,00000000
1780709717.439705,vcan0,607,00
1780709717.455376,vcan0,600,00000000
1780709717.455497,vcan0,601,7F000000
1780709717.455571,vcan0,602,00000000
1780709717.488585,vcan0,600,00000000
1780709717.488765,vcan0,601,7F000000
1780709717.488876,vcan0,602,00000000
1780709717.489071,vcan0,604,01
1780709717.489195,vcan0,605,00
1780709717.503380,vcan0,600,00000000
1780709717.503550,vcan0,601,7F000000
1780709717.503632,vcan0,602,00000000
1780709717.519367,vcan0,600,00000000
1780709717.519524,vcan0,601,7F000000
1780709717.519628,vcan0,602,00000000
1780709717.535480,vcan0,600,00000000
1780709717.535599,vcan0,601,7F000000
1780709717.535672,vcan0,602,00000000
1780709717.568591,vcan0,600,00000000
1780709717.568781,vcan0,601,7F000000
1780709717.568873,vcan0,602,00000000
1780709717.569029,vcan0,604,01
1780709717.569117,vcan0,605,00
1780709717.569202,vcan0,607,00
1780709717.583374,vcan0,600,00000000
1780709717.583528,vcan0,601,7F000000
1780709717.583604,vcan0,602,00000000
1780709717.599481,vcan0,600,00000000
1780709717.599633,vcan0,601,7F000000
1780709717.599754,vcan0,602,00000000
1780709717.615440,vcan0,600,00000000
1780709717.615598,vcan0,601,7F000000
1780709717.615705,vcan0,602,00000000
1780709717.649179,vcan0,600,00000000
1780709717.649436,vcan0,601,7F000000
1780709717.649592,vcan0,602,00000000
1780709717.649801,vcan0,604,01
1780709717.649900,vcan0,605,00
1780709717.664380,vcan0,600,00000000
1780709717.664513,vcan0,601,7F000000
1780709717.664589,vcan0,602,00000000
1780709717.680307,vcan0,600,00000000
1780709717.680415,vcan0,601,7F000000
1780709717.680509,vcan0,602,00000000
1780709717.680583,vcan0,607,00
1780709717.696563,vcan0,600,00000000
1780709717.696690,vcan0,601,7F000000
1780709717.696769,vcan0,602,00000000
1780709717.730227,vcan0,600,00000000
1780709717.730365,vcan0,601,7F000000
1780709717.730475,vcan0,602,00000000
1780709717.730616,vcan0,604,01
1780709717.730687,vcan0,605,00
1780709717.745484,vcan0,600,00000000
1780709717.745622,vcan0,601,7F000000
1780709717.745699,vcan0,602,00000000
1780709717.761462,vcan0,600,00000000
1780709717.761630,vcan0,601,7F000000
1780709717.761737,vcan0,602,00000000
1780709717.777556,vcan0,600,00000000
1780709717.777675,vcan0,601,7F000000
1780709717.777746,vcan0,602,00000000
1780709717.813497,vcan0,600,00000000
1780709717.813641,vcan0,601,7F000000
1780709717.813729,vcan0,602,00000000
1780709717.813914,vcan0,604,01
1780709717.813992,vcan0,605,00
1780709717.814109,vcan0,607,00
1780709717.828411,vcan0,600,00000000
1780709717.828567,vcan0,601,7F000000
1780709717.828644,vcan0,602,00000000
1780709717.844525,vcan0,600,00000000
1780709717.844652,vcan0,601,7F000000
1780709717.844728,vcan0,602,00000000
1780709717.860481,vcan0,600,00000000
1780709717.860599,vcan0,601,7F000000
1780709717.860667,vcan0,602,00000000
1780709717.893008,vcan0,600,00000000
1780709717.893163,vcan0,601,7F000000
1780709717.893268,vcan0,602,00000000
1780709717.893426,vcan0,604,01
1780709717.893559,vcan0,605,00
1780709717.908468,vcan0,600,00000000
1780709717.908602,vcan0,601,7F000000
1780709717.908688,vcan0,602,00000000
1780709717.924379,vcan0,600,00000000
1780709717.924535,vcan0,601,7F000000
1780709717.924625,vcan0,602,00000000
1780709717.924718,vcan0,607,00
1780709717.940426,vcan0,600,00000000
1780709717.940568,vcan0,601,7F000000
1780709717.940655,vcan0,602,00000000
1780709717.973395,vcan0,600,00000000
1780709717.973606,vcan0,601,7F000000
1780709717.973729,vcan0,602,00000000
1780709717.973894,vcan0,604,01
1780709717.973972,vcan0,605,00
1780709717.988363,vcan0,600,00000000
1780709717.988503,vcan0,601,7F000000
1780709717.988608,vcan0,602,00000000
1780709718.004341,vcan0,600,00000000
1780709718.004484,vcan0,601,7F000000
1780709718.004563,vcan0,602,00000000
1780709718.020408,vcan0,600,00000000
1780709718.020567,vcan0,601,7F000000
1780709718.020681,vcan0,602,00000000
1780709718.053702,vcan0,600,00000000
1780709718.053852,vcan0,601,7F000000
1780709718.053928,vcan0,602,00000000
1780709718.054076,vcan0,604,01
1780709718.054164,vcan0,605,00
1780709718.054251,vcan0,607,00
1780709718.069485,vcan0,600,00000000
1780709718.069604,vcan0,601,7F000000
1780709718.069687,vcan0,602,00000000
1780709718.085345,vcan0,600,00000000
1780709718.085480,vcan0,601,7F000000
1780709718.085577,vcan0,602,00000000
1780709718.101484,vcan0,600,00000000
1780709718.101618,vcan0,601,7F000000
1780709718.101706,vcan0,602,00000000
1780709718.136622,vcan0,600,00000000
1780709718.136781,vcan0,601,7F000000
1780709718.136874,vcan0,602,19000000
1780709718.137022,vcan0,604,01
1780709718.137111,vcan0,605,00
1780709718.151660,vcan0,600,00000000
1780709718.151777,vcan0,601,7F000000
1780709718.151851,vcan0,602,33000000
1780709718.167320,vcan0,600,00000000
1780709718.167431,vcan0,601,7F000000
1780709718.167525,vcan0,602,4C000000
1780709718.167600,vcan0,607,00
1780709718.183535,vcan0,600,00000000
1780709718.183683,vcan0,601,7F000000
1780709718.183786,vcan0,602,66000000
1780709718.219845,vcan0,600,00000000
1780709718.220011,vcan0,601,7F000000
1780709718.220126,vcan0,602,7F000000
1780709718.220287,vcan0,604,01
1780709718.220379,vcan0,605,00
1780709718.235370,vcan0,600,00000000
1780709718.235507,vcan0,601,7F000000
1780709718.235594,vcan0,602,99000000
1780709718.251461,vcan0,600,00000000
1780709718.251609,vcan0,601,7F000000
1780709718.251695,vcan0,602,B2000000
1780709718.267513,vcan0,600,00000000
1780709718.267652,vcan0,601,7F000000
1780709718.267741,vcan0,602,CC000000
1780709718.267831,vcan0,607,00
1780709718.301315,vcan0,600,00000000
1780709718.301496,vcan0,601,7F000000
1780709718.301590,vcan0,602,E5000000
1780709718.301722,vcan0,604,01
1780709718.301805,vcan0,605,00
1780709718.316358,vcan0,600,00000000
1780709718.316494,vcan0,601,7F000000
1780709718.316583,vcan0,602,FF000000
1780709718.332305,vcan0,600,00000000
1780709718.332425,vcan0,601,7F000000
1780709718.332531,vcan0,602,FF000000
1780709718.348490,vcan0,600,00000000
1780709718.348615,vcan0,601,7F000000
1780709718.348687,vcan0,602,FF000000
1780709718.382846,vcan0,600,00000000
1780709718.383036,vcan0,601,7F000000
1780709718.383115,vcan0,602,FF000000
1780709718.383243,vcan0,604,01
1780709718.383311,vcan0,605,00
1780709718.383401,vcan0,607,00
1780709718.398573,vcan0,600,00000000
1780709718.398722,vcan0,601,7F000000
1780709718.398818,vcan0,602,FF000000
1780709718.414306,vcan0,600,00000000
1780709718.414426,vcan0,601,7F000000
1780709718.414536,vcan0,602,FF000000
1780709718.430591,vcan0,600,00000000
1780709718.430744,vcan0,601,7F000000
1780709718.430842,vcan0,602,FF000000
1780709718.464737,vcan0,600,00000000
1780709718.464890,vcan0,601,7F000000
1780709718.464980,vcan0,602,FF000000
1780709718.465115,vcan0,604,01
1780709718.465210,vcan0,605,00
1780709718.480337,vcan0,600,00000000
1780709718.480473,vcan0,601,7F000000
1780709718.480563,vcan0,602,FF000000
1780709718.496340,vcan0,600,00000000
1780709718.496484,vcan0,601,7F000000
1780709718.496575,vcan0,602,FF000000
1780709718.496662,vcan0,607,00
1780709718.512588,vcan0,600,00000000
1780709718.512729,vcan0,601,7F000000
1780709718.512818,vcan0,602,FF000000
1780709718.548889,vcan0,600,00000000
1780709718.549050,vcan0,601,7F000000
1780709718.549162,vcan0,602,FF000000
1780709718.549305,vcan0,604,01
1780709718.549391,vcan0,605,00
1780709718.564357,vcan0,600,00000000
1780709718.564492,vcan0,601,7F000000
1780709718.564581,vcan0,602,FF000000
1780709718.580374,vcan0,600,00000000
1780709718.580509,vcan0,601,7F000000
1780709718.580599,vcan0,602,FF000000
1780709718.596526,vcan0,600,00000000
1780709718.596659,vcan0,601,7F000000
1780709718.596746,vcan0,602,FF000000
1780709718.596840,vcan0,607,00
1780709718.633015,vcan0,600,00000000
1780709718.633216,vcan0,601,7F000000
1780709718.633321,vcan0,602,FF000000
1780709718.633509,vcan0,604,01
1780709718.633603,vcan0,605,00
1780709718.648385,vcan0,600,00000000
1780709718.648522,vcan0,601,7F000000
1780709718.648610,vcan0,602,FF000000
1780709718.664562,vcan0,600,00000000
1780709718.664689,vcan0,601,7F000000
1780709718.664774,vcan0,602,FF000000
1780709718.680399,vcan0,600,00000000
1780709718.680538,vcan0,601,7F000000
1780709718.680624,vcan0,602,FF000000
1780709718.712877,vcan0,600,00000000
1780709718.713017,vcan0,601,7F000000
1780709718.713129,vcan0,602,FF000000
1780709718.713285,vcan0,604,01
1780709718.713388,vcan0,605,00
1780709718.713515,vcan0,607,00
1780709718.728534,vcan0,600,00000000
1780709718.728682,vcan0,601,7F000000
1780709718.728797,vcan0,602,FF000000
1780709718.744327,vcan0,600,00000000
1780709718.744425,vcan0,601,7F000000
1780709718.744516,vcan0,602,FF000000
1780709718.760604,vcan0,600,00000000
1780709718.760726,vcan0,601,7F000000
1780709718.760805,vcan0,602,FF000000
1780709718.798225,vcan0,600,00000000
1780709718.798412,vcan0,601,7F000000
1780709718.798541,vcan0,602,FF000000
1780709718.798707,vcan0,604,01
1780709718.799134,vcan0,605,00
1780709718.813320,vcan0,600,00000000
1780709718.813435,vcan0,601,7F000000
1780709718.813542,vcan0,602,FF000000
1780709718.813632,vcan0,607,00
1780709718.829401,vcan0,600,00000000
1780709718.829570,vcan0,601,7F000000
1780709718.829658,vcan0,602,FF000000
1780709718.845518,vcan0,600,00000000
1780709718.845639,vcan0,601,7F000000
1780709718.845717,vcan0,602,FF000000
1780709718.879923,vcan0,600,00000000
1780709718.880098,vcan0,601,7F000000
1780709718.880215,vcan0,602,FF000000
1780709718.880381,vcan0,604,01
1780709718.880503,vcan0,605,00
1780709718.895398,vcan0,600,00000000
1780709718.895517,vcan0,601,7F000000
1780709718.895587,vcan0,602,FF000000
1780709718.911467,vcan0,600,00000000
1780709718.911579,vcan0,601,7F000000
1780709718.911656,vcan0,602,FF000000
1780709718.927386,vcan0,600,00000000
1780709718.927502,vcan0,601,72000000
1780709718.927580,vcan0,602,FF000000
1780709718.927654,vcan0,607,00
1780709718.959223,vcan0,600,00000000
1780709718.959436,vcan0,601,72000000
1780709718.959569,vcan0,602,FF000000
1780709718.959726,vcan0,604,01
1780709718.959834,vcan0,605,00
1780709718.973309,vcan0,600,00000000
1780709718.973438,vcan0,601,72000000
1780709718.973550,vcan0,602,FF000000
1780709718.989291,vcan0,600,00000000
1780709718.989417,vcan0,601,72000000
1780709718.989525,vcan0,602,FF000000
1780709719.005517,vcan0,600,00000000
1780709719.005655,vcan0,601,72000000
1780709719.005745,vcan0,602,FF000000
1780709719.038558,vcan0,600,00000000
1780709719.038746,vcan0,601,72000000
1780709719.038847,vcan0,602,FF000000
1780709719.039062,vcan0,604,01
1780709719.039161,vcan0,605,00
1780709719.039260,vcan0,607,00
1780709719.053292,vcan0,600,00000000
1780709719.053422,vcan0,601,72000000
1780709719.053566,vcan0,602,FF000000
1780709719.069288,vcan0,600,00000000
1780709719.069412,vcan0,601,72000000
1780709719.069543,vcan0,602,FF000000
1780709719.085481,vcan0,600,00000000
1780709719.085619,vcan0,601,72000000
1780709719.085726,vcan0,602,FF000000
1780709719.120362,vcan0,600,00000000
1780709719.120653,vcan0,601,65000000
1780709719.120771,vcan0,602,FF000000
1780709719.121002,vcan0,604,01
1780709719.121107,vcan0,605,00
1780709719.135340,vcan0,600,00000000
1780709719.135483,vcan0,601,65000000
1780709719.135570,vcan0,602,FF000000
1780709719.151531,vcan0,600,00000000
1780709719.151684,vcan0,601,65000000
1780709719.151756,vcan0,602,FF000000
1780709719.151836,vcan0,607,00
1780709719.193326,vcan0,600,00000000
1780709719.193481,vcan0,601,65000000
1780709719.193560,vcan0,602,FF000000
1780709719.193683,vcan0,604,01
1780709719.193754,vcan0,605,00
1780709719.208527,vcan0,600,00000000
1780709719.208664,vcan0,601,65000000
1780709719.208743,vcan0,602,FF000000
1780709719.224478,vcan0,600,00000000
1780709719.224598,vcan0,601,65000000
1780709719.224670,vcan0,602,FF000000
1780709719.240532,vcan0,600,00000000
1780709719.240679,vcan0,601,65000000
1780709719.240784,vcan0,602,FF000000
1780709719.277645,vcan0,600,00000000
1780709719.277815,vcan0,601,65000000
1780709719.277945,vcan0,602,FF000000
1780709719.278154,vcan0,604,01
1780709719.278284,vcan0,605,00
1780709719.278390,vcan0,607,00
1780709719.292316,vcan0,600,00000000
1780709719.292440,vcan0,601,65000000
1780709719.292551,vcan0,602,FF000000
1780709719.308355,vcan0,600,00000000
1780709719.308507,vcan0,601,65000000
1780709719.308602,vcan0,602,FF000000
1780709719.324562,vcan0,600,00000000
1780709719.324686,vcan0,601,59000000
1780709719.324774,vcan0,602,FF000000
1780709719.357242,vcan0,600,00000000
1780709719.357485,vcan0,601,59000000
1780709719.357617,vcan0,602,FF000000
1780709719.357759,vcan0,604,01
1780709719.357831,vcan0,605,00
1780709719.373306,vcan0,600,00000000
1780709719.373414,vcan0,601,59000000
1780709719.373501,vcan0,602,FF000000
1780709719.389605,vcan0,600,00000000
1780709719.389740,vcan0,601,59000000
1780709719.389821,vcan0,602,FF000000
1780709719.389902,vcan0,607,00
1780709719.430644,vcan0,600,00000000
1780709719.430798,vcan0,601,59000000
1780709719.430899,vcan0,602,FF000000
1780709719.431021,vcan0,604,01
1780709719.431097,vcan0,605,00
1780709719.446670,vcan0,600,00000000
1780709719.446813,vcan0,601,59000000
1780709719.446905,vcan0,602,FF000000
1780709719.462387,vcan0,600,00000000
1780709719.462523,vcan0,601,59000000
1780709719.462613,vcan0,602,FF000000
1780709719.478651,vcan0,600,00000000
1780709719.478773,vcan0,601,59000000
1780709719.478854,vcan0,602,FF000000
1780709719.513588,vcan0,600,00000000
1780709719.513776,vcan0,601,59000000
1780709719.513876,vcan0,602,FF000000
1780709719.514050,vcan0,604,01
1780709719.514135,vcan0,605,00
1780709719.514220,vcan0,607,00
1780709719.528394,vcan0,600,00000000
1780709719.528508,vcan0,601,4C000000
1780709719.528577,vcan0,602,FF000000
1780709719.544632,vcan0,600,00000000
1780709719.544757,vcan0,601,4C000000
1780709719.544835,vcan0,602,FF000000
1780709719.560347,vcan0,600,00000000
1780709719.560477,vcan0,601,4C000000
1780709719.560556,vcan0,602,FF000000
1780709719.591938,vcan0,600,00000000
1780709719.592114,vcan0,601,4C000000
1780709719.592229,vcan0,602,FF000000
1780709719.592428,vcan0,604,01
1780709719.592572,vcan0,605,00
1780709719.607466,vcan0,600,00000000
1780709719.607599,vcan0,601,4C000000
1780709719.607684,vcan0,602,FF000000
1780709719.623362,vcan0,600,00000000
1780709719.623508,vcan0,601,4C000000
1780709719.623595,vcan0,602,FF000000
1780709719.623681,vcan0,607,00
1780709719.639493,vcan0,600,00000000
1780709719.639627,vcan0,601,4C000000
1780709719.639715,vcan0,602,FF000000
1780709719.668599,vcan0,600,00000000
1780709719.668791,vcan0,601,4C000000
1780709719.668899,vcan0,602,FF000000
1780709719.669108,vcan0,604,01
1780709719.669235,vcan0,605,00
1780709719.683339,vcan0,600,00000000
1780709719.683438,vcan0,601,4C000000
1780709719.683522,vcan0,602,FF000000
1780709719.699626,vcan0,600,00000000
1780709719.699748,vcan0,601,4C000000
1780709719.699822,vcan0,602,FF000000
1780709719.715359,vcan0,600,00000000
1780709719.715478,vcan0,601,3F000000
1780709719.715559,vcan0,602,FF000000
1780709719.745706,vcan0,600,00000000
1780709719.745885,vcan0,601,3F000000
1780709719.745989,vcan0,602,FF000000
1780709719.746153,vcan0,604,01
1780709719.746257,vcan0,605,00
1780709719.746367,vcan0,607,00
1780709719.760630,vcan0,600,00000000
1780709719.760739,vcan0,601,3F000000
1780709719.760814,vcan0,602,FF000000
1780709719.776560,vcan0,600,00000000
1780709719.776688,vcan0,601,3F000000
1780709719.776766,vcan0,602,FF000000
1780709719.792414,vcan0,600,00000000
1780709719.792547,vcan0,601,3F000000
1780709719.792618,vcan0,602,FF000000
1780709719.823468,vcan0,600,00000000
1780709719.824249,vcan0,601,3F000000
1780709719.824384,vcan0,602,FF000000
1780709719.824600,vcan0,604,01
1780709719.824708,vcan0,605,00
1780709719.838461,vcan0,600,00000000
1780709719.838576,vcan0,601,3F000000
1780709719.838647,vcan0,602,FF000000
1780709719.854433,vcan0,600,00000000
1780709719.854547,vcan0,601,3F000000
1780709719.854615,vcan0,602,FF000000
1780709719.854689,vcan0,607,00
1780709719.870330,vcan0,600,00000000
1780709719.870434,vcan0,601,3F000000
1780709719.870532,vcan0,602,FF000000
1780709719.899370,vcan0,600,00000000
1780709719.899600,vcan0,601,3F000000
1780709719.899714,vcan0,602,FF000000
1780709719.899886,vcan0,604,01
1780709719.899979,vcan0,605,00
1780709719.914703,vcan0,600,00000000
1780709719.914833,vcan0,601,32000000
1780709719.914907,vcan0,602,00000000
1780709719.930352,vcan0,600,00000000
1780709719.930469,vcan0,601,7F000000
1780709719.930551,vcan0,602,00000000
1780709719.946470,vcan0,600,00000000
1780709719.946595,vcan0,601,7F000000
1780709719.946668,vcan0,602,00000000
1780709719.975429,vcan0,600,00000000
1780709719.975631,vcan0,601,7F000000
1780709719.975735,vcan0,602,00000000
1780709719.975874,vcan0,604,01
1780709719.975951,vcan0,605,00
1780709719.976023,vcan0,607,00
1780709719.990320,vcan0,600,00000000
1780709719.990424,vcan0,601,7F000000
1780709719.990590,vcan0,602,00000000
1780709720.006555,vcan0,600,00000000
1780709720.006731,vcan0,601,7F000000
1780709720.006809,vcan0,602,00000000
1780709720.022572,vcan0,600,00000000
1780709720.022754,vcan0,601,7F000000
1780709720.022837,vcan0,602,00000000
1780709720.047879,vcan0,600,00000000
1780709720.048033,vcan0,601,7F000000
1780709720.048137,vcan0,602,00000000
1780709720.048302,vcan0,604,01
1780709720.048403,vcan0,605,00
1780709720.063391,vcan0,600,00000000
1780709720.063510,vcan0,601,7F000000
1780709720.063585,vcan0,602,00000000
1780709720.079502,vcan0,600,00000000
1780709720.079621,vcan0,601,7F000000
1780709720.079702,vcan0,602,00000000
1780709720.079780,vcan0,607,00
1780709720.095401,vcan0,600,00000000
1780709720.095527,vcan0,601,7F000000
1780709720.095599,vcan0,602,00000000
1780709720.121367,vcan0,600,00000000
1780709720.121569,vcan0,601,7F000000
1780709720.121775,vcan0,602,00000000
1780709720.121981,vcan0,604,01
1780709720.122085,vcan0,605,00
1780709720.136550,vcan0,600,00000000
1780709720.136680,vcan0,601,7F000000
1780709720.136766,vcan0,602,00000000
1780709720.152356,vcan0,600,00000000
1780709720.152487,vcan0,601,7F000000
1780709720.152578,vcan0,602,00000000
1780709720.168489,vcan0,600,00000000
1780709720.168625,vcan0,601,7F000000
1780709720.168711,vcan0,602,00000000
1780709720.196439,vcan0,600,00000000
1780709720.196648,vcan0,601,7F000000
1780709720.196746,vcan0,602,00000000
1780709720.196909,vcan0,604,01
1780709720.197005,vcan0,605,00
1780709720.197096,vcan0,607,00
1780709720.211336,vcan0,600,00000000
1780709720.211459,vcan0,601,7F000000
1780709720.211537,vcan0,602,00000000
1780709720.227491,vcan0,600,00000000
1780709720.227616,vcan0,601,7F000000
1780709720.227695,vcan0,602,00000000
1780709720.243404,vcan0,600,00000000
1780709720.243548,vcan0,601,7F000000
1780709720.243622,vcan0,602,00000000
1780709720.269101,vcan0,600,00000000
1780709720.269266,vcan0,601,7F000000
1780709720.269370,vcan0,602,00000000
1780709720.269565,vcan0,604,01
1780709720.269668,vcan0,605,00
1780709720.284500,vcan0,600,00000000
1780709720.284619,vcan0,601,7F000000
1780709720.284692,vcan0,602,00000000
1780709720.300436,vcan0,600,00000000
1780709720.300613,vcan0,601,7F000000
1780709720.300693,vcan0,602,00000000
1780709720.300774,vcan0,607,00
1780709720.316414,vcan0,600,00000000
1780709720.316547,vcan0,601,7F000000
1780709720.316624,vcan0,602,00000000
1780709720.343510,vcan0,600,00000000
1780709720.343639,vcan0,601,7F000000
1780709720.343723,vcan0,602,00000000
1780709720.343857,vcan0,604,01
1780709720.343941,vcan0,605,00
1780709720.358492,vcan0,600,00000000
1780709720.358607,vcan0,601,7F000000
1780709720.358681,vcan0,602,00000000
1780709720.375489,vcan0,600,00000000
1780709720.375617,vcan0,601,7F000000
1780709720.375695,vcan0,602,00000000
1780709720.391406,vcan0,600,00000000
1780709720.391544,vcan0,601,7F000000
1780709720.391620,vcan0,602,00000000
1780709720.417662,vcan0,600,00000000
1780709720.417788,vcan0,601,7F000000
1780709720.417860,vcan0,602,00000000
1780709720.417977,vcan0,604,01
1780709720.418062,vcan0,605,00
1780709720.418171,vcan0,607,00
1780709720.433462,vcan0,600,00000000
1780709720.433592,vcan0,601,7F000000
1780709720.433667,vcan0,602,00000000
1780709720.449546,vcan0,600,00000000
1780709720.449691,vcan0,601,7F000000
1780709720.449767,vcan0,602,00000000
1780709720.465398,vcan0,600,00000000
1780709720.465533,vcan0,601,7F000000
1780709720.465605,vcan0,602,00000000
1780709720.493775,vcan0,600,00000000
1780709720.494085,vcan0,601,7F000000
1780709720.494180,vcan0,602,00000000
1780709720.494323,vcan0,604,01
1780709720.494415,vcan0,605,00
1780709720.509291,vcan0,600,00000000
1780709720.509414,vcan0,601,7F000000
1780709720.509519,vcan0,602,00000000
1780709720.525314,vcan0,600,00000000
1780709720.525421,vcan0,601,7F000000
1780709720.525514,vcan0,602,00000000
1780709720.525587,vcan0,607,00
1780709720.541471,vcan0,600,00000000
1780709720.541586,vcan0,601,7F000000
1780709720.541657,vcan0,602,00000000
1780709720.569620,vcan0,600,00000000
1780709720.569809,vcan0,601,7F000000
1780709720.569927,vcan0,602,00000000
1780709720.570169,vcan0,604,01
1780709720.570742,vcan0,605,00
1780709720.584714,vcan0,600,00000000
1780709720.584827,vcan0,601,7F000000
1780709720.584896,vcan0,602,00000000
1780709720.600654,vcan0,600,00000000
1780709720.600847,vcan0,601,7F000000
1780709720.600945,vcan0,602,00000000
1780709720.616460,vcan0,600,00000000
1780709720.616595,vcan0,601,7F000000
1780709720.616682,vcan0,602,00000000
1780709720.647781,vcan0,600,00000000
1780709720.648001,vcan0,601,7F000000
1780709720.648114,vcan0,602,00000000
1780709720.648286,vcan0,604,01
1780709720.648378,vcan0,605,00
1780709720.648498,vcan0,607,00
1780709720.663328,vcan0,600,00000000
1780709720.663497,vcan0,601,7F000000
1780709720.663588,vcan0,602,00000000
1780709720.679484,vcan0,600,00000000
1780709720.679630,vcan0,601,7F000000
1780709720.679702,vcan0,602,00000000
1780709720.695513,vcan0,600,00000000
1780709720.695619,vcan0,601,7F000000
1780709720.695682,vcan0,602,00000000
1780709720.721238,vcan0,600,00000000
1780709720.721364,vcan0,601,7F000000
1780709720.721437,vcan0,602,00000000
1780709720.721599,vcan0,604,01
1780709720.721674,vcan0,605,00
1780709720.736479,vcan0,600,00000000
1780709720.736619,vcan0,601,7F000000
1780709720.736700,vcan0,602,00000000
1780709720.752471,vcan0,600,00000000
1780709720.752603,vcan0,601,7F000000
1780709720.752679,vcan0,602,00000000
1780709720.752774,vcan0,607,00
1780709720.768456,vcan0,600,00000000
1780709720.768577,vcan0,601,7F000000
1780709720.768656,vcan0,602,00000000
1780709720.794783,vcan0,600,00000000
1780709720.794955,vcan0,601,7F000000
1780709720.795052,vcan0,602,00000000
1780709720.795277,vcan0,604,01
1780709720.795382,vcan0,605,00
1780709720.810404,vcan0,600,00000000
1780709720.810578,vcan0,601,7F000000
1780709720.810689,vcan0,602,00000000
1780709720.826315,vcan0,600,00000000
1780709720.826414,vcan0,601,7F000000
1780709720.826510,vcan0,602,00000000
1780709720.842366,vcan0,600,00000000
1780709720.842494,vcan0,601,7F000000
1780709720.842568,vcan0,602,00000000
1780709720.871389,vcan0,600,00000000
1780709720.871590,vcan0,601,7F000000
1780709720.871699,vcan0,602,00000000
1780709720.871944,vcan0,604,01
1780709720.872039,vcan0,605,00
1780709720.872126,vcan0,607,00
1780709720.886420,vcan0,600,00000000
1780709720.886667,vcan0,601,7F000000
1780709720.886783,vcan0,602,00000000
1780709720.902526,vcan0,600,00000000
1780709720.902755,vcan0,601,7F000000
1780709720.902850,vcan0,602,00000000
1780709720.918397,vcan0,600,00000000
1780709720.918551,vcan0,601,7F000000
1780709720.918730,vcan0,602,00000000
1780709720.945776,vcan0,600,00000000
1780709720.945918,vcan0,601,7F000000
1780709720.946015,vcan0,602,00000000
1780709720.946162,vcan0,604,01
1780709720.946253,vcan0,605,00
1780709720.961572,vcan0,600,00000000
1780709720.961721,vcan0,601,7F000000
1780709720.961829,vcan0,602,00000000
1780709720.976436,vcan0,600,00000000
1780709720.976569,vcan0,601,7F000000
1780709720.976641,vcan0,602,00000000
1780709720.976715,vcan0,607,00
1780709720.992331,vcan0,600,00000000
1780709720.992431,vcan0,601,7F000000
1780709720.992526,vcan0,602,00000000
1780709721.029826,vcan0,600,00000000
1780709721.029964,vcan0,601,7F000000
1780709721.030059,vcan0,602,00000000
1780709721.030309,vcan0,604,01
1780709721.030411,vcan0,605,00
1780709721.045478,vcan0,600,00000000
1780709721.045604,vcan0,601,7F000000
1780709721.045677,vcan0,602,00000000
1780709721.061457,vcan0,600,00000000
1780709721.061577,vcan0,601,7F000000
1780709721.061650,vcan0,602,00000000
1780709721.077303,vcan0,600,00000000
1780709721.077415,vcan0,601,7F000000
1780709721.077501,vcan0,602,00000000
1780709721.077580,vcan0,607,00
1780709721.119953,vcan0,600,00000000
1780709721.120168,vcan0,601,7F000000
1780709721.120269,vcan0,602,00000000
1780709721.120417,vcan0,604,01
1780709721.120535,vcan0,605,00
1780709721.135463,vcan0,600,00000000
1780709721.135609,vcan0,601,7F000000
1780709721.135698,vcan0,602,00000000
1780709721.151496,vcan0,600,00000000
1780709721.151625,vcan0,601,7F000000
1780709721.151710,vcan0,602,00000000
1780709721.167439,vcan0,600,00000000
1780709721.167602,vcan0,601,7F000000
1780709721.167695,vcan0,602,00000000
1780709721.210630,vcan0,600,00000000
1780709721.210862,vcan0,601,7F000000
1780709721.210963,vcan0,602,00000000
1780709721.211124,vcan0,604,01
1780709721.211220,vcan0,605,00
1780709721.211314,vcan0,607,00
1780709721.225623,vcan0,600,00000000
1780709721.225775,vcan0,601,7F000000
1780709721.225854,vcan0,602,00000000
1780709721.241431,vcan0,600,00000000
1780709721.241584,vcan0,601,7F000000
1780709721.241658,vcan0,602,00000000
1780709721.257366,vcan0,600,00000000
1780709721.257512,vcan0,601,7F000000
1780709721.257637,vcan0,602,00000000
1780709721.303756,vcan0,600,00000000
1780709721.303900,vcan0,601,7F000000
1780709721.304002,vcan0,602,00000000
1780709721.304159,vcan0,604,01
1780709721.304258,vcan0,605,00
1780709721.319544,vcan0,600,00000000
1780709721.319689,vcan0,601,7F000000
1780709721.319765,vcan0,602,00000000
1780709721.319846,vcan0,607,00
1780709721.335498,vcan0,600,00000000
1780709721.335627,vcan0,601,7F000000
1780709721.335703,vcan0,602,00000000
1780709721.351460,vcan0,600,00000000
1780709721.351600,vcan0,601,7F000000
1780709721.351677,vcan0,602,00000000
1780709721.399679,vcan0,600,00000000
1780709721.399870,vcan0,601,7F000000
1780709721.399976,vcan0,602,00000000
1780709721.400145,vcan0,604,01
1780709721.400259,vcan0,605,00
1780709721.414575,vcan0,600,00000000
1780709721.414758,vcan0,601,7F000000
1780709721.414835,vcan0,602,00000000
1780709721.430431,vcan0,600,00000000
1780709721.430705,vcan0,601,7F000000
1780709721.430790,vcan0,602,00000000
1780709721.430865,vcan0,607,00
1780709721.446319,vcan0,600,00000000
1780709721.446424,vcan0,601,7F000000
1780709721.446516,vcan0,602,00000000
1780709721.497345,vcan0,600,00000000
1780709721.497626,vcan0,601,7F000000
1780709721.497750,vcan0,602,00000000
1780709721.497910,vcan0,604,01
1780709721.498020,vcan0,605,00
1780709721.512414,vcan0,600,00000000
1780709721.512537,vcan0,601,7F000000
1780709721.512616,vcan0,602,00000000
1780709721.528414,vcan0,600,00000000
1780709721.528546,vcan0,601,7F000000
1780709721.528625,vcan0,602,00000000
1780709721.544283,vcan0,600,00000000
1780709721.544387,vcan0,601,7F000000
1780709721.544474,vcan0,602,00000000
1780709721.544549,vcan0,607,00
1780709721.599238,vcan0,600,00000000
1780709721.599469,vcan0,601,7F000000
1780709721.599578,vcan0,602,00000000
1780709721.599741,vcan0,604,01
1780709721.599846,vcan0,605,00
1780709721.614472,vcan0,600,00000000
1780709721.614620,vcan0,601,7F000000
1780709721.614708,vcan0,602,00000000
1780709721.630499,vcan0,600,00000000
1780709721.630650,vcan0,601,7F000000
1780709721.630747,vcan0,602,00000000
1780709721.646431,vcan0,600,00000000
1780709721.646707,vcan0,601,7F000000
1780709721.646790,vcan0,602,00000000
1780709721.646874,vcan0,607,00
1780709721.706707,vcan0,600,00000000
1780709721.706932,vcan0,601,7F000000
1780709721.707051,vcan0,602,00000000
1780709721.707218,vcan0,604,01
1780709721.707398,vcan0,605,00
1780709721.721406,vcan0,600,00000000
1780709721.721531,vcan0,601,7F000000
1780709721.721602,vcan0,602,00000000
1780709721.737437,vcan0,600,00000000
1780709721.737571,vcan0,601,7F000000
1780709721.737643,vcan0,602,00000000
1780709721.753464,vcan0,600,00000000
1780709721.753589,vcan0,601,7F000000
1780709721.753665,vcan0,602,00000000
1780709721.753740,vcan0,607,00
1780709721.812848,vcan0,600,00000000
1780709721.813060,vcan0,601,7F000000
1780709721.813178,vcan0,602,00000000
1780709721.813365,vcan0,604,01
1780709721.813502,vcan0,605,00
1780709721.828437,vcan0,600,00000000
1780709721.828580,vcan0,601,7F000000
1780709721.828672,vcan0,602,00000000
1780709721.844538,vcan0,600,00000000
1780709721.844671,vcan0,601,7F000000
1780709721.844747,vcan0,602,00000000
1780709721.860425,vcan0,600,00000000
1780709721.860591,vcan0,601,7F000000
1780709721.860708,vcan0,602,00000000
1780709721.860840,vcan0,607,00
1780709721.926010,vcan0,600,00000000
1780709721.926231,vcan0,601,7F000000
1780709721.926353,vcan0,602,00000000
1780709721.926577,vcan0,604,01
1780709721.926677,vcan0,605,00
1780709721.941361,vcan0,600,00000000
1780709721.941498,vcan0,601,7F000000
1780709721.941579,vcan0,602,00000000
1780709721.957419,vcan0,600,00000000
1780709721.957614,vcan0,601,7F000000
1780709721.957699,vcan0,602,00000000
1780709721.972592,vcan0,600,00000000
1780709721.972715,vcan0,601,7F000000
1780709721.972789,vcan0,602,19000000
1780709721.972866,vcan0,607,00
1780709722.040114,vcan0,600,00000000
1780709722.040321,vcan0,601,7F000000
1780709722.040461,vcan0,602,33000000
1780709722.040657,vcan0,604,01
1780709722.040757,vcan0,605,00
1780709722.055394,vcan0,600,00000000
1780709722.055530,vcan0,601,7F000000
1780709722.055603,vcan0,602,4C000000
1780709722.071538,vcan0,600,00000000
1780709722.071672,vcan0,601,7F000000
1780709722.071755,vcan0,602,66000000
1780709722.087504,vcan0,600,00000000
1780709722.087630,vcan0,601,7F000000
1780709722.087708,vcan0,602,7F000000
1780709722.087783,vcan0,607,00
1780709722.155950,vcan0,600,00000000
1780709722.156147,vcan0,601,7F000000
1780709722.156257,vcan0,602,99000000
1780709722.156419,vcan0,604,01
1780709722.156545,vcan0,605,00
1780709722.171399,vcan0,600,00000000
1780709722.171547,vcan0,601,7F000000
1780709722.171642,vcan0,602,B2000000
1780709722.187434,vcan0,600,00000000
1780709722.187580,vcan0,601,7F000000
1780709722.187653,vcan0,602,CC000000
1780709722.203412,vcan0,600,00000000
1780709722.203546,vcan0,601,7F000000
1780709722.203618,vcan0,602,E5000000
1780709722.203694,vcan0,607,00
1780709722.272871,vcan0,600,00000000
1780709722.273820,vcan0,601,7F000000
1780709722.273954,vcan0,602,00000000
1780709722.274099,vcan0,604,01
1780709722.274201,vcan0,605,00
1780709722.288309,vcan0,600,00000000
1780709722.288498,vcan0,601,7F000000
1780709722.288600,vcan0,602,00000000
1780709722.304539,vcan0,600,00000000
1780709722.304665,vcan0,601,7F000000
1780709722.304742,vcan0,602,00000000
1780709722.304817,vcan0,607,00
1780709722.320401,vcan0,600,00000000
1780709722.320528,vcan0,601,7F000000
1780709722.320606,vcan0,602,00000000
1780709722.389357,vcan0,600,00000000
1780709722.389762,vcan0,601,7F000000
1780709722.389866,vcan0,602,00000000
1780709722.390050,vcan0,604,01
1780709722.390184,vcan0,605,00
1780709722.404323,vcan0,600,00000000
1780709722.404489,vcan0,601,7F000000
1780709722.404588,vcan0,602,00000000
1780709722.420572,vcan0,600,00000000
1780709722.420701,vcan0,601,7F000000
1780709722.420789,vcan0,602,00000000
1780709722.420878,vcan0,607,00
1780709722.436397,vcan0,600,00000000
1780709722.436549,vcan0,601,7F000000
1780709722.436637,vcan0,602,00000000
1780709722.506746,vcan0,600,00000000
1780709722.506932,vcan0,601,7F000000
1780709722.507041,vcan0,602,00000000
1780709722.507190,vcan0,604,01
1780709722.507267,vcan0,605,00
1780709722.522313,vcan0,600,00000000
1780709722.522433,vcan0,601,7F000000
1780709722.522524,vcan0,602,00000000
1780709722.522596,vcan0,607,00
1780709722.538427,vcan0,600,00000000
1780709722.538570,vcan0,601,7F000000
1780709722.538643,vcan0,602,00000000
1780709722.554432,vcan0,600,00000000
1780709722.554572,vcan0,601,7F000000
1780709722.554644,vcan0,602,00000000
1780709722.626230,vcan0,600,00000000
1780709722.626384,vcan0,601,7F000000
1780709722.626512,vcan0,602,00000000
1780709722.626646,vcan0,604,01
1780709722.626739,vcan0,605,00
1780709722.626841,vcan0,607,00
1780709722.641500,vcan0,600,00000000
1780709722.641642,vcan0,601,7F000000
1780709722.641730,vcan0,602,00000000
1780709722.657472,vcan0,600,00000000
1780709722.657593,vcan0,601,7F000000
1780709722.657666,vcan0,602,00000000
1780709722.673469,vcan0,600,00000000
1780709722.673586,vcan0,601,7F000000
1780709722.673658,vcan0,602,00000000
1780709722.749225,vcan0,600,00000000
1780709722.749379,vcan0,601,7F000000
1780709722.749636,vcan0,602,00000000
1780709722.749925,vcan0,604,01
1780709722.750064,vcan0,605,00
1780709722.750182,vcan0,607,00
1780709722.764321,vcan0,600,00000000
1780709722.764471,vcan0,601,7F000000
1780709722.764573,vcan0,602,00000000
1780709722.780534,vcan0,600,00000000
1780709722.780682,vcan0,601,7F000000
1780709722.780783,vcan0,602,00000000
1780709722.796529,vcan0,600,00000000
1780709722.796685,vcan0,601,7F000000
1780709722.796793,vcan0,602,00000000
1780709722.875139,vcan0,600,00000000
1780709722.875266,vcan0,601,7F000000
1780709722.875356,vcan0,602,00000000
1780709722.875572,vcan0,604,01
1780709722.875664,vcan0,605,00
1780709722.875755,vcan0,607,00
1780709722.890412,vcan0,600,00000000
1780709722.890541,vcan0,601,7F000000
1780709722.890614,vcan0,602,00000000
1780709722.906388,vcan0,600,00000000
1780709722.906513,vcan0,601,7F000000
1780709722.906585,vcan0,602,00000000
1780709722.922373,vcan0,600,00000000
1780709722.922503,vcan0,601,7F000000
1780709722.922583,vcan0,602,00000000
1780709723.003036,vcan0,600,00000000
1780709723.003256,vcan0,601,7F000000
1780709723.003399,vcan0,602,00000000
1780709723.003615,vcan0,604,01
1780709723.003736,vcan0,605,00
1780709723.003854,vcan0,607,00
1780709723.018288,vcan0,600,00000000
1780709723.018404,vcan0,601,7F000000
1780709723.018495,vcan0,602,00000000
1780709723.034364,vcan0,600,00000000
1780709723.034507,vcan0,601,7F000000
1780709723.034584,vcan0,602,00000000
1780709723.050386,vcan0,600,00000000
1780709723.050546,vcan0,601,7F000000
1780709723.050659,vcan0,602,00000000
1780709723.128473,vcan0,600,00000000
1780709723.128625,vcan0,601,7F000000
1780709723.128718,vcan0,602,00000000
1780709723.128867,vcan0,604,01
1780709723.128941,vcan0,605,00
1780709723.129029,vcan0,607,00
1780709723.143438,vcan0,600,00000000
1780709723.143585,vcan0,601,7F000000
1780709723.143661,vcan0,602,00000000
1780709723.159440,vcan0,600,00000000
1780709723.159586,vcan0,601,7F000000
1780709723.159659,vcan0,602,00000000
1780709723.175379,vcan0,600,00000000
1780709723.175515,vcan0,601,7F000000
1780709723.175599,vcan0,602,00000000
1780709723.256784,vcan0,600,00000000
1780709723.256929,vcan0,601,7F000000
1780709723.257013,vcan0,602,00000000
1780709723.257182,vcan0,604,01
1780709723.257277,vcan0,605,00
1780709723.257361,vcan0,607,00
1780709723.271489,vcan0,600,00000000
1780709723.271621,vcan0,601,7F000000
1780709723.271708,vcan0,602,00000000
1780709723.287521,vcan0,600,00000000
1780709723.287648,vcan0,601,7F000000
1780709723.287720,vcan0,602,19000000
1780709723.303371,vcan0,600,00000000
1780709723.303501,vcan0,601,7F000000
1780709723.303583,vcan0,602,33000000
1780709723.383953,vcan0,600,00000000
1780709723.384107,vcan0,601,7F000000
1780709723.384222,vcan0,602,4C000000
1780709723.384367,vcan0,604,01
1780709723.384479,vcan0,605,00
1780709723.384583,vcan0,607,00
1780709723.399329,vcan0,600,00000000
1780709723.399439,vcan0,601,7F000000
1780709723.399538,vcan0,602,66000000
1780709723.415359,vcan0,600,00000000
1780709723.415486,vcan0,601,7F000000
1780709723.415570,vcan0,602,7F000000
1780709723.431411,vcan0,600,00000000
1780709723.431566,vcan0,601,7F000000
1780709723.431640,vcan0,602,99000000
1780709723.513565,vcan0,600,00000000
1780709723.513730,vcan0,601,7F000000
1780709723.513826,vcan0,602,B2000000
1780709723.513963,vcan0,604,01
1780709723.514049,vcan0,605,00
1780709723.514135,vcan0,607,00
1780709723.529520,vcan0,600,00000000
1780709723.529657,vcan0,601,7F000000
1780709723.529743,vcan0,602,CC000000
1780709723.545430,vcan0,600,00000000
1780709723.545577,vcan0,601,7F000000
1780709723.545669,vcan0,602,E5000000
1780709723.561462,vcan0,600,00000000
1780709723.561594,vcan0,601,7F000000
1780709723.561683,vcan0,602,FF000000
1780709723.644845,vcan0,600,00000000
1780709723.645001,vcan0,601,7F000000
1780709723.645078,vcan0,602,FF000000
1780709723.645212,vcan0,604,01
1780709723.645310,vcan0,605,00
1780709723.645414,vcan0,607,00
1780709723.660437,vcan0,600,00000000
1780709723.660600,vcan0,601,7F000000
1780709723.660693,vcan0,602,FF000000
1780709723.676418,vcan0,600,00000000
1780709723.676559,vcan0,601,7F000000
1780709723.676647,vcan0,602,FF000000
1780709723.692421,vcan0,600,00000000
1780709723.692574,vcan0,601,7F000000
1780709723.692663,vcan0,602,FF000000
1780709723.777394,vcan0,600,00000000
1780709723.777600,vcan0,601,7F000000
1780709723.777703,vcan0,602,FF000000
1780709723.777889,vcan0,604,01
1780709723.778004,vcan0,605,00
1780709723.778120,vcan0,607,00
1780709723.792542,vcan0,600,00000000
1780709723.792674,vcan0,601,7F000000
1780709723.792747,vcan0,602,FF000000
1780709723.808381,vcan0,600,00000000
1780709723.808525,vcan0,601,7F000000
1780709723.808609,vcan0,602,FF000000
1780709723.824431,vcan0,600,00000000
1780709723.824585,vcan0,601,7F000000
1780709723.824670,vcan0,602,FF000000
1780709723.913737,vcan0,600,00000000
1780709723.913947,vcan0,601,7F000000
1780709723.914077,vcan0,602,FF000000
1780709723.914257,vcan0,604,01
1780709723.914388,vcan0,605,00
1780709723.914519,vcan0,607,00
1780709723.928435,vcan0,600,00000000
1780709723.928574,vcan0,601,7F000000
1780709723.928643,vcan0,602,FF000000
1780709723.944460,vcan0,600,00000000
1780709723.944588,vcan0,601,7F000000
1780709723.944658,vcan0,602,FF000000
1780709723.960503,vcan0,600,00000000
1780709723.960626,vcan0,601,7F000000
1780709723.960701,vcan0,602,FF000000
1780709724.048018,vcan0,600,00000000
1780709724.048210,vcan0,601,7F000000
1780709724.048354,vcan0,602,FF000000
1780709724.048590,vcan0,604,01
1780709724.048692,vcan0,605,00
1780709724.048781,vcan0,607,00
1780709724.063520,vcan0,600,00000000
1780709724.063653,vcan0,601,7F000000
1780709724.063736,vcan0,602,FF000000
1780709724.079433,vcan0,600,00000000
1780709724.079588,vcan0,601,7F000000
1780709724.079673,vcan0,602,FF000000
1780709724.095404,vcan0,600,00000000
1780709724.095567,vcan0,601,7F000000
1780709724.095656,vcan0,602,FF000000
1780709724.179977,vcan0,600,00000000
1780709724.180343,vcan0,601,7F000000
1780709724.180494,vcan0,602,FF000000
1780709724.180693,vcan0,604,01
1780709724.180805,vcan0,605,00
1780709724.180934,vcan0,607,00
1780709724.195509,vcan0,600,00000000
1780709724.195637,vcan0,601,7F000000
1780709724.195710,vcan0,602,FF000000
1780709724.211547,vcan0,600,00000000
1780709724.211677,vcan0,601,7F000000
1780709724.211753,vcan0,602,FF000000
1780709724.227381,vcan0,600,00000000
1780709724.227508,vcan0,601,7F000000
1780709724.227591,vcan0,602,FF000000
1780709724.315258,vcan0,600,00000000
1780709724.315580,vcan0,601,7F000000
1780709724.315699,vcan0,602,FF000000
1780709724.315943,vcan0,604,01
1780709724.316043,vcan0,605,00
1780709724.316121,vcan0,607,00
1780709724.330382,vcan0,600,00000000
1780709724.330511,vcan0,601,7F000000
1780709724.330584,vcan0,602,FF000000
1780709724.346523,vcan0,600,00000000
1780709724.346645,vcan0,601,7F000000
1780709724.346720,vcan0,602,FF000000
1780709724.362469,vcan0,600,00000000
1780709724.362587,vcan0,601,7F000000
1780709724.362659,vcan0,602,FF000000
1780709724.449431,vcan0,600,00000000
1780709724.449649,vcan0,601,7F000000
1780709724.449764,vcan0,602,FF000000
1780709724.449961,vcan0,604,01
1780709724.450122,vcan0,605,00
1780709724.450272,vcan0,607,00
1780709724.464525,vcan0,600,00000000
1780709724.464656,vcan0,601,7F000000
1780709724.464731,vcan0,602,FF000000
1780709724.480436,vcan0,600,00000000
1780709724.480580,vcan0,601,7F000000
1780709724.480655,vcan0,602,FF000000
1780709724.496522,vcan0,600,00000000
1780709724.496647,vcan0,601,7F000000
1780709724.496721,vcan0,602,FF000000
1780709724.586551,vcan0,600,00000000
1780709724.586714,vcan0,601,7F000000
1780709724.586871,vcan0,602,FF000000
1780709724.587046,vcan0,604,01
1780709724.587214,vcan0,605,00
1780709724.587364,vcan0,607,00
1780709724.601599,vcan0,600,00000000
1780709724.601743,vcan0,601,7F000000
1780709724.601832,vcan0,602,FF000000
1780709724.617636,vcan0,600,00000000
1780709724.617792,vcan0,601,7F000000
1780709724.617899,vcan0,602,FF000000
1780709724.633352,vcan0,600,00000000
1780709724.633520,vcan0,601,7F000000
1780709724.633596,vcan0,602,FF000000
1780709724.734338,vcan0,600,00000000
1780709724.734545,vcan0,601,7F000000
1780709724.734661,vcan0,602,FF000000
1780709724.734866,vcan0,604,01
1780709724.734993,vcan0,605,00
1780709724.735114,vcan0,607,00
1780709724.749420,vcan0,600,00000000
1780709724.749558,vcan0,601,7F000000
1780709724.749636,vcan0,602,FF000000
1780709724.765495,vcan0,600,00000000
1780709724.765616,vcan0,601,7F000000
1780709724.765691,vcan0,602,FF000000
1780709724.781338,vcan0,600,00000000
1780709724.781467,vcan0,601,7F000000
1780709724.781548,vcan0,602,FF000000
1780709724.888144,vcan0,600,00000000
1780709724.888326,vcan0,601,7F000000
1780709724.888432,vcan0,602,FF000000
1780709724.888651,vcan0,604,01
1780709724.888768,vcan0,605,00
1780709724.888869,vcan0,607,00
1780709724.903530,vcan0,600,00000000
1780709724.903672,vcan0,601,7F000000
1780709724.903771,vcan0,602,FF000000
1780709724.919486,vcan0,600,00000000
1780709724.919605,vcan0,601,7F000000
1780709724.919676,vcan0,602,FF000000
1780709724.935373,vcan0,600,00000000
1780709724.935506,vcan0,601,7F000000
1780709724.935581,vcan0,602,FF000000
1780709725.041701,vcan0,600,00000000
1780709725.041847,vcan0,601,7F000000
1780709725.041961,vcan0,602,FF000000
1780709725.042148,vcan0,604,01
1780709725.042287,vcan0,605,00
1780709725.042407,vcan0,607,00
1780709725.057508,vcan0,600,00000000
1780709725.057649,vcan0,601,7F000000
1780709725.057745,vcan0,602,FF000000
1780709725.073489,vcan0,600,00000000
1780709725.073623,vcan0,601,7F000000
1780709725.073714,vcan0,602,FF000000
1780709725.089372,vcan0,600,00000000
1780709725.089524,vcan0,601,7F000000
1780709725.089616,vcan0,602,FF000000
1780709725.202641,vcan0,600,00000000
1780709725.202823,vcan0,601,7F000000
1780709725.202939,vcan0,602,FF000000
1780709725.203125,vcan0,604,01
1780709725.203267,vcan0,605,00
1780709725.203432,vcan0,607,00
1780709725.217596,vcan0,600,00000000
1780709725.217732,vcan0,601,7F000000
1780709725.217808,vcan0,602,FF000000
1780709725.233402,vcan0,600,00000000
1780709725.233544,vcan0,601,7F000000
1780709725.233624,vcan0,602,FF000000
1780709725.249537,vcan0,600,00000000
1780709725.249656,vcan0,601,7F000000
1780709725.249732,vcan0,602,00000000
1780709725.367367,vcan0,600,00000000
1780709725.367553,vcan0,601,7F000000
1780709725.367637,vcan0,602,00000000
1780709725.367769,vcan0,604,01
1780709725.367858,vcan0,605,00
1780709725.367960,vcan0,607,00
1780709725.383481,vcan0,600,00000000
1780709725.383617,vcan0,601,7F000000
1780709725.383702,vcan0,602,00000000
1780709725.399367,vcan0,600,00000000
1780709725.399496,vcan0,601,7F000000
1780709725.399578,vcan0,602,00000000
1780709725.415380,vcan0,600,00000000
1780709725.415503,vcan0,601,7F000000
1780709725.415582,vcan0,602,00000000
1780709725.537616,vcan0,600,00000000
1780709725.537802,vcan0,601,7F000000
1780709725.537900,vcan0,602,00000000
1780709725.538067,vcan0,604,01
1780709725.538189,vcan0,605,00
1780709725.538291,vcan0,607,00
1780709725.552489,vcan0,600,00000000
1780709725.552630,vcan0,601,7F000000
1780709725.552723,vcan0,602,00000000
1780709725.568397,vcan0,600,00000000
1780709725.568564,vcan0,601,7F000000
1780709725.568666,vcan0,602,00000000
1780709725.584381,vcan0,600,00000000
1780709725.584541,vcan0,601,7F000000
1780709725.584633,vcan0,602,00000000
1780709725.710871,vcan0,600,00000000
1780709725.711081,vcan0,601,7F000000
1780709725.711160,vcan0,602,00000000
1780709725.711334,vcan0,604,01
1780709725.711475,vcan0,605,00
1780709725.711579,vcan0,607,00
1780709725.726533,vcan0,600,00000000
1780709725.726690,vcan0,601,7F000000
1780709725.726787,vcan0,602,00000000
1780709725.742643,vcan0,600,00000000
1780709725.742796,vcan0,601,7F000000
1780709725.742889,vcan0,602,00000000
1780709725.758406,vcan0,600,00000000
1780709725.758552,vcan0,601,7F000000
1780709725.758627,vcan0,602,00000000
1780709725.884309,vcan0,600,00000000
1780709725.884636,vcan0,601,7F000000
1780709725.884768,vcan0,602,00000000
1780709725.884935,vcan0,604,01
1780709725.885092,vcan0,605,00
1780709725.885200,vcan0,607,00
1780709725.899607,vcan0,600,00000000
1780709725.899761,vcan0,601,7F000000
1780709725.899867,vcan0,602,00000000
1780709725.915463,vcan0,600,00000000
1780709725.915595,vcan0,601,7F000000
1780709725.915679,vcan0,602,00000000
1780709725.931407,vcan0,600,00000000
1780709725.931541,vcan0,601,7F000000
1780709725.931618,vcan0,602,00000000
1780709726.058203,vcan0,600,00000000
1780709726.058412,vcan0,601,7F000000
1780709726.058552,vcan0,602,00000000
1780709726.058777,vcan0,604,01
1780709726.058905,vcan0,605,00
1780709726.059082,vcan0,607,00
1780709726.073523,vcan0,600,00000000
1780709726.073714,vcan0,601,7F000000
1780709726.073849,vcan0,602,00000000
1780709726.089472,vcan0,600,00000000
1780709726.089611,vcan0,601,7F000000
1780709726.089703,vcan0,602,00000000
1780709726.105391,vcan0,600,00000000
1780709726.105517,vcan0,601,7F000000
1780709726.105617,vcan0,602,00000000
1780709726.232256,vcan0,600,00000000
1780709726.232478,vcan0,601,7F000000
1780709726.232601,vcan0,602,00000000
1780709726.232805,vcan0,604,01
1780709726.232931,vcan0,605,00
1780709726.233042,vcan0,607,00
1780709726.247407,vcan0,600,00000000
1780709726.247548,vcan0,601,7F000000
1780709726.247622,vcan0,602,00000000
1780709726.263414,vcan0,600,00000000
1780709726.263546,vcan0,601,7F000000
1780709726.263623,vcan0,602,00000000
1780709726.279384,vcan0,600,00000000
1780709726.279513,vcan0,601,7F000000
1780709726.279598,vcan0,602,00000000
1780709726.407469,vcan0,600,00000000
1780709726.407687,vcan0,601,7F000000
1780709726.407768,vcan0,602,00000000
1780709726.407904,vcan0,604,01
1780709726.407974,vcan0,605,00
1780709726.408045,vcan0,607,00
1780709726.422734,vcan0,600,00000000
1780709726.422909,vcan0,601,7F000000
1780709726.423020,vcan0,602,00000000
1780709726.438561,vcan0,600,00000000
1780709726.438714,vcan0,601,7F000000
1780709726.438819,vcan0,602,00000000
1780709726.454371,vcan0,600,00000000
1780709726.454518,vcan0,601,7F000000
1780709726.454600,vcan0,602,00000000
1780709726.582680,vcan0,600,00000000
1780709726.582968,vcan0,601,7F000000
1780709726.583095,vcan0,602,00000000
1780709726.583270,vcan0,604,01
1780709726.583375,vcan0,605,00
1780709726.583500,vcan0,607,00
1780709726.597491,vcan0,600,00000000
1780709726.597646,vcan0,601,7F000000
1780709726.597753,vcan0,602,00000000
1780709726.613524,vcan0,600,00000000
1780709726.613662,vcan0,601,7F000000
1780709726.613764,vcan0,602,00000000
1780709726.629410,vcan0,600,00000000
1780709726.629540,vcan0,601,7F000000
1780709726.629617,vcan0,602,00000000
1780709726.754324,vcan0,600,00000000
1780709726.754495,vcan0,601,7F000000
1780709726.754573,vcan0,602,00000000
1780709726.754694,vcan0,604,01
1780709726.754763,vcan0,605,00
1780709726.754835,vcan0,607,00
1780709726.769692,vcan0,600,00000000
1780709726.769850,vcan0,601,7F000000
1780709726.769937,vcan0,602,00000000
1780709726.785529,vcan0,600,00000000
1780709726.785680,vcan0,601,7F000000
1780709726.785784,vcan0,602,00000000
1780709726.801413,vcan0,600,00000000
1780709726.801570,vcan0,601,7F000000
1780709726.801644,vcan0,602,00000000
1780709726.922662,vcan0,600,00000000
1780709726.922857,vcan0,601,7F000000
1780709726.922956,vcan0,602,00000000
1780709726.923111,vcan0,604,01
1780709726.923208,vcan0,605,00
1780709726.923320,vcan0,607,00
1780709726.937477,vcan0,600,00000000
1780709726.937619,vcan0,601,7F000000
1780709726.937696,vcan0,602,00000000
1780709726.953510,vcan0,600,00000000
1780709726.953712,vcan0,601,7F000000
1780709726.953786,vcan0,602,00000000
1780709726.969602,vcan0,600,00000000
1780709726.969731,vcan0,601,7F000000
1780709726.969805,vcan0,602,00000000
1780709727.099733,vcan0,600,00000000
1780709727.100026,vcan0,601,7F000000
1780709727.101150,vcan0,602,00000000
1780709727.101407,vcan0,604,01
1780709727.101543,vcan0,605,00
1780709727.101651,vcan0,607,00
1780709727.115338,vcan0,600,00000000
1780709727.115471,vcan0,601,7F000000
1780709727.115560,vcan0,602,00000000
1780709727.131355,vcan0,600,00000000
1780709727.131494,vcan0,601,7F000000
1780709727.131580,vcan0,602,00000000
1780709727.147348,vcan0,600,00000000
1780709727.147483,vcan0,601,7F000000
1780709727.147571,vcan0,602,00000000
1780709727.266047,vcan0,600,00000000
1780709727.266214,vcan0,601,7F000000
1780709727.266300,vcan0,602,00000000
1780709727.266468,vcan0,604,01
1780709727.266554,vcan0,605,00
1780709727.266625,vcan0,607,00
1780709727.281414,vcan0,600,00000000
1780709727.281539,vcan0,601,7F000000
1780709727.281615,vcan0,602,00000000
1780709727.297341,vcan0,600,00000000
1780709727.297474,vcan0,601,7F000000
1780709727.297556,vcan0,602,00000000
1780709727.313337,vcan0,600,00000000
1780709727.313489,vcan0,601,7F000000
1780709727.313571,vcan0,602,00000000
1780709727.435179,vcan0,600,00000000
1780709727.435337,vcan0,601,7F000000
1780709727.435441,vcan0,602,00000000
1780709727.435658,vcan0,604,01
1780709727.435756,vcan0,605,00
1780709727.435851,vcan0,607,00
1780709727.450482,vcan0,600,00000000
1780709727.450615,vcan0,601,7F000000
1780709727.450690,vcan0,602,00000000
1780709727.466395,vcan0,60D,00000000
1780709727.466552,vcan0,600,00000000
1780709727.466632,vcan0,601,7F000000
1780709727.466703,vcan0,602,00000000
1780709727.482347,vcan0,600,00000000
1780709727.482491,vcan0,601,7F000000
1780709727.482578,vcan0,602,00000000
1780709727.603078,vcan0,600,00000000
1780709727.603250,vcan0,601,7F000000
1780709727.603361,vcan0,602,00000000
1780709727.603512,vcan0,603,01000000
1780709727.603653,vcan0,604,00
1780709727.603754,vcan0,605,00
1780709727.603866,vcan0,607,00
1780709727.618482,vcan0,600,00000000
1780709727.618655,vcan0,601,7F000000
1780709727.618767,vcan0,602,00000000
1780709727.634380,vcan0,600,00000000
1780709727.634519,vcan0,601,7F000000
1780709727.634599,vcan0,602,00000000
1780709727.650381,vcan0,600,00000000
1780709727.650530,vcan0,601,7F000000
1780709727.650607,vcan0,602,00000000
1780709727.769334,vcan0,600,00000000
1780709727.769587,vcan0,601,7F000000
1780709727.769706,vcan0,602,00000000
1780709727.769843,vcan0,603,01000000
1780709727.769945,vcan0,604,00
1780709727.770016,vcan0,605,00
1780709727.770083,vcan0,607,00
1780709727.784272,vcan0,600,00000000
1780709727.784428,vcan0,601,7F000000
1780709727.784599,vcan0,602,00000000
1780709727.800375,vcan0,600,00000000
1780709727.800534,vcan0,601,7F000000
1780709727.800631,vcan0,602,00000000
1780709727.816372,vcan0,600,00000000
1780709727.816532,vcan0,601,7F000000
1780709727.816623,vcan0,602,00000000
1780709727.935360,vcan0,600,00000000
1780709727.935588,vcan0,601,7F000000
1780709727.935689,vcan0,602,00000000
1780709727.935965,vcan0,603,01000000
1780709727.936105,vcan0,604,00
1780709727.936222,vcan0,605,00
1780709727.936328,vcan0,607,00
1780709727.950433,vcan0,600,00000000
1780709727.950584,vcan0,601,7F000000
1780709727.950666,vcan0,602,00000000
1780709727.966324,vcan0,600,00000000
1780709727.966436,vcan0,601,7F000000
1780709727.966549,vcan0,602,00000000
1780709727.981343,vcan0,600,00000000
1780709727.981487,vcan0,601,7F000000
1780709727.981569,vcan0,602,00000000
1780709728.101741,vcan0,600,00000000
1780709728.101867,vcan0,601,7F000000
1780709728.101945,vcan0,602,00000000
1780709728.102018,vcan0,603,01000000
1780709728.102100,vcan0,604,00
1780709728.102209,vcan0,605,00
1780709728.102350,vcan0,607,00
1780709728.117503,vcan0,600,00000000
1780709728.117679,vcan0,601,7F000000
1780709728.117793,vcan0,602,00000000
1780709728.133361,vcan0,600,00000000
1780709728.133515,vcan0,601,7F000000
1780709728.133589,vcan0,602,00000000
1780709728.149299,vcan0,600,00000000
1780709728.149413,vcan0,601,7F000000
1780709728.149509,vcan0,602,00000000
1780709728.265655,vcan0,600,00000000
1780709728.265812,vcan0,601,7F000000
1780709728.265901,vcan0,602,00000000
1780709728.265981,vcan0,603,01000000
1780709728.266051,vcan0,604,00
1780709728.266120,vcan0,605,00
1780709728.266233,vcan0,607,00
1780709728.281328,vcan0,600,00000000
1780709728.281473,vcan0,601,7F000000
1780709728.281553,vcan0,602,00000000
1780709728.297340,vcan0,600,00000000
1780709728.297463,vcan0,601,7F000000
1780709728.297543,vcan0,602,00000000
1780709728.313369,vcan0,600,00000000
1780709728.313493,vcan0,601,7F000000
1780709728.313572,vcan0,602,00000000
1780709728.429239,vcan0,600,00000000
1780709728.429381,vcan0,601,7F000000
1780709728.429501,vcan0,602,00000000
1780709728.429578,vcan0,603,01000000
1780709728.429655,vcan0,604,00
1780709728.429724,vcan0,605,00
1780709728.429851,vcan0,607,00
1780709728.444257,vcan0,600,00000000
1780709728.444374,vcan0,601,7F000000
1780709728.444475,vcan0,602,00000000
1780709728.460415,vcan0,600,00000000
1780709728.460547,vcan0,601,7F000000
1780709728.460619,vcan0,602,00000000
1780709728.476340,vcan0,600,00000000
1780709728.476465,vcan0,601,7F000000
1780709728.476539,vcan0,602,00000000
1780709728.589249,vcan0,600,00000000
1780709728.589387,vcan0,601,7F000000
1780709728.589499,vcan0,602,00000000
1780709728.589572,vcan0,603,01000000
1780709728.589647,vcan0,604,00
1780709728.589730,vcan0,605,00
1780709728.589830,vcan0,607,00
1780709728.604517,vcan0,600,00000000
1780709728.604651,vcan0,601,7F000000
1780709728.604732,vcan0,602,00000000
1780709728.620366,vcan0,600,00000000
1780709728.620500,vcan0,601,7F000000
1780709728.620574,vcan0,602,00000000
1780709728.636357,vcan0,600,00000000
1780709728.636491,vcan0,601,7F000000
1780709728.636565,vcan0,602,00000000
1780709728.750104,vcan0,600,00000000
1780709728.750647,vcan0,601,7F000000
1780709728.750798,vcan0,602,00000000
1780709728.750907,vcan0,603,01000000
1780709728.751011,vcan0,604,00
1780709728.751110,vcan0,605,00
1780709728.751231,vcan0,607,00
1780709728.765285,vcan0,600,00000000
1780709728.765399,vcan0,601,7F000000
1780709728.765483,vcan0,602,00000000
1780709728.781341,vcan0,600,00000000
1780709728.781477,vcan0,601,7F000000
1780709728.781555,vcan0,602,00000000
1780709728.797351,vcan0,600,00000000
1780709728.797491,vcan0,601,7F000000
1780709728.797571,vcan0,602,00000000
1780709728.911038,vcan0,600,00000000
1780709728.911321,vcan0,601,7F000000
1780709728.911438,vcan0,602,00000000
1780709728.911561,vcan0,603,01000000
1780709728.911646,vcan0,604,00
1780709728.911717,vcan0,605,00
1780709728.911792,vcan0,607,00
1780709728.926322,vcan0,600,00000000
1780709728.926425,vcan0,601,7F000000
1780709728.926517,vcan0,602,00000000
1780709728.942307,vcan0,600,00000000
1780709728.942422,vcan0,601,7F000000
1780709728.942516,vcan0,602,00000000
1780709728.958304,vcan0,600,00000000
1780709728.958418,vcan0,601,7F000000
1780709728.958513,vcan0,602,00000000
1780709729.074265,vcan0,600,00000000
1780709729.074678,vcan0,601,7F000000
1780709729.074817,vcan0,602,19000000
1780709729.074910,vcan0,603,01000000
1780709729.075058,vcan0,604,00
1780709729.075142,vcan0,605,00
1780709729.075227,vcan0,607,00
1780709729.089488,vcan0,600,00000000
1780709729.089703,vcan0,601,7F000000
1780709729.089877,vcan0,602,33000000
1780709729.105498,vcan0,600,00000000
1780709729.105643,vcan0,601,7F000000
1780709729.105747,vcan0,602,4C000000
1780709729.121470,vcan0,600,00000000
1780709729.121614,vcan0,601,7F000000
1780709729.121689,vcan0,602,66000000
1780709729.241580,vcan0,600,00000000
1780709729.241722,vcan0,601,7F000000
1780709729.241819,vcan0,602,7F000000
1780709729.241893,vcan0,603,01000000
1780709729.241963,vcan0,604,00
1780709729.242030,vcan0,605,00
1780709729.242104,vcan0,607,00
1780709729.257486,vcan0,600,00000000
1780709729.257605,vcan0,601,7F000000
1780709729.257675,vcan0,602,99000000
1780709729.273365,vcan0,600,00000000
1780709729.273501,vcan0,601,7F000000
1780709729.273575,vcan0,602,B2000000
1780709729.289377,vcan0,600,00000000
1780709729.289515,vcan0,601,7F000000
1780709729.289590,vcan0,602,CC000000
1780709729.401406,vcan0,600,00000000
1780709729.401665,vcan0,601,72000000
1780709729.401792,vcan0,602,E5000000
1780709729.401893,vcan0,603,01000000
1780709729.401990,vcan0,604,00
1780709729.402072,vcan0,605,00
1780709729.402160,vcan0,607,00
1780709729.416205,vcan0,600,00000000
1780709729.416315,vcan0,601,72000000
1780709729.416388,vcan0,602,FF000000
1780709729.432320,vcan0,600,00000000
1780709729.432430,vcan0,601,72000000
1780709729.432524,vcan0,602,FF000000
1780709729.448341,vcan0,600,00000000
1780709729.448462,vcan0,601,72000000
1780709729.448540,vcan0,602,FF000000
1780709729.559157,vcan0,600,00000000
1780709729.559311,vcan0,601,65000000
1780709729.559411,vcan0,602,FF000000
1780709729.559563,vcan0,603,01000000
1780709729.559684,vcan0,604,00
1780709729.559783,vcan0,605,00
1780709729.559879,vcan0,607,00
1780709729.574208,vcan0,600,00000000
1780709729.574312,vcan0,601,65000000
1780709729.574394,vcan0,602,FF000000
1780709729.590331,vcan0,600,00000000
1780709729.590478,vcan0,601,65000000
1780709729.590572,vcan0,602,FF000000
1780709729.606305,vcan0,600,00000000
1780709729.606435,vcan0,601,65000000
1780709729.606545,vcan0,602,FF000000
1780709729.718688,vcan0,600,00000000
1780709729.718913,vcan0,601,65000000
1780709729.719009,vcan0,602,FF000000
1780709729.719100,vcan0,603,01000000
1780709729.719209,vcan0,604,00
1780709729.719304,vcan0,605,00
1780709729.719417,vcan0,607,00
1780709729.733317,vcan0,600,00000000
1780709729.733437,vcan0,601,65000000
1780709729.733551,vcan0,602,FF000000
1780709729.749357,vcan0,600,00000000
1780709729.749494,vcan0,601,59000000
1780709729.749576,vcan0,602,FF000000
1780709729.765471,vcan0,600,00000000
1780709729.765613,vcan0,601,59000000
1780709729.765725,vcan0,602,FF000000
1780709729.878961,vcan0,600,00000000
1780709729.879152,vcan0,601,59000000
1780709729.879259,vcan0,602,FF000000
1780709729.879380,vcan0,603,01000000
1780709729.879518,vcan0,604,00
1780709729.879643,vcan0,605,00
1780709729.879743,vcan0,607,00
1780709729.894235,vcan0,600,00000000
1780709729.894352,vcan0,601,59000000
1780709729.894437,vcan0,602,FF000000
1780709729.910412,vcan0,600,00000000
1780709729.910556,vcan0,601,59000000
1780709729.910645,vcan0,602,FF000000
1780709729.926299,vcan0,600,00000000
1780709729.926422,vcan0,601,59000000
1780709729.926535,vcan0,602,FF000000
1780709730.041795,vcan0,600,00000000
1780709730.042077,vcan0,601,4C000000
1780709730.042204,vcan0,602,FF000000
1780709730.042350,vcan0,603,01000000
1780709730.042493,vcan0,604,00
1780709730.042638,vcan0,605,00
1780709730.042756,vcan0,607,00
1780709730.056577,vcan0,600,00000000
1780709730.056717,vcan0,601,4C000000
1780709730.056807,vcan0,602,FF000000
1780709730.072342,vcan0,600,00000000
1780709730.072482,vcan0,601,4C000000
1780709730.072570,vcan0,602,FF000000
1780709730.088462,vcan0,600,00000000
1780709730.088595,vcan0,601,4C000000
1780709730.088679,vcan0,602,FF000000
1780709730.206005,vcan0,600,00000000
1780709730.206253,vcan0,601,7F000000
1780709730.206437,vcan0,602,FF000000
1780709730.206592,vcan0,603,01000000
1780709730.206738,vcan0,604,00
1780709730.206856,vcan0,605,00
1780709730.206968,vcan0,607,00
1780709730.221327,vcan0,600,00000000
1780709730.221482,vcan0,601,7F000000
1780709730.221569,vcan0,602,FF000000
1780709730.237348,vcan0,600,00000000
1780709730.237504,vcan0,601,7F000000
1780709730.237594,vcan0,602,FF000000
1780709730.253363,vcan0,600,00000000
1780709730.253516,vcan0,601,7F000000
1780709730.253604,vcan0,602,FF000000
1780709730.366031,vcan0,600,00000000
1780709730.366230,vcan0,601,7F000000
1780709730.366357,vcan0,602,FF000000
1780709730.366483,vcan0,603,01000000
1780709730.366602,vcan0,604,00
1780709730.366725,vcan0,605,00
1780709730.366847,vcan0,607,00
1780709730.382387,vcan0,600,00000000
1780709730.382578,vcan0,601,7F000000
1780709730.382667,vcan0,602,FF000000
1780709730.398422,vcan0,600,00000000
1780709730.398575,vcan0,601,7F000000
1780709730.398664,vcan0,602,FF000000
1780709730.414329,vcan0,600,00000000
1780709730.414493,vcan0,601,7F000000
1780709730.414591,vcan0,602,FF000000
1780709730.526533,vcan0,600,00000000
1780709730.526709,vcan0,601,72000000
1780709730.526849,vcan0,602,FF000000
1780709730.526967,vcan0,603,01000000
1780709730.527086,vcan0,604,00
1780709730.527204,vcan0,605,00
1780709730.527309,vcan0,607,00
1780709730.541321,vcan0,600,00000000
1780709730.541458,vcan0,601,72000000
1780709730.541543,vcan0,602,FF000000
1780709730.557436,vcan0,600,00000000
1780709730.557583,vcan0,601,72000000
1780709730.557655,vcan0,602,FF000000
1780709730.573327,vcan0,600,00000000
1780709730.573479,vcan0,601,72000000
1780709730.573598,vcan0,602,FF000000
1780709730.686811,vcan0,600,00000000
1780709730.687084,vcan0,601,72000000
1780709730.687209,vcan0,602,FF000000
1780709730.687316,vcan0,603,01000000
1780709730.687388,vcan0,604,00
1780709730.687488,vcan0,605,00
1780709730.687589,vcan0,607,00
1780709730.702463,vcan0,600,00000000
1780709730.702618,vcan0,601,72000000
1780709730.702699,vcan0,602,FF000000
1780709730.718398,vcan0,600,00000000
1780709730.718560,vcan0,601,65000000
1780709730.718638,vcan0,602,FF000000
1780709730.734397,vcan0,600,00000000
1780709730.734540,vcan0,601,65000000
1780709730.734623,vcan0,602,FF000000
1780709730.849857,vcan0,600,00000000
1780709730.850047,vcan0,601,65000000
1780709730.850147,vcan0,602,FF000000
1780709730.850244,vcan0,603,01000000
1780709730.850345,vcan0,604,00
1780709730.850504,vcan0,605,00
1780709730.850635,vcan0,607,00
1780709730.865255,vcan0,600,00000000
1780709730.865357,vcan0,601,65000000
1780709730.865432,vcan0,602,FF000000
1780709730.881328,vcan0,600,00000000
1780709730.881458,vcan0,601,65000000
1780709730.881542,vcan0,602,FF000000
1780709730.897359,vcan0,600,00000000
1780709730.897496,vcan0,601,65000000
1780709730.897571,vcan0,602,FF000000
1780709731.014046,vcan0,600,00000000
1780709731.014248,vcan0,601,7F000000
1780709731.014368,vcan0,602,FF000000
1780709731.014500,vcan0,603,01000000
1780709731.014602,vcan0,604,00
1780709731.014697,vcan0,605,00
1780709731.014802,vcan0,607,00
1780709731.029468,vcan0,600,00000000
1780709731.029608,vcan0,601,7F000000
1780709731.029684,vcan0,602,FF000000
1780709731.045355,vcan0,600,00000000
1780709731.045508,vcan0,601,7F000000
1780709731.045587,vcan0,602,FF000000
1780709731.061381,vcan0,600,00000000
1780709731.061545,vcan0,601,7F000000
1780709731.061627,vcan0,602,FF000000
1780709731.180804,vcan0,600,00000000
1780709731.181037,vcan0,601,7F000000
1780709731.181163,vcan0,602,FF000000
1780709731.181321,vcan0,603,01000000
1780709731.181416,vcan0,604,00
1780709731.181543,vcan0,605,00
1780709731.181659,vcan0,607,00
1780709731.196407,vcan0,600,00000000
1780709731.196597,vcan0,601,7F000000
1780709731.196696,vcan0,602,FF000000
1780709731.212404,vcan0,600,00000000
1780709731.212557,vcan0,601,7F000000
1780709731.212652,vcan0,602,FF000000
1780709731.228379,vcan0,600,00000000
1780709731.228503,vcan0,601,7F000000
1780709731.228582,vcan0,602,FF000000
1780709731.345487,vcan0,600,00000000
1780709731.345697,vcan0,601,7F000000
1780709731.345810,vcan0,602,FF000000
1780709731.345905,vcan0,603,01000000
1780709731.345999,vcan0,604,00
1780709731.346087,vcan0,605,00
1780709731.346194,vcan0,607,00
1780709731.361427,vcan0,600,00000000
1780709731.361570,vcan0,601,7F000000
1780709731.361645,vcan0,602,FF000000
1780709731.378302,vcan0,600,00000000
1780709731.378434,vcan0,601,7F000000
1780709731.378525,vcan0,602,FF000000
1780709731.394324,vcan0,600,00000000
1780709731.394487,vcan0,601,7F000000
1780709731.394610,vcan0,602,FF000000
1780709731.503097,vcan0,600,00000000
1780709731.503320,vcan0,601,7F000000
1780709731.503430,vcan0,602,FF000000
1780709731.503555,vcan0,603,01000000
1780709731.503651,vcan0,604,00
1780709731.503746,vcan0,605,00
1780709731.503849,vcan0,607,00
1780709731.518322,vcan0,600,00000000
1780709731.518492,vcan0,601,7F000000
1780709731.518602,vcan0,602,FF000000
1780709731.534506,vcan0,600,00000000
1780709731.534677,vcan0,601,7F000000
1780709731.534789,vcan0,602,FF000000
1780709731.550319,vcan0,600,00000000
1780709731.550458,vcan0,601,7F000000
1780709731.550555,vcan0,602,FF000000
1780709731.660134,vcan0,600,00000000
1780709731.660377,vcan0,601,7F000000
1780709731.660520,vcan0,602,FF000000
1780709731.660629,vcan0,603,01000000
1780709731.660808,vcan0,604,00
1780709731.660900,vcan0,605,00
1780709731.661004,vcan0,607,00
1780709731.675261,vcan0,600,00000000
1780709731.675393,vcan0,601,7F000000
1780709731.675479,vcan0,602,FF000000
1780709731.691342,vcan0,600,00000000
1780709731.691493,vcan0,601,7F000000
1780709731.691579,vcan0,602,FF000000
1780709731.707330,vcan0,600,00000000
1780709731.707473,vcan0,601,7F000000
1780709731.707559,vcan0,602,FF000000
1780709731.817505,vcan0,600,00000000
1780709731.817711,vcan0,601,8C000000
1780709731.817814,vcan0,602,FF000000
1780709731.817925,vcan0,603,01000000
1780709731.818059,vcan0,604,00
1780709731.818162,vcan0,605,00
1780709731.818269,vcan0,607,00
1780709731.832348,vcan0,600,00000000
1780709731.832493,vcan0,601,8C000000
1780709731.832574,vcan0,602,FF000000
1780709731.848300,vcan0,600,00000000
1780709731.848431,vcan0,601,8C000000
1780709731.848533,vcan0,602,FF000000
1780709731.864329,vcan0,600,00000000
1780709731.864477,vcan0,601,8C000000
1780709731.864595,vcan0,602,FF000000
1780709731.974349,vcan0,600,00000000
1780709731.974616,vcan0,601,7F000000
1780709731.974724,vcan0,602,FF000000
1780709731.974909,vcan0,603,01000000
1780709731.975078,vcan0,604,00
1780709731.975180,vcan0,605,00
1780709731.975284,vcan0,607,00
1780709731.989405,vcan0,600,00000000
1780709731.989554,vcan0,601,7F000000
1780709731.989654,vcan0,602,FF000000
1780709732.005386,vcan0,600,00000000
1780709732.005533,vcan0,601,7F000000
1780709732.005607,vcan0,602,FF000000
1780709732.021362,vcan0,600,00000000
1780709732.021511,vcan0,601,7F000000
1780709732.021595,vcan0,602,FF000000
1780709732.128908,vcan0,600,00000000
1780709732.129089,vcan0,601,8C000000
1780709732.129187,vcan0,602,FF000000
1780709732.129270,vcan0,603,01000000
1780709732.129343,vcan0,604,00
1780709732.129416,vcan0,605,00
1780709732.129532,vcan0,607,00
1780709732.144331,vcan0,600,00000000
1780709732.144434,vcan0,601,8C000000
1780709732.144531,vcan0,602,FF000000
1780709732.160309,vcan0,600,00000000
1780709732.160416,vcan0,601,8C000000
1780709732.160510,vcan0,602,FF000000
1780709732.176332,vcan0,600,00000000
1780709732.176433,vcan0,601,8C000000
1780709732.176530,vcan0,602,FF000000
1780709732.278466,vcan0,600,00000000
1780709732.278641,vcan0,601,7F000000
1780709732.278755,vcan0,602,FF000000
1780709732.278863,vcan0,603,01000000
1780709732.278945,vcan0,604,00
1780709732.279021,vcan0,605,00
1780709732.279132,vcan0,607,00
1780709732.293265,vcan0,600,00000000
1780709732.293403,vcan0,601,7F000000
1780709732.293501,vcan0,602,FF000000
1780709732.309297,vcan0,600,00000000
1780709732.309418,vcan0,601,7F000000
1780709732.309517,vcan0,602,FF000000
1780709732.325315,vcan0,600,00000000
1780709732.325463,vcan0,601,7F000000
1780709732.325577,vcan0,602,FF000000
1780709732.425065,vcan0,600,00000000
1780709732.425263,vcan0,601,7F000000
1780709732.425380,vcan0,602,FF000000
1780709732.425514,vcan0,603,01000000
1780709732.425644,vcan0,604,00
1780709732.425758,vcan0,605,00
1780709732.425852,vcan0,607,00
1780709732.440289,vcan0,600,00000000
1780709732.440463,vcan0,601,7F000000
1780709732.440573,vcan0,602,FF000000
1780709732.456512,vcan0,600,00000000
1780709732.456641,vcan0,601,7F000000
1780709732.456722,vcan0,602,FF000000
1780709732.472353,vcan0,600,00000000
1780709732.472485,vcan0,601,7F000000
1780709732.472570,vcan0,602,FF000000
1780709732.570111,vcan0,600,00000000
1780709732.570285,vcan0,601,8C000000
1780709732.570392,vcan0,602,FF000000
1780709732.570558,vcan0,603,01000000
1780709732.570663,vcan0,604,00
1780709732.570781,vcan0,605,00
1780709732.570890,vcan0,607,00
1780709732.585641,vcan0,600,00000000
1780709732.585792,vcan0,601,8C000000
1780709732.585892,vcan0,602,FF000000
1780709732.601367,vcan0,600,00000000
1780709732.601520,vcan0,601,8C000000
1780709732.601596,vcan0,602,FF000000
1780709732.617354,vcan0,600,00000000
1780709732.617485,vcan0,601,8C000000
1780709732.617558,vcan0,602,FF000000
1780709732.712067,vcan0,600,00000000
1780709732.712228,vcan0,601,8C000000
1780709732.712323,vcan0,602,FF000000
1780709732.712423,vcan0,603,01000000
1780709732.712568,vcan0,604,00
1780709732.712674,vcan0,605,00
1780709732.712766,vcan0,607,00
1780709732.727303,vcan0,600,00000000
1780709732.727415,vcan0,601,8C000000
1780709732.727502,vcan0,602,FF000000
1780709732.743361,vcan0,600,00000000
1780709732.743502,vcan0,601,7F000000
1780709732.743577,vcan0,602,FF000000
1780709732.759359,vcan0,600,00000000
1780709732.759491,vcan0,601,7F000000
1780709732.759572,vcan0,602,FF000000
1780709732.847749,vcan0,600,00000000
1780709732.847933,vcan0,601,7F000000
1780709732.848040,vcan0,602,FF000000
1780709732.848142,vcan0,603,01000000
1780709732.848262,vcan0,604,00
1780709732.848376,vcan0,605,00
1780709732.848535,vcan0,607,00
1780709732.863321,vcan0,600,00000000
1780709732.863467,vcan0,601,8C000000
1780709732.863557,vcan0,602,FF000000
1780709732.879386,vcan0,600,00000000
1780709732.879536,vcan0,601,8C000000
1780709732.879621,vcan0,602,FF000000
1780709732.895310,vcan0,600,00000000
1780709732.895431,vcan0,601,8C000000
1780709732.895537,vcan0,602,FF000000
1780709732.974710,vcan0,600,00000000
1780709732.974877,vcan0,601,7F000000
1780709732.974974,vcan0,602,FF000000
1780709732.975067,vcan0,603,01000000
1780709732.975155,vcan0,604,00
1780709732.975252,vcan0,605,00
1780709732.975357,vcan0,607,00
1780709732.989499,vcan0,600,00000000
1780709732.989659,vcan0,601,7F000000
1780709732.989806,vcan0,602,FF000000
1780709733.005479,vcan0,600,00000000
1780709733.005615,vcan0,601,7F000000
1780709733.005704,vcan0,602,FF000000
1780709733.021344,vcan0,600,00000000
1780709733.021499,vcan0,601,7F000000
1780709733.021589,vcan0,602,FF000000
1780709733.102431,vcan0,600,00000000
1780709733.102673,vcan0,601,7F000000
1780709733.102790,vcan0,602,FF000000
1780709733.102901,vcan0,603,01000000
1780709733.102997,vcan0,604,00
1780709733.103094,vcan0,605,00
1780709733.103189,vcan0,607,00
1780709733.117368,vcan0,600,00000000
1780709733.117539,vcan0,601,7F000000
1780709733.117618,vcan0,602,FF000000
1780709733.133327,vcan0,600,00000000
1780709733.133466,vcan0,601,7F000000
1780709733.133545,vcan0,602,FF000000
1780709733.149345,vcan0,600,00000000
1780709733.149532,vcan0,601,7F000000
1780709733.149637,vcan0,602,FF000000
1780709733.232157,vcan0,600,00000000
1780709733.232385,vcan0,601,7F000000
1780709733.232484,vcan0,602,FF000000
1780709733.232562,vcan0,603,01000000
1780709733.232633,vcan0,604,00
1780709733.232713,vcan0,605,00
1780709733.232783,vcan0,607,00
1780709733.247354,vcan0,600,00000000
1780709733.247520,vcan0,601,7F000000
1780709733.247620,vcan0,602,FF000000
1780709733.263363,vcan0,600,00000000
1780709733.263498,vcan0,601,7F000000
1780709733.263581,vcan0,602,FF000000
1780709733.279381,vcan0,600,00000000
1780709733.279537,vcan0,601,7F000000
1780709733.279622,vcan0,602,FF000000
1780709733.364639,vcan0,600,00000000
1780709733.364794,vcan0,601,7F000000
1780709733.364895,vcan0,602,FF000000
1780709733.364999,vcan0,603,01000000
1780709733.365105,vcan0,604,00
1780709733.365223,vcan0,605,00
1780709733.365383,vcan0,607,00
1780709733.381296,vcan0,600,00000000
1780709733.381419,vcan0,601,7F000000
1780709733.381513,vcan0,602,FF000000
1780709733.397302,vcan0,600,00000000
1780709733.397424,vcan0,601,7F000000
1780709733.397519,vcan0,602,FF000000
1780709733.413361,vcan0,600,00000000
1780709733.413513,vcan0,601,7F000000
1780709733.413621,vcan0,602,FF000000
1780709733.485017,vcan0,600,00000000
1780709733.486546,vcan0,601,7F000000
1780709733.486690,vcan0,602,FF000000
1780709733.486795,vcan0,603,01000000
1780709733.486891,vcan0,604,00
1780709733.486977,vcan0,605,00
1780709733.487462,vcan0,607,00
1780709733.500390,vcan0,600,00000000
1780709733.500762,vcan0,601,7F000000
1780709733.500841,vcan0,602,00000000
1780709733.516387,vcan0,600,00000000
1780709733.516545,vcan0,601,7F000000
1780709733.516623,vcan0,602,00000000
1780709733.532407,vcan0,600,00000000
1780709733.532557,vcan0,601,7F000000
1780709733.532632,vcan0,602,00000000
1780709733.601243,vcan0,600,00000000
1780709733.601395,vcan0,601,7F000000
1780709733.601503,vcan0,602,00000000
1780709733.601621,vcan0,603,01000000
1780709733.601719,vcan0,604,00
1780709733.601813,vcan0,605,00
1780709733.601885,vcan0,607,00
1780709733.616434,vcan0,600,00000000
1780709733.616606,vcan0,601,7F000000
1780709733.616685,vcan0,602,00000000
1780709733.632308,vcan0,600,00000000
1780709733.632426,vcan0,601,7F000000
1780709733.632517,vcan0,602,00000000
1780709733.648311,vcan0,600,00000000
1780709733.648464,vcan0,601,7F000000
1780709733.648584,vcan0,602,00000000
1780709733.715769,vcan0,600,00000000
1780709733.716021,vcan0,601,7F000000
1780709733.716131,vcan0,602,00000000
1780709733.716229,vcan0,603,01000000
1780709733.716334,vcan0,604,00
1780709733.716422,vcan0,605,00
1780709733.716536,vcan0,607,00
1780709733.731423,vcan0,600,00000000
1780709733.731586,vcan0,601,7F000000
1780709733.731661,vcan0,602,00000000
1780709733.747288,vcan0,600,00000000
1780709733.747407,vcan0,601,7F000000
1780709733.747502,vcan0,602,00000000
1780709733.763285,vcan0,600,00000000
1780709733.763400,vcan0,601,7F000000
1780709733.763500,vcan0,602,00000000
1780709733.823297,vcan0,600,00000000
1780709733.823491,vcan0,601,7F000000
1780709733.823607,vcan0,602,00000000
1780709733.823715,vcan0,603,01000000
1780709733.823843,vcan0,604,00
1780709733.823962,vcan0,605,00
1780709733.824111,vcan0,607,00
1780709733.838428,vcan0,600,00000000
1780709733.838628,vcan0,601,7F000000
1780709733.838708,vcan0,602,00000000
1780709733.854318,vcan0,600,00000000
1780709733.854461,vcan0,601,7F000000
1780709733.854538,vcan0,602,00000000
1780709733.870243,vcan0,600,00000000
1780709733.870376,vcan0,601,7F000000
1780709733.870509,vcan0,602,00000000
1780709733.925287,vcan0,600,00000000
1780709733.925501,vcan0,601,7F000000
1780709733.925612,vcan0,602,00000000
1780709733.925686,vcan0,603,01000000
1780709733.925792,vcan0,604,00
1780709733.925869,vcan0,605,00
1780709733.925946,vcan0,607,00
1780709733.940464,vcan0,600,00000000
1780709733.940633,vcan0,601,7F000000
1780709733.940746,vcan0,602,00000000
1780709733.956296,vcan0,600,00000000
1780709733.956414,vcan0,601,7F000000
1780709733.956521,vcan0,602,00000000
1780709733.971147,vcan0,600,00000000
1780709733.971266,vcan0,601,7F000000
1780709733.971338,vcan0,602,00000000
1780709734.020770,vcan0,600,00000000
1780709734.020933,vcan0,601,7F000000
1780709734.021036,vcan0,602,00000000
1780709734.021138,vcan0,603,01000000
1780709734.021241,vcan0,604,00
1780709734.021354,vcan0,605,00
1780709734.036343,vcan0,600,00000000
1780709734.036476,vcan0,601,7F000000
1780709734.036559,vcan0,602,00000000
1780709734.036635,vcan0,607,00
1780709734.052259,vcan0,600,00000000
1780709734.052377,vcan0,601,7F000000
1780709734.052473,vcan0,602,00000000
1780709734.068214,vcan0,600,00000000
1780709734.068359,vcan0,601,7F000000
1780709734.068504,vcan0,602,00000000
1780709734.109903,vcan0,600,00000000
1780709734.110067,vcan0,601,7F000000
1780709734.110175,vcan0,602,00000000
1780709734.110265,vcan0,603,01000000
1780709734.110359,vcan0,604,00
1780709734.110493,vcan0,605,00
1780709734.125263,vcan0,600,00000000
1780709734.125400,vcan0,601,7F000000
1780709734.125496,vcan0,602,00000000
1780709734.141395,vcan0,600,00000000
1780709734.141575,vcan0,601,7F000000
1780709734.141687,vcan0,602,00000000
1780709734.141807,vcan0,607,00
1780709734.157342,vcan0,600,00000000
1780709734.157494,vcan0,601,72000000
1780709734.157580,vcan0,602,00000000
1780709734.185519,vcan0,600,00000000
1780709734.185801,vcan0,601,72000000
1780709734.185901,vcan0,602,00000000
1780709734.186005,vcan0,603,01000000
1780709734.186100,vcan0,604,00
1780709734.186189,vcan0,605,00
1780709734.201430,vcan0,600,00000000
1780709734.201596,vcan0,601,7F000000
1780709734.201686,vcan0,602,00000000
1780709734.217368,vcan0,600,00000000
1780709734.217519,vcan0,601,7F000000
1780709734.217610,vcan0,602,00000000
1780709734.233294,vcan0,600,00000000
1780709734.233431,vcan0,601,7F000000
1780709734.233541,vcan0,602,00000000
1780709734.254979,vcan0,600,00000000
1780709734.255147,vcan0,601,7F000000
1780709734.255253,vcan0,602,00000000
1780709734.255370,vcan0,603,01000000
1780709734.255488,vcan0,604,00
1780709734.255586,vcan0,605,00
1780709734.255695,vcan0,607,00
1780709734.270261,vcan0,600,00000000
1780709734.270366,vcan0,601,7F000000
1780709734.270440,vcan0,602,00000000
1780709734.286319,vcan0,600,00000000
1780709734.286439,vcan0,601,7F000000
1780709734.286543,vcan0,602,00000000
1780709734.302375,vcan0,600,00000000
1780709734.302518,vcan0,601,7F000000
1780709734.302601,vcan0,602,00000000
1780709734.327788,vcan0,600,00000000
1780709734.327994,vcan0,601,7F000000
1780709734.328072,vcan0,602,00000000
1780709734.328165,vcan0,603,01000000
1780709734.328282,vcan0,604,00
1780709734.328378,vcan0,605,00
1780709734.343287,vcan0,600,00000000
1780709734.343416,vcan0,601,7F000000
1780709734.343530,vcan0,602,00000000
1780709734.359301,vcan0,600,00000000
1780709734.359428,vcan0,601,7F000000
1780709734.359538,vcan0,602,00000000
1780709734.359641,vcan0,607,00
1780709734.376372,vcan0,600,00000000
1780709734.376531,vcan0,601,7F000000
1780709734.376620,vcan0,602,00000000
1780709734.400639,vcan0,600,00000000
1780709734.400779,vcan0,601,7F000000
1780709734.400871,vcan0,602,00000000
1780709734.400969,vcan0,603,01000000
1780709734.401053,vcan0,604,00
1780709734.401134,vcan0,605,00
1780709734.416306,vcan0,600,00000000
1780709734.416440,vcan0,601,7F000000
1780709734.416546,vcan0,602,00000000
1780709734.432196,vcan0,600,00000000
1780709734.432326,vcan0,601,7F000000
1780709734.432417,vcan0,602,00000000
1780709734.448345,vcan0,600,00000000
1780709734.448508,vcan0,601,7F000000
1780709734.448607,vcan0,602,00000000
1780709734.474803,vcan0,600,00000000
1780709734.474962,vcan0,601,7F000000
1780709734.475054,vcan0,602,00000000
1780709734.475153,vcan0,603,01000000
1780709734.475243,vcan0,604,00
1780709734.475325,vcan0,605,00
1780709734.475418,vcan0,607,00
1780709734.490158,vcan0,600,00000000
1780709734.490274,vcan0,601,7F000000
1780709734.490359,vcan0,602,00000000
1780709734.506331,vcan0,600,00000000
1780709734.506496,vcan0,601,7F000000
1780709734.506596,vcan0,602,00000000
1780709734.522346,vcan0,600,00000000
1780709734.522523,vcan0,601,7F000000
1780709734.522616,vcan0,602,00000000
1780709734.547687,vcan0,600,00000000
1780709734.547833,vcan0,601,7F000000
1780709734.547952,vcan0,602,00000000
1780709734.548051,vcan0,603,01000000
1780709734.548148,vcan0,604,00
1780709734.548266,vcan0,605,00
1780709734.563266,vcan0,600,00000000
1780709734.563396,vcan0,601,7F000000
1780709734.563514,vcan0,602,00000000
1780709734.579234,vcan0,600,00000000
1780709734.579372,vcan0,601,7F000000
1780709734.579476,vcan0,602,00000000
1780709734.579571,vcan0,607,00
1780709734.595324,vcan0,600,00000000
1780709734.595482,vcan0,601,7F000000
1780709734.595575,vcan0,602,00000000
1780709734.622080,vcan0,600,00000000
1780709734.622249,vcan0,601,7F000000
1780709734.622350,vcan0,602,00000000
1780709734.622488,vcan0,603,01000000
1780709734.622610,vcan0,604,00
1780709734.622708,vcan0,605,00
1780709734.637268,vcan0,600,00000000
1780709734.637384,vcan0,601,72000000
1780709734.637474,vcan0,602,00000000
1780709734.653466,vcan0,600,00000000
1780709734.653618,vcan0,601,72000000
1780709734.653715,vcan0,602,00000000
1780709734.669333,vcan0,600,00000000
1780709734.669467,vcan0,601,72000000
1780709734.669557,vcan0,602,00000000
1780709734.697462,vcan0,600,00000000
1780709734.697652,vcan0,601,72000000
1780709734.697754,vcan0,602,00000000
1780709734.697846,vcan0,603,01000000
1780709734.697945,vcan0,604,00
1780709734.698059,vcan0,605,00
1780709734.698164,vcan0,607,00
1780709734.712257,vcan0,600,00000000
1780709734.712364,vcan0,601,72000000
1780709734.712438,vcan0,602,00000000
1780709734.728360,vcan0,600,00000000
1780709734.728496,vcan0,601,72000000
1780709734.728578,vcan0,602,00000000
1780709734.744307,vcan0,600,00000000
1780709734.744420,vcan0,601,72000000
1780709734.744519,vcan0,602,00000000
1780709734.772255,vcan0,600,00000000
1780709734.772400,vcan0,601,72000000
1780709734.772515,vcan0,602,00000000
1780709734.772611,vcan0,603,01000000
1780709734.772697,vcan0,604,00
1780709734.772784,vcan0,605,00
1780709734.787315,vcan0,600,00000000
1780709734.787455,vcan0,601,72000000
1780709734.787549,vcan0,602,00000000
1780709734.803239,vcan0,600,00000000
1780709734.803377,vcan0,601,72000000
1780709734.803496,vcan0,602,00000000
1780709734.803601,vcan0,607,00
1780709734.819319,vcan0,600,00000000
1780709734.819481,vcan0,601,72000000
1780709734.819582,vcan0,602,00000000
1780709734.847703,vcan0,600,00000000
1780709734.848026,vcan0,601,65000000
1780709734.848191,vcan0,602,00000000
1780709734.848357,vcan0,603,01000000
1780709734.848506,vcan0,604,00
1780709734.848632,vcan0,605,00
1780709734.863169,vcan0,600,00000000
1780709734.863281,vcan0,601,65000000
1780709734.863351,vcan0,602,00000000
1780709734.879308,vcan0,600,00000000
1780709734.879426,vcan0,601,65000000
1780709734.879519,vcan0,602,00000000
1780709734.913276,vcan0,600,00000000
1780709734.913394,vcan0,601,65000000
1780709734.913495,vcan0,602,00000000
1780709734.913568,vcan0,603,01000000
1780709734.913640,vcan0,604,00
1780709734.913705,vcan0,605,00
1780709734.913777,vcan0,607,00
1780709734.928478,vcan0,600,00000000
1780709734.928610,vcan0,601,65000000
1780709734.928682,vcan0,602,00000000
1780709734.944155,vcan0,600,00000000
1780709734.944257,vcan0,601,65000000
1780709734.944324,vcan0,602,00000000
1780709734.960372,vcan0,600,00000000
1780709734.960502,vcan0,601,65000000
1780709734.960586,vcan0,602,00000000
1780709734.993280,vcan0,600,00000000
1780709734.993500,vcan0,601,7F000000
1780709734.993608,vcan0,602,00000000
1780709734.993712,vcan0,603,01000000
1780709734.993811,vcan0,604,00
1780709734.993942,vcan0,605,00
1780709735.008333,vcan0,600,00000000
1780709735.008497,vcan0,601,7F000000
1780709735.008590,vcan0,602,00000000
1780709735.024461,vcan0,600,00000000
1780709735.024601,vcan0,601,7F000000
1780709735.024688,vcan0,602,19000000
1780709735.024780,vcan0,607,00
1780709735.040264,vcan0,600,00000000
1780709735.040394,vcan0,601,7F000000
1780709735.040502,vcan0,602,33000000
1780709735.069099,vcan0,600,00000000
1780709735.069284,vcan0,601,7F000000
1780709735.069385,vcan0,602,4C000000
1780709735.069504,vcan0,603,01000000
1780709735.069595,vcan0,604,00
1780709735.069685,vcan0,605,00
1780709735.084344,vcan0,600,00000000
1780709735.084511,vcan0,601,7F000000
1780709735.084608,vcan0,602,66000000
1780709735.100286,vcan0,600,00000000
1780709735.100435,vcan0,601,7F000000
1780709735.100553,vcan0,602,7F000000
1780709735.116323,vcan0,600,00000000
1780709735.116430,vcan0,601,7F000000
1780709735.116526,vcan0,602,99000000
1780709735.146218,vcan0,600,00000000
1780709735.146545,vcan0,601,7F000000
1780709735.146657,vcan0,602,B2000000
1780709735.146763,vcan0,603,01000000
1780709735.146890,vcan0,604,00
1780709735.146993,vcan0,605,00
1780709735.147093,vcan0,607,00
1780709735.161177,vcan0,600,00000000
1780709735.161311,vcan0,601,7F000000
1780709735.161384,vcan0,602,CC000000
1780709735.177252,vcan0,600,00000000
1780709735.177384,vcan0,601,7F000000
1780709735.177479,vcan0,602,E5000000
1780709735.193439,vcan0,600,00000000
1780709735.193740,vcan0,601,7F000000
1780709735.193853,vcan0,602,FF000000
1780709735.221902,vcan0,600,00000000
1780709735.222107,vcan0,601,7F000000
1780709735.222217,vcan0,602,FF000000
1780709735.222330,vcan0,603,01000000
1780709735.222432,vcan0,604,00
1780709735.222572,vcan0,605,00
1780709735.237232,vcan0,600,00000000
1780709735.237328,vcan0,601,7F000000
1780709735.237397,vcan0,602,FF000000
1780709735.253222,vcan0,600,00000000
1780709735.253316,vcan0,601,7F000000
1780709735.253384,vcan0,602,FF000000
1780709735.253475,vcan0,607,00
1780709735.269263,vcan0,600,00000000
1780709735.269370,vcan0,601,7F000000
1780709735.269456,vcan0,602,FF000000
1780709735.297423,vcan0,600,00000000
1780709735.297663,vcan0,601,7F000000
1780709735.297811,vcan0,602,FF000000
1780709735.297940,vcan0,603,01000000
1780709735.298047,vcan0,604,00
1780709735.298147,vcan0,605,00
1780709735.312493,vcan0,600,00000000
1780709735.312649,vcan0,601,7F000000
1780709735.312745,vcan0,602,FF000000
1780709735.328231,vcan0,600,00000000
1780709735.328365,vcan0,601,7F000000
1780709735.328473,vcan0,602,FF000000
1780709735.344331,vcan0,600,00000000
1780709735.344456,vcan0,601,7F000000
1780709735.344536,vcan0,602,FF000000
1780709735.372369,vcan0,600,00000000
1780709735.372529,vcan0,601,7F000000
1780709735.372614,vcan0,602,FF000000
1780709735.372689,vcan0,603,01000000
1780709735.372761,vcan0,604,00
1780709735.372830,vcan0,605,00
1780709735.372913,vcan0,607,00
1780709735.387460,vcan0,600,00000000
1780709735.387590,vcan0,601,7F000000
1780709735.387674,vcan0,602,FF000000
1780709735.403399,vcan0,600,00000000
1780709735.403560,vcan0,601,7F000000
1780709735.403643,vcan0,602,FF000000
1780709735.419285,vcan0,600,00000000
1780709735.419403,vcan0,601,7F000000
1780709735.419496,vcan0,602,FF000000
1780709735.450807,vcan0,600,00000000
1780709735.450939,vcan0,601,7F000000
1780709735.451024,vcan0,602,FF000000
1780709735.451119,vcan0,603,01000000
1780709735.451208,vcan0,604,00
1780709735.451291,vcan0,605,00
1780709735.466411,vcan0,600,00000000
1780709735.466593,vcan0,601,7F000000
1780709735.466675,vcan0,602,FF000000
1780709735.482489,vcan0,600,00000000
1780709735.482629,vcan0,601,7F000000
1780709735.482704,vcan0,602,FF000000
1780709735.482780,vcan0,607,00
1780709735.498196,vcan0,600,00000000
1780709735.498338,vcan0,601,7F000000
1780709735.498464,vcan0,602,FF000000
1780709735.525846,vcan0,600,00000000
1780709735.526052,vcan0,601,7F000000
1780709735.526162,vcan0,602,FF000000
1780709735.526266,vcan0,603,01000000
1780709735.526363,vcan0,604,00
1780709735.526823,vcan0,605,00
1780709735.541297,vcan0,600,00000000
1780709735.541440,vcan0,601,7F000000
1780709735.541561,vcan0,602,FF000000
1780709735.557321,vcan0,600,00000000
1780709735.557469,vcan0,601,7F000000
1780709735.557566,vcan0,602,FF000000
1780709735.573280,vcan0,600,00000000
1780709735.573412,vcan0,601,8C000000
1780709735.573526,vcan0,602,FF000000
1780709735.599580,vcan0,600,00000000
1780709735.599869,vcan0,601,8C000000
1780709735.600041,vcan0,602,FF000000
1780709735.600220,vcan0,603,01000000
1780709735.600484,vcan0,604,00
1780709735.600630,vcan0,605,00
1780709735.600761,vcan0,607,00
1780709735.614331,vcan0,600,00000000
1780709735.614478,vcan0,601,8C000000
1780709735.614569,vcan0,602,FF000000
1780709735.630269,vcan0,600,00000000
1780709735.630382,vcan0,601,8C000000
1780709735.630474,vcan0,602,FF000000
1780709735.646292,vcan0,600,00000000
1780709735.646430,vcan0,601,8C000000
1780709735.646529,vcan0,602,FF000000
1780709735.674611,vcan0,600,00000000
1780709735.674784,vcan0,601,8C000000
1780709735.674895,vcan0,602,FF000000
1780709735.675016,vcan0,603,01000000
1780709735.675160,vcan0,604,00
1780709735.675285,vcan0,605,00
1780709735.690290,vcan0,600,00000000
1780709735.690399,vcan0,601,8C000000
1780709735.690503,vcan0,602,FF000000
1780709735.706334,vcan0,600,00000000
1780709735.706476,vcan0,601,8C000000
1780709735.706563,vcan0,602,FF000000
1780709735.706642,vcan0,607,00
1780709735.722272,vcan0,600,00000000
1780709735.722383,vcan0,601,8C000000
1780709735.722487,vcan0,602,FF000000
1780709735.747145,vcan0,600,00000000
1780709735.747269,vcan0,601,8C000000
1780709735.747344,vcan0,602,FF000000
1780709735.747416,vcan0,603,01000000
1780709735.747522,vcan0,604,00
1780709735.747599,vcan0,605,00
1780709735.762276,vcan0,600,00000000
1780709735.762386,vcan0,601,8C000000
1780709735.762467,vcan0,602,FF000000
1780709735.778235,vcan0,600,00000000
1780709735.778351,vcan0,601,99000000
1780709735.778431,vcan0,602,FF000000
1780709735.794272,vcan0,600,00000000
1780709735.794381,vcan0,601,99000000
1780709735.794478,vcan0,602,FF000000
1780709735.820709,vcan0,600,00000000
1780709735.820876,vcan0,601,7F000000
1780709735.820960,vcan0,602,FF000000
1780709735.821056,vcan0,603,01000000
1780709735.821148,vcan0,604,00
1780709735.821241,vcan0,605,00
1780709735.821340,vcan0,607,00
1780709735.836195,vcan0,600,00000000
1780709735.836300,vcan0,601,7F000000
1780709735.836368,vcan0,602,FF000000
1780709735.852356,vcan0,600,00000000
1780709735.852494,vcan0,601,7F000000
1780709735.852575,vcan0,602,FF000000
1780709735.868268,vcan0,600,00000000
1780709735.868386,vcan0,601,7F000000
1780709735.868473,vcan0,602,FF000000
1780709735.892719,vcan0,600,00000000
1780709735.892860,vcan0,601,7F000000
1780709735.892952,vcan0,602,FF000000
1780709735.893068,vcan0,603,01000000
1780709735.893188,vcan0,604,00
1780709735.893283,vcan0,605,00
1780709735.908168,vcan0,600,00000000
1780709735.908299,vcan0,601,7F000000
1780709735.908374,vcan0,602,FF000000
1780709735.924364,vcan0,600,00000000
1780709735.924510,vcan0,601,7F000000
1780709735.924589,vcan0,602,FF000000
1780709735.924665,vcan0,607,00
1780709735.940290,vcan0,600,00000000
1780709735.940398,vcan0,601,7F000000
1780709735.940492,vcan0,602,FF000000
1780709735.963495,vcan0,600,00000000
1780709735.963683,vcan0,601,7F000000
1780709735.963806,vcan0,602,FF000000
1780709735.963904,vcan0,603,01000000
1780709735.963997,vcan0,604,00
1780709735.964090,vcan0,605,00
1780709735.978294,vcan0,600,00000000
1780709735.978467,vcan0,601,72000000
1780709735.978588,vcan0,602,FF000000
1780709735.994458,vcan0,600,00000000
1780709735.994628,vcan0,601,72000000
1780709735.994728,vcan0,602,FF000000
1780709736.010337,vcan0,600,00000000
1780709736.010517,vcan0,601,72000000
1780709736.010612,vcan0,602,FF000000
1780709736.037432,vcan0,600,00000000
1780709736.037637,vcan0,601,72000000
1780709736.037750,vcan0,602,FF000000
1780709736.037972,vcan0,603,01000000
1780709736.038119,vcan0,604,00
1780709736.038262,vcan0,605,00
1780709736.038362,vcan0,607,00
1780709736.052327,vcan0,600,00000000
1780709736.052572,vcan0,601,72000000
1780709736.052655,vcan0,602,FF000000
1780709736.068379,vcan0,600,00000000
1780709736.068522,vcan0,601,72000000
1780709736.068595,vcan0,602,FF000000
1780709736.100216,vcan0,600,00000000
1780709736.100331,vcan0,601,72000000
1780709736.100403,vcan0,602,FF000000
1780709736.100521,vcan0,603,01000000
1780709736.100598,vcan0,604,00
1780709736.100667,vcan0,605,00
1780709736.115375,vcan0,600,00000000
1780709736.115518,vcan0,601,72000000
1780709736.115590,vcan0,602,FF000000
1780709736.131196,vcan0,600,00000000
1780709736.131302,vcan0,601,72000000
1780709736.131372,vcan0,602,FF000000
1780709736.147565,vcan0,600,00000000
1780709736.147853,vcan0,601,7F000000
1780709736.147936,vcan0,602,FF000000
1780709736.148012,vcan0,607,00
1780709736.177147,vcan0,600,00000000
1780709736.177441,vcan0,601,7F000000
1780709736.177587,vcan0,602,FF000000
1780709736.177691,vcan0,603,01000000
1780709736.177796,vcan0,604,00
1780709736.177897,vcan0,605,00
1780709736.192260,vcan0,600,00000000
1780709736.192407,vcan0,601,7F000000
1780709736.192538,vcan0,602,FF000000
1780709736.208318,vcan0,600,00000000
1780709736.208474,vcan0,601,7F000000
1780709736.208567,vcan0,602,FF000000
1780709736.224306,vcan0,600,00000000
1780709736.224436,vcan0,601,7F000000
1780709736.224540,vcan0,602,FF000000
1780709736.245697,vcan0,600,00000000
1780709736.245849,vcan0,601,7F000000
1780709736.245943,vcan0,602,FF000000
1780709736.246033,vcan0,603,01000000
1780709736.246121,vcan0,604,00
1780709736.246207,vcan0,605,00
1780709736.261330,vcan0,600,00000000
1780709736.261466,vcan0,601,7F000000
1780709736.261552,vcan0,602,FF000000
1780709736.261628,vcan0,607,00
1780709736.277321,vcan0,600,00000000
1780709736.277493,vcan0,601,7F000000
1780709736.277574,vcan0,602,FF000000
1780709736.293277,vcan0,600,00000000
1780709736.293413,vcan0,601,7F000000
1780709736.293551,vcan0,602,FF000000
1780709736.314282,vcan0,600,00000000
1780709736.314501,vcan0,601,7F000000
1780709736.314617,vcan0,602,FF000000
1780709736.314721,vcan0,603,01000000
1780709736.314817,vcan0,604,00
1780709736.314918,vcan0,605,00
1780709736.329182,vcan0,600,00000000
1780709736.329320,vcan0,601,7F000000
1780709736.329390,vcan0,602,FF000000
1780709736.345325,vcan0,600,00000000
1780709736.345464,vcan0,601,72000000
1780709736.345548,vcan0,602,FF000000
1780709736.361255,vcan0,600,00000000
1780709736.361359,vcan0,601,72000000
1780709736.361433,vcan0,602,FF000000
1780709736.382023,vcan0,600,00000000
1780709736.382182,vcan0,601,72000000
1780709736.382292,vcan0,602,FF000000
1780709736.382392,vcan0,603,01000000
1780709736.382515,vcan0,604,00
1780709736.382620,vcan0,605,00
1780709736.382727,vcan0,607,00
1780709736.397263,vcan0,600,00000000
1780709736.397394,vcan0,601,72000000
1780709736.397483,vcan0,602,FF000000
1780709736.413304,vcan0,600,00000000
1780709736.413434,vcan0,601,72000000
1780709736.413531,vcan0,602,FF000000
1780709736.429304,vcan0,600,00000000
1780709736.429437,vcan0,601,72000000
1780709736.429565,vcan0,602,FF000000
1780709736.450604,vcan0,600,00000000
1780709736.450764,vcan0,601,72000000
1780709736.450856,vcan0,602,FF000000
1780709736.450957,vcan0,603,01000000
1780709736.451055,vcan0,604,00
1780709736.451131,vcan0,605,00
1780709736.466192,vcan0,600,00000000
1780709736.466308,vcan0,601,72000000
1780709736.466380,vcan0,602,FF000000
1780709736.482352,vcan0,600,00000000
1780709736.482512,vcan0,601,72000000
1780709736.482597,vcan0,602,FF000000
1780709736.482675,vcan0,607,00
1780709736.510181,vcan0,600,00000000
1780709736.510524,vcan0,601,72000000
1780709736.510665,vcan0,602,FF000000
1780709736.510809,vcan0,603,01000000
1780709736.510933,vcan0,604,00
1780709736.511058,vcan0,605,00
1780709736.525280,vcan0,600,00000000
1780709736.525419,vcan0,601,72000000
1780709736.525527,vcan0,602,FF000000
1780709736.541296,vcan0,600,00000000
1780709736.541402,vcan0,601,72000000
1780709736.541498,vcan0,602,FF000000
1780709736.557335,vcan0,600,00000000
1780709736.557459,vcan0,601,65000000
1780709736.557536,vcan0,602,FF000000
1780709736.578118,vcan0,600,00000000
1780709736.578292,vcan0,601,65000000
1780709736.578411,vcan0,602,FF000000
1780709736.578552,vcan0,603,01000000
1780709736.578656,vcan0,604,00
1780709736.578770,vcan0,605,00
1780709736.593244,vcan0,600,00000000
1780709736.593355,vcan0,601,65000000
1780709736.593426,vcan0,602,FF000000
1780709736.593518,vcan0,607,00
1780709736.609401,vcan0,600,00000000
1780709736.609537,vcan0,601,65000000
1780709736.609616,vcan0,602,FF000000
1780709736.625346,vcan0,600,00000000
1780709736.625465,vcan0,601,65000000
1780709736.625533,vcan0,602,FF000000
1780709736.648417,vcan0,600,00000000
1780709736.648602,vcan0,601,65000000
1780709736.648686,vcan0,602,FF000000
1780709736.648760,vcan0,603,01000000
1780709736.648852,vcan0,604,00
1780709736.649131,vcan0,605,00
1780709736.664351,vcan0,600,00000000
1780709736.664485,vcan0,601,65000000
1780709736.664557,vcan0,602,FF000000
1780709736.680338,vcan0,600,00000000
1780709736.680488,vcan0,601,65000000
1780709736.680587,vcan0,602,FF000000
1780709736.696371,vcan0,600,00000000
1780709736.696538,vcan0,601,65000000
1780709736.696659,vcan0,602,FF000000
1780709736.696773,vcan0,607,00
1780709736.714863,vcan0,600,00000000
1780709736.715094,vcan0,601,65000000
1780709736.715185,vcan0,602,FF000000
1780709736.715314,vcan0,603,01000000
1780709736.715494,vcan0,604,00
1780709736.715811,vcan0,605,00
1780709736.730193,vcan0,600,00000000
1780709736.730315,vcan0,601,65000000
1780709736.730390,vcan0,602,FF000000
1780709736.746473,vcan0,600,00000000
1780709736.746606,vcan0,601,59000000
1780709736.746678,vcan0,602,FF000000
1780709736.772521,vcan0,600,00000000
1780709736.772665,vcan0,601,59000000
1780709736.772769,vcan0,602,FF000000
1780709736.772871,vcan0,603,01000000
1780709736.772983,vcan0,604,00
1780709736.773102,vcan0,605,00
1780709736.788435,vcan0,600,00000000
1780709736.788578,vcan0,601,59000000
1780709736.788664,vcan0,602,FF000000
1780709736.804323,vcan0,600,00000000
1780709736.804470,vcan0,601,59000000
1780709736.804563,vcan0,602,FF000000
1780709736.804655,vcan0,607,00
1780709736.820417,vcan0,600,00000000
1780709736.820560,vcan0,601,59000000
1780709736.820647,vcan0,602,FF000000
1780709736.840003,vcan0,600,00000000
1780709736.840194,vcan0,601,59000000
1780709736.840299,vcan0,602,FF000000
1780709736.840420,vcan0,603,01000000
1780709736.840546,vcan0,604,00
1780709736.840664,vcan0,605,00
1780709736.855277,vcan0,600,00000000
1780709736.855392,vcan0,601,59000000
1780709736.855488,vcan0,602,FF000000
1780709736.871412,vcan0,600,00000000
1780709736.871550,vcan0,601,59000000
1780709736.871622,vcan0,602,FF000000
1780709736.897737,vcan0,600,00000000
1780709736.897876,vcan0,601,59000000
1780709736.897970,vcan0,602,FF000000
1780709736.898041,vcan0,603,01000000
1780709736.898126,vcan0,604,00
1780709736.898202,vcan0,605,00
1780709736.913543,vcan0,600,00000000
1780709736.913684,vcan0,601,59000000
1780709736.913786,vcan0,602,FF000000
1780709736.913895,vcan0,607,00
1780709736.929374,vcan0,600,00000000
1780709736.929519,vcan0,601,59000000
1780709736.929599,vcan0,602,FF000000
1780709736.945392,vcan0,600,00000000
1780709736.945532,vcan0,601,59000000
1780709736.945603,vcan0,602,FF000000
1780709736.967490,vcan0,600,00000000
1780709736.967663,vcan0,601,4C000000
1780709736.967776,vcan0,602,FF000000
1780709736.967878,vcan0,603,01000000
1780709736.967969,vcan0,604,00
1780709736.968056,vcan0,605,00
1780709736.981384,vcan0,600,00000000
1780709736.981567,vcan0,601,4C000000
1780709736.981649,vcan0,602,FF000000
1780709736.997400,vcan0,600,00000000
1780709736.997576,vcan0,601,4C000000
1780709736.997681,vcan0,602,FF000000
1780709737.013300,vcan0,600,00000000
1780709737.013424,vcan0,601,4C000000
1780709737.013523,vcan0,602,FF000000
1780709737.032239,vcan0,600,00000000
1780709737.032480,vcan0,601,4C000000
1780709737.032596,vcan0,602,FF000000
1780709737.032723,vcan0,603,01000000
1780709737.032905,vcan0,604,00
1780709737.033430,vcan0,605,00
1780709737.033546,vcan0,607,00
1780709737.047209,vcan0,600,00000000
1780709737.047364,vcan0,601,4C000000
1780709737.047493,vcan0,602,FF000000
1780709737.063566,vcan0,600,00000000
1780709737.063700,vcan0,601,4C000000
1780709737.063773,vcan0,602,FF000000
1780709737.090508,vcan0,600,00000000
1780709737.090625,vcan0,601,4C000000
1780709737.090714,vcan0,602,FF000000
1780709737.090812,vcan0,603,01000000
1780709737.090886,vcan0,604,00
1780709737.090961,vcan0,605,00
1780709737.106380,vcan0,600,00000000
1780709737.106542,vcan0,601,7F000000
1780709737.106622,vcan0,602,FF000000
1780709737.122267,vcan0,600,00000000
1780709737.122398,vcan0,601,7F000000
1780709737.122503,vcan0,602,FF000000
1780709737.138283,vcan0,600,00000000
1780709737.138393,vcan0,601,7F000000
1780709737.138494,vcan0,602,FF000000
1780709737.138580,vcan0,607,00
1780709737.159534,vcan0,600,00000000
1780709737.159710,vcan0,601,7F000000
1780709737.159815,vcan0,602,FF000000
1780709737.159904,vcan0,603,01000000
1780709737.159978,vcan0,604,00
1780709737.160048,vcan0,605,00
1780709737.175161,vcan0,600,00000000
1780709737.175291,vcan0,601,7F000000
1780709737.175367,vcan0,602,FF000000
1780709737.191239,vcan0,600,00000000
1780709737.191389,vcan0,601,7F000000
1780709737.191489,vcan0,602,FF000000
1780709737.207362,vcan0,600,00000000
1780709737.207522,vcan0,601,7F000000
1780709737.207626,vcan0,602,FF000000
1780709737.235855,vcan0,600,00000000
1780709737.236065,vcan0,601,7F000000
1780709737.236188,vcan0,602,00000000
1780709737.236287,vcan0,603,01000000
1780709737.236378,vcan0,604,00
1780709737.236491,vcan0,605,00
1780709737.251347,vcan0,600,00000000
1780709737.251491,vcan0,601,7F000000
1780709737.251569,vcan0,602,00000000
1780709737.251640,vcan0,607,00
1780709737.267297,vcan0,600,00000000
1780709737.267417,vcan0,601,7F000000
1780709737.267533,vcan0,602,00000000
1780709737.283341,vcan0,600,00000000
1780709737.283505,vcan0,601,7F000000
1780709737.283606,vcan0,602,00000000
1780709737.310605,vcan0,600,00000000
1780709737.310787,vcan0,601,7F000000
1780709737.310888,vcan0,602,00000000
1780709737.310986,vcan0,603,01000000
1780709737.311093,vcan0,604,00
1780709737.311198,vcan0,605,00
1780709737.326187,vcan0,600,00000000
1780709737.326299,vcan0,601,7F000000
1780709737.326369,vcan0,602,00000000
1780709737.342175,vcan0,600,00000000
1780709737.342276,vcan0,601,7F000000
1780709737.342352,vcan0,602,00000000
1780709737.358284,vcan0,600,00000000
1780709737.358428,vcan0,601,7F000000
1780709737.358560,vcan0,602,00000000
1780709737.358679,vcan0,607,00
1780709737.381538,vcan0,600,00000000
1780709737.381705,vcan0,601,7F000000
1780709737.381816,vcan0,602,00000000
1780709737.381922,vcan0,603,01000000
1780709737.382038,vcan0,604,00
1780709737.382108,vcan0,605,00
1780709737.397242,vcan0,600,00000000
1780709737.397349,vcan0,601,7F000000
1780709737.397418,vcan0,602,00000000
1780709737.413254,vcan0,600,00000000
1780709737.413357,vcan0,601,7F000000
1780709737.413426,vcan0,602,00000000
1780709737.444555,vcan0,600,00000000
1780709737.444681,vcan0,601,7F000000
1780709737.444771,vcan0,602,00000000
1780709737.444840,vcan0,603,01000000
1780709737.444908,vcan0,604,00
1780709737.444990,vcan0,605,00
1780709737.460387,vcan0,600,00000000
1780709737.460526,vcan0,601,7F000000
1780709737.460604,vcan0,602,00000000
1780709737.460677,vcan0,607,00
1780709737.476300,vcan0,600,00000000
1780709737.476410,vcan0,601,7F000000
1780709737.476506,vcan0,602,00000000
1780709737.492193,vcan0,600,00000000
1780709737.492296,vcan0,601,7F000000
1780709737.492370,vcan0,602,00000000
1780709737.522379,vcan0,600,00000000
1780709737.522583,vcan0,601,7F000000
1780709737.522674,vcan0,602,00000000
1780709737.522764,vcan0,603,01000000
1780709737.522851,vcan0,604,00
1780709737.522933,vcan0,605,00
1780709737.537361,vcan0,600,00000000
1780709737.537515,vcan0,601,7F000000
1780709737.537609,vcan0,602,00000000
1780709737.553322,vcan0,600,00000000
1780709737.553440,vcan0,601,7F000000
1780709737.553542,vcan0,602,00000000
1780709737.569210,vcan0,600,00000000
1780709737.569324,vcan0,601,7F000000
1780709737.569396,vcan0,602,00000000
1780709737.569488,vcan0,607,00
1780709737.599207,vcan0,600,00000000
1780709737.599420,vcan0,601,7F000000
1780709737.599582,vcan0,602,00000000
1780709737.599701,vcan0,603,01000000
1780709737.599818,vcan0,604,00
1780709737.599937,vcan0,605,00
1780709737.614358,vcan0,600,00000000
1780709737.614526,vcan0,601,7F000000
1780709737.614606,vcan0,602,00000000
1780709737.630206,vcan0,600,00000000
1780709737.630317,vcan0,601,7F000000
1780709737.630398,vcan0,602,00000000
1780709737.664688,vcan0,600,00000000
1780709737.664807,vcan0,601,7F000000
1780709737.664904,vcan0,602,00000000
1780709737.664975,vcan0,603,01000000
1780709737.665047,vcan0,604,00
1780709737.665114,vcan0,605,00
1780709737.680490,vcan0,600,00000000
1780709737.680641,vcan0,601,7F000000
1780709737.680715,vcan0,602,00000000
1780709737.680788,vcan0,607,00
1780709737.696341,vcan0,600,00000000
1780709737.696485,vcan0,601,7F000000
1780709737.696571,vcan0,602,00000000
1780709737.712235,vcan0,600,00000000
1780709737.712349,vcan0,601,8C000000
1780709737.712426,vcan0,602,00000000
1780709737.743379,vcan0,600,00000000
1780709737.743605,vcan0,601,8C000000
1780709737.743740,vcan0,602,00000000
1780709737.743861,vcan0,603,01000000
1780709737.743989,vcan0,604,00
1780709737.744102,vcan0,605,00
1780709737.759348,vcan0,600,00000000
1780709737.759495,vcan0,601,8C000000
1780709737.759573,vcan0,602,00000000
1780709737.775272,vcan0,600,00000000
1780709737.775393,vcan0,601,8C000000
1780709737.775485,vcan0,602,00000000
1780709737.791234,vcan0,600,00000000
1780709737.791347,vcan0,601,8C000000
1780709737.791425,vcan0,602,00000000
1780709737.791515,vcan0,607,00
1780709737.816911,vcan0,600,00000000
1780709737.817074,vcan0,601,8C000000
1780709737.817186,vcan0,602,00000000
1780709737.817277,vcan0,603,01000000
1780709737.817357,vcan0,604,00
1780709737.817467,vcan0,605,00
1780709737.832358,vcan0,600,00000000
1780709737.832544,vcan0,601,8C000000
1780709737.832659,vcan0,602,00000000
1780709737.848275,vcan0,600,00000000
1780709737.848387,vcan0,601,8C000000
1780709737.848476,vcan0,602,00000000
1780709737.864263,vcan0,600,00000000
1780709737.864379,vcan0,601,8C000000
1780709737.864482,vcan0,602,00000000
1780709737.892864,vcan0,600,00000000
1780709737.892989,vcan0,601,8C000000
1780709737.893064,vcan0,602,00000000
1780709737.893136,vcan0,603,01000000
1780709737.893213,vcan0,604,00
1780709737.893280,vcan0,605,00
1780709737.893352,vcan0,607,00
1780709737.908340,vcan0,600,00000000
1780709737.908481,vcan0,601,99000000
1780709737.908559,vcan0,602,00000000
1780709737.924331,vcan0,600,00000000
1780709737.924466,vcan0,601,7F000000
1780709737.924549,vcan0,602,00000000
1780709737.940198,vcan0,600,00000000
1780709737.940300,vcan0,601,7F000000
1780709737.940368,vcan0,602,00000000
1780709737.968932,vcan0,600,00000000
1780709737.969120,vcan0,601,7F000000
1780709737.969218,vcan0,602,00000000
1780709737.969330,vcan0,603,01000000
1780709737.969428,vcan0,604,00
1780709737.969542,vcan0,605,00
1780709737.983322,vcan0,600,00000000
1780709737.983481,vcan0,601,7F000000
1780709737.983572,vcan0,602,00000000
1780709737.999310,vcan0,600,00000000
1780709737.999465,vcan0,601,7F000000
1780709737.999564,vcan0,602,00000000
1780709737.999651,vcan0,607,00
1780709738.015239,vcan0,600,00000000
1780709738.015369,vcan0,601,7F000000
1780709738.015476,vcan0,602,00000000
1780709738.039768,vcan0,600,00000000
1780709738.039911,vcan0,601,7F000000
1780709738.040004,vcan0,602,00000000
1780709738.040108,vcan0,603,01000000
1780709738.040204,vcan0,604,00
1780709738.040298,vcan0,605,00
1780709738.055283,vcan0,600,00000000
1780709738.055402,vcan0,601,7F000000
1780709738.055492,vcan0,602,00000000
1780709738.071293,vcan0,600,00000000
1780709738.071402,vcan0,601,7F000000
1780709738.071497,vcan0,602,00000000
1780709738.087237,vcan0,600,00000000
1780709738.087344,vcan0,601,7F000000
1780709738.087425,vcan0,602,00000000
1780709738.111146,vcan0,600,00000000
1780709738.111299,vcan0,601,7F000000
1780709738.111393,vcan0,602,00000000
1780709738.111524,vcan0,603,01000000
1780709738.111627,vcan0,604,00
1780709738.111719,vcan0,605,00
1780709738.111815,vcan0,607,00
1780709738.127157,vcan0,600,00000000
1780709738.127262,vcan0,601,7F000000
1780709738.127331,vcan0,602,00000000
1780709738.143388,vcan0,600,00000000
1780709738.143517,vcan0,601,7F000000
1780709738.143590,vcan0,602,00000000
1780709738.159220,vcan0,600,00000000
1780709738.159340,vcan0,601,7F000000
1780709738.159409,vcan0,602,00000000
1780709738.180310,vcan0,600,00000000
1780709738.180511,vcan0,601,7F000000
1780709738.180616,vcan0,602,00000000
1780709738.180725,vcan0,603,01000000
1780709738.180827,vcan0,604,00
1780709738.180921,vcan0,605,00
1780709738.195330,vcan0,600,00000000
1780709738.195496,vcan0,601,7F000000
1780709738.195581,vcan0,602,00000000
1780709738.211266,vcan0,600,00000000
1780709738.211407,vcan0,601,7F000000
1780709738.211503,vcan0,602,00000000
1780709738.211589,vcan0,607,00
1780709738.241046,vcan0,600,00000000
1780709738.241179,vcan0,601,72000000
1780709738.241280,vcan0,602,00000000
1780709738.241367,vcan0,603,01000000
1780709738.241485,vcan0,604,00
1780709738.241573,vcan0,605,00
1780709738.256525,vcan0,600,00000000
1780709738.256689,vcan0,601,72000000
1780709738.256780,vcan0,602,00000000
1780709738.272204,vcan0,600,00000000
1780709738.272323,vcan0,601,72000000
1780709738.272398,vcan0,602,00000000
1780709738.288190,vcan0,600,00000000
1780709738.288304,vcan0,601,72000000
1780709738.288382,vcan0,602,00000000
1780709738.314616,vcan0,600,00000000
1780709738.314779,vcan0,601,72000000
1780709738.314884,vcan0,602,00000000
1780709738.314977,vcan0,603,01000000
1780709738.315067,vcan0,604,00
1780709738.315157,vcan0,605,00
1780709738.315251,vcan0,607,00
1780709738.330386,vcan0,600,00000000
1780709738.330582,vcan0,601,72000000
1780709738.330707,vcan0,602,00000000
1780709738.346289,vcan0,600,00000000
1780709738.346405,vcan0,601,7F000000
1780709738.346503,vcan0,602,00000000
1780709738.362295,vcan0,600,00000000
1780709738.362414,vcan0,601,7F000000
1780709738.362498,vcan0,602,00000000
1780709738.381700,vcan0,600,00000000
1780709738.381879,vcan0,601,7F000000
1780709738.381982,vcan0,602,00000000
1780709738.382088,vcan0,603,01000000
1780709738.382175,vcan0,604,00
1780709738.382257,vcan0,605,00
1780709738.397187,vcan0,600,00000000
1780709738.397309,vcan0,601,7F000000
1780709738.397391,vcan0,602,00000000
1780709738.413250,vcan0,600,00000000
1780709738.413382,vcan0,601,7F000000
1780709738.413475,vcan0,602,00000000
1780709738.429287,vcan0,600,00000000
1780709738.429458,vcan0,601,7F000000
1780709738.429581,vcan0,602,00000000
1780709738.429721,vcan0,607,00
1780709738.448243,vcan0,600,00000000
1780709738.448478,vcan0,601,7F000000
1780709738.448583,vcan0,602,00000000
1780709738.448685,vcan0,603,01000000
1780709738.448781,vcan0,604,00
1780709738.448877,vcan0,605,00
1780709738.463111,vcan0,600,00000000
1780709738.463213,vcan0,601,7F000000
1780709738.463284,vcan0,602,00000000
1780709738.479252,vcan0,600,00000000
1780709738.479369,vcan0,601,7F000000
1780709738.479438,vcan0,602,00000000
1780709738.495330,vcan0,600,00000000
1780709738.495454,vcan0,601,72000000
1780709738.495526,vcan0,602,00000000
1780709738.513708,vcan0,600,00000000
1780709738.513890,vcan0,601,72000000
1780709738.513981,vcan0,602,00000000
1780709738.514071,vcan0,603,01000000
1780709738.514144,vcan0,604,00
1780709738.514214,vcan0,605,00
1780709738.529306,vcan0,600,00000000
1780709738.529464,vcan0,601,72000000
1780709738.529561,vcan0,602,00000000
1780709738.545338,vcan0,600,00000000
1780709738.545437,vcan0,601,72000000
1780709738.545522,vcan0,602,00000000
1780709738.545586,vcan0,607,00
1780709738.572553,vcan0,600,00000000
1780709738.572669,vcan0,601,72000000
1780709738.572742,vcan0,602,00000000
1780709738.572813,vcan0,603,01000000
1780709738.572881,vcan0,604,00
1780709738.572946,vcan0,605,00
1780709738.588296,vcan0,600,00000000
1780709738.588416,vcan0,601,72000000
1780709738.588514,vcan0,602,00000000
1780709738.604279,vcan0,600,00000000
1780709738.604400,vcan0,601,72000000
1780709738.604496,vcan0,602,00000000
1780709738.620338,vcan0,600,00000000
1780709738.620475,vcan0,601,72000000
1780709738.620558,vcan0,602,00000000
1780709738.640781,vcan0,600,00000000
1780709738.640990,vcan0,601,72000000
1780709738.641097,vcan0,602,00000000
1780709738.641214,vcan0,603,01000000
1780709738.641310,vcan0,604,00
1780709738.641407,vcan0,605,00
1780709738.656102,vcan0,600,00000000
1780709738.656201,vcan0,601,72000000
1780709738.656277,vcan0,602,00000000
1780709738.656352,vcan0,607,00
1780709738.672371,vcan0,600,00000000
1780709738.672529,vcan0,601,72000000
1780709738.672609,vcan0,602,00000000
1780709738.697809,vcan0,600,00000000
1780709738.697929,vcan0,601,65000000
1780709738.698031,vcan0,602,00000000
1780709738.698126,vcan0,603,01000000
1780709738.698222,vcan0,604,00
1780709738.698315,vcan0,605,00
1780709738.713389,vcan0,600,00000000
1780709738.713540,vcan0,601,65000000
1780709738.713616,vcan0,602,00000000
1780709738.729288,vcan0,600,00000000
1780709738.729406,vcan0,601,65000000
1780709738.729503,vcan0,602,00000000
1780709738.745329,vcan0,600,00000000
1780709738.745465,vcan0,601,65000000
1780709738.745556,vcan0,602,00000000
1780709738.765938,vcan0,600,00000000
1780709738.766115,vcan0,601,65000000
1780709738.766222,vcan0,602,00000000
1780709738.766331,vcan0,603,01000000
1780709738.766439,vcan0,604,00
1780709738.766572,vcan0,605,00
1780709738.766679,vcan0,607,00
1780709738.781118,vcan0,600,00000000
1780709738.781258,vcan0,601,65000000
1780709738.781372,vcan0,602,00000000
1780709738.797304,vcan0,600,00000000
1780709738.797436,vcan0,601,65000000
1780709738.797547,vcan0,602,00000000
1780709738.822156,vcan0,600,00000000
1780709738.822290,vcan0,601,65000000
1780709738.822404,vcan0,602,00000000
1780709738.822546,vcan0,603,01000000
1780709738.822671,vcan0,604,00
1780709738.822801,vcan0,605,00
1780709738.837330,vcan0,600,00000000
1780709738.837487,vcan0,601,65000000
1780709738.837564,vcan0,602,00000000
1780709738.853322,vcan0,600,00000000
1780709738.853491,vcan0,601,65000000
1780709738.853579,vcan0,602,00000000
1780709738.869242,vcan0,600,00000000
1780709738.869389,vcan0,601,65000000
1780709738.869518,vcan0,602,00000000
1780709738.869641,vcan0,607,00
1780709738.890274,vcan0,600,00000000
1780709738.890507,vcan0,601,59000000
1780709738.890633,vcan0,602,00000000
1780709738.890764,vcan0,603,01000000
1780709738.890889,vcan0,604,00
1780709738.891032,vcan0,605,00
1780709738.905280,vcan0,600,00000000
1780709738.905394,vcan0,601,59000000
1780709738.905487,vcan0,602,00000000
1780709738.921398,vcan0,600,00000000
1780709738.921544,vcan0,601,59000000
1780709738.921623,vcan0,602,00000000
1780709738.947422,vcan0,600,00000000
1780709738.947584,vcan0,601,59000000
1780709738.947661,vcan0,602,00000000
1780709738.947742,vcan0,603,01000000
1780709738.947810,vcan0,604,00
1780709738.947880,vcan0,605,00
1780709738.963355,vcan0,600,00000000
1780709738.963489,vcan0,601,59000000
1780709738.963572,vcan0,602,00000000
1780709738.978177,vcan0,600,00000000
1780709738.978284,vcan0,601,59000000
1780709738.978357,vcan0,602,00000000
1780709738.978435,vcan0,607,00
1780709738.994387,vcan0,600,00000000
1780709738.994526,vcan0,601,59000000
1780709738.994601,vcan0,602,00000000
1780709739.016613,vcan0,600,00000000
1780709739.016782,vcan0,601,59000000
1780709739.016896,vcan0,602,00000000
1780709739.017005,vcan0,603,01000000
1780709739.017119,vcan0,604,00
1780709739.017225,vcan0,605,00
1780709739.032184,vcan0,600,00000000
1780709739.032311,vcan0,601,59000000
1780709739.032399,vcan0,602,00000000
1780709739.048482,vcan0,600,00000000
1780709739.048617,vcan0,601,59000000
1780709739.048704,vcan0,602,00000000
1780709739.075154,vcan0,600,00000000
1780709739.075303,vcan0,601,59000000
1780709739.075395,vcan0,602,00000000
1780709739.075520,vcan0,603,01000000
1780709739.075617,vcan0,604,00
1780709739.075706,vcan0,605,00
1780709739.090264,vcan0,600,00000000
1780709739.090390,vcan0,601,4C000000
1780709739.090484,vcan0,602,00000000
1780709739.090558,vcan0,607,00
1780709739.106272,vcan0,600,00000000
1780709739.106389,vcan0,601,4C000000
1780709739.106474,vcan0,602,00000000
1780709739.122307,vcan0,600,00000000
1780709739.122422,vcan0,601,4C000000
1780709739.122518,vcan0,602,00000000
1780709739.144562,vcan0,600,00000000
1780709739.144730,vcan0,601,4C000000
1780709739.144846,vcan0,602,00000000
1780709739.144963,vcan0,603,01000000
1780709739.145060,vcan0,604,00
1780709739.145160,vcan0,605,00
1780709739.160227,vcan0,600,00000000
1780709739.160331,vcan0,601,4C000000
1780709739.160407,vcan0,602,00000000
1780709739.176516,vcan0,600,00000000
1780709739.176743,vcan0,601,4C000000
1780709739.176868,vcan0,602,00000000
1780709739.206973,vcan0,600,00000000
1780709739.207095,vcan0,601,4C000000
1780709739.207177,vcan0,602,00000000
1780709739.207250,vcan0,603,01000000
1780709739.207318,vcan0,604,00
1780709739.207383,vcan0,605,00
1780709739.207484,vcan0,607,00
1780709739.222381,vcan0,600,00000000
1780709739.222524,vcan0,601,4C000000
1780709739.222599,vcan0,602,00000000
1780709739.238227,vcan0,600,00000000
1780709739.238359,vcan0,601,4C000000
1780709739.238434,vcan0,602,00000000
1780709739.254358,vcan0,600,00000000
1780709739.254523,vcan0,601,4C000000
1780709739.254639,vcan0,602,00000000
1780709739.280089,vcan0,600,00000000
1780709739.280240,vcan0,601,4C000000
1780709739.280336,vcan0,602,00000000
1780709739.280468,vcan0,603,01000000
1780709739.280558,vcan0,604,00
1780709739.280654,vcan0,605,00
1780709739.295331,vcan0,600,00000000
1780709739.295471,vcan0,601,3F000000
1780709739.295549,vcan0,602,00000000
1780709739.311238,vcan0,600,00000000
1780709739.311348,vcan0,601,3F000000
1780709739.311418,vcan0,602,00000000
1780709739.311511,vcan0,607,00
1780709739.327384,vcan0,600,00000000
1780709739.327526,vcan0,601,3F000000
1780709739.327602,vcan0,602,00000000
1780709739.351886,vcan0,600,00000000
1780709739.352025,vcan0,601,3F000000
1780709739.352122,vcan0,602,00000000
1780709739.352214,vcan0,603,01000000
1780709739.352297,vcan0,604,00
1780709739.352386,vcan0,605,00
1780709739.367113,vcan0,600,00000000
1780709739.367231,vcan0,601,3F000000
1780709739.367331,vcan0,602,00000000
1780709739.384574,vcan0,600,00000000
1780709739.384728,vcan0,601,3F000000
1780709739.384834,vcan0,602,00000000
1780709739.423244,vcan0,600,00000000
1780709739.423403,vcan0,601,3F000000
1780709739.423526,vcan0,602,00000000
1780709739.423627,vcan0,603,01000000
1780709739.423714,vcan0,604,00
1780709739.423811,vcan0,605,00
1780709739.423908,vcan0,607,00
1780709739.438260,vcan0,600,00000000
1780709739.438380,vcan0,601,3F000000
1780709739.438500,vcan0,602,00000000
1780709739.454132,vcan0,600,00000000
1780709739.454232,vcan0,601,3F000000
1780709739.454301,vcan0,602,00000000
1780709739.470355,vcan0,600,00000000
1780709739.470482,vcan0,601,3F000000
1780709739.470555,vcan0,602,00000000
1780709739.499599,vcan0,600,00000000
1780709739.499765,vcan0,601,32000000
1780709739.499864,vcan0,602,00000000
1780709739.499980,vcan0,603,01000000
1780709739.500076,vcan0,604,00
1780709739.500177,vcan0,605,00
1780709739.514255,vcan0,600,00000000
1780709739.514372,vcan0,601,32000000
1780709739.514459,vcan0,602,00000000
1780709739.530193,vcan0,600,00000000
1780709739.530308,vcan0,601,32000000
1780709739.530381,vcan0,602,00000000
1780709739.530480,vcan0,607,00
1780709739.546310,vcan0,600,00000000
1780709739.546430,vcan0,601,32000000
1780709739.546533,vcan0,602,00000000
1780709739.575367,vcan0,600,00000000
1780709739.575535,vcan0,601,32000000
1780709739.575618,vcan0,602,00000000
1780709739.575690,vcan0,603,01000000
1780709739.575761,vcan0,604,00
1780709739.575829,vcan0,605,00
1780709739.590418,vcan0,600,00000000
1780709739.590555,vcan0,601,32000000
1780709739.590626,vcan0,602,00000000
1780709739.606250,vcan0,600,00000000
1780709739.606370,vcan0,601,32000000
1780709739.606463,vcan0,602,00000000
1780709739.622412,vcan0,600,00000000
1780709739.622561,vcan0,601,32000000
1780709739.622648,vcan0,602,00000000
1780709739.662224,vcan0,600,00000000
1780709739.662429,vcan0,601,32000000
1780709739.662554,vcan0,602,00000000
1780709739.662647,vcan0,603,01000000
1780709739.662769,vcan0,604,00
1780709739.662851,vcan0,605,00
1780709739.662937,vcan0,607,00
1780709739.677434,vcan0,600,00000000
1780709739.677625,vcan0,601,32000000
1780709739.677725,vcan0,602,00000000
1780709739.693372,vcan0,600,00000000
1780709739.693532,vcan0,601,26000000
1780709739.693648,vcan0,602,00000000
1780709739.709528,vcan0,600,00000000
1780709739.709672,vcan0,601,26000000
1780709739.709765,vcan0,602,00000000
1780709739.748236,vcan0,600,00000000
1780709739.748400,vcan0,601,26000000
1780709739.748537,vcan0,602,00000000
1780709739.748660,vcan0,603,01000000
1780709739.748770,vcan0,604,00
1780709739.748884,vcan0,605,00
1780709739.763192,vcan0,600,00000000
1780709739.763326,vcan0,601,26000000
1780709739.763413,vcan0,602,00000000
1780709739.763525,vcan0,607,00
1780709739.779289,vcan0,600,00000000
1780709739.779412,vcan0,601,26000000
1780709739.779525,vcan0,602,00000000
1780709739.795292,vcan0,600,00000000
1780709739.795418,vcan0,601,26000000
1780709739.795526,vcan0,602,00000000
1780709739.834277,vcan0,600,00000000
1780709739.834436,vcan0,601,7F000000
1780709739.834565,vcan0,602,19000000
1780709739.834690,vcan0,603,01000000
1780709739.834803,vcan0,604,00
1780709739.834894,vcan0,605,00
1780709739.849228,vcan0,600,00000000
1780709739.849345,vcan0,601,7F000000
1780709739.849437,vcan0,602,33000000
1780709739.865216,vcan0,600,00000000
1780709739.865392,vcan0,601,7F000000
1780709739.865513,vcan0,602,4C000000
1780709739.865620,vcan0,607,00
1780709739.881309,vcan0,600,00000000
1780709739.881437,vcan0,601,7F000000
1780709739.881551,vcan0,602,66000000
1780709739.920506,vcan0,600,00000000
1780709739.920683,vcan0,601,7F000000
1780709739.920784,vcan0,602,7F000000
1780709739.920894,vcan0,603,01000000
1780709739.920994,vcan0,604,00
1780709739.921095,vcan0,605,00
1780709739.936414,vcan0,600,00000000
1780709739.936556,vcan0,601,7F000000
1780709739.936642,vcan0,602,99000000
1780709739.952116,vcan0,600,00000000
1780709739.952227,vcan0,601,7F000000
1780709739.952313,vcan0,602,B2000000
1780709739.968342,vcan0,600,00000000
1780709739.968488,vcan0,601,7F000000
1780709739.968577,vcan0,602,CC000000
1780709739.968668,vcan0,607,00
1780709740.013032,vcan0,600,00000000
1780709740.013188,vcan0,601,7F000000
1780709740.013293,vcan0,602,E5000000
1780709740.013390,vcan0,603,01000000
1780709740.013514,vcan0,604,00
1780709740.013612,vcan0,605,00
1780709740.028267,vcan0,600,00000000
1780709740.028386,vcan0,601,8C000000
1780709740.028492,vcan0,602,FF000000
1780709740.044118,vcan0,600,00000000
1780709740.044231,vcan0,601,8C000000
1780709740.044313,vcan0,602,FF000000
1780709740.060247,vcan0,600,00000000
1780709740.060370,vcan0,601,8C000000
1780709740.060473,vcan0,602,FF000000
1780709740.108833,vcan0,600,00000000
1780709740.109055,vcan0,601,8C000000
1780709740.109194,vcan0,602,FF000000
1780709740.109296,vcan0,603,01000000
1780709740.109389,vcan0,604,00
1780709740.109504,vcan0,605,00
1780709740.109601,vcan0,607,00
1780709740.124270,vcan0,600,00000000
1780709740.124398,vcan0,601,8C000000
1780709740.124495,vcan0,602,FF000000
1780709740.140227,vcan0,600,00000000
1780709740.140333,vcan0,601,8C000000
1780709740.140407,vcan0,602,FF000000
1780709740.156214,vcan0,600,00000000
1780709740.156318,vcan0,601,8C000000
1780709740.156394,vcan0,602,FF000000
1780709740.208223,vcan0,600,00000000
1780709740.208361,vcan0,601,8C000000
1780709740.208438,vcan0,602,FF000000
1780709740.208580,vcan0,603,01000000
1780709740.208703,vcan0,604,00
1780709740.208800,vcan0,605,00
1780709740.223291,vcan0,600,00000000
1780709740.223403,vcan0,601,99000000
1780709740.223503,vcan0,602,FF000000
1780709740.223587,vcan0,607,00
1780709740.239252,vcan0,600,00000000
1780709740.239360,vcan0,601,99000000
1780709740.239431,vcan0,602,FF000000
1780709740.255125,vcan0,600,00000000
1780709740.255220,vcan0,601,99000000
1780709740.255293,vcan0,602,FF000000
1780709740.311152,vcan0,600,00000000
1780709740.311319,vcan0,601,99000000
1780709740.311431,vcan0,602,FF000000
1780709740.311532,vcan0,603,01000000
1780709740.311632,vcan0,604,00
1780709740.311709,vcan0,605,00
1780709740.326291,vcan0,600,00000000
1780709740.326417,vcan0,601,99000000
1780709740.326511,vcan0,602,FF000000
1780709740.326606,vcan0,607,00
1780709740.342100,vcan0,600,00000000
1780709740.342193,vcan0,601,99000000
1780709740.342262,vcan0,602,FF000000
1780709740.358110,vcan0,600,00000000
1780709740.358204,vcan0,601,99000000
1780709740.358272,vcan0,602,FF000000
1780709740.412605,vcan0,600,00000000
1780709740.412728,vcan0,601,99000000
1780709740.412802,vcan0,602,FF000000
1780709740.412880,vcan0,603,01000000
1780709740.412951,vcan0,604,00
1780709740.413038,vcan0,605,00
1780709740.428314,vcan0,600,00000000
1780709740.428464,vcan0,601,A5000000
1780709740.428558,vcan0,602,FF000000
1780709740.428637,vcan0,607,00
1780709740.444098,vcan0,600,00000000
1780709740.444196,vcan0,601,A5000000
1780709740.444264,vcan0,602,FF000000
1780709740.460172,vcan0,600,00000000
1780709740.460283,vcan0,601,A5000000
1780709740.460354,vcan0,602,FF000000
1780709740.515085,vcan0,600,00000000
1780709740.515270,vcan0,601,A5000000
1780709740.515361,vcan0,602,FF000000
1780709740.515476,vcan0,603,01000000
1780709740.515582,vcan0,604,00
1780709740.515708,vcan0,605,00
1780709740.530235,vcan0,600,00000000
1780709740.530348,vcan0,601,A5000000
1780709740.530420,vcan0,602,FF000000
1780709740.530519,vcan0,607,00
1780709740.546274,vcan0,600,00000000
1780709740.546384,vcan0,601,A5000000
1780709740.546474,vcan0,602,FF000000
1780709740.562196,vcan0,600,00000000
1780709740.562315,vcan0,601,A5000000
1780709740.562388,vcan0,602,FF000000
1780709740.613178,vcan0,600,00000000
1780709740.613306,vcan0,601,A5000000
1780709740.613379,vcan0,602,FF000000
1780709740.613483,vcan0,603,01000000
1780709740.613559,vcan0,604,00
1780709740.613630,vcan0,605,00
1780709740.628243,vcan0,600,00000000
1780709740.628361,vcan0,601,B2000000
1780709740.628436,vcan0,602,FF000000
1780709740.644262,vcan0,600,00000000
1780709740.644380,vcan0,601,B2000000
1780709740.644477,vcan0,602,FF000000
1780709740.644568,vcan0,607,00
1780709740.660182,vcan0,600,00000000
1780709740.660302,vcan0,601,B2000000
1780709740.660382,vcan0,602,FF000000
1780709740.712214,vcan0,600,00000000
1780709740.712417,vcan0,601,B2000000
1780709740.712547,vcan0,602,FF000000
1780709740.712651,vcan0,603,01000000
1780709740.712753,vcan0,604,00
1780709740.712856,vcan0,605,00
1780709740.727419,vcan0,600,00000000
1780709740.727627,vcan0,601,B2000000
1780709740.727710,vcan0,602,FF000000
1780709740.743142,vcan0,600,00000000
1780709740.743251,vcan0,601,B2000000
1780709740.743324,vcan0,602,FF000000
1780709740.759228,vcan0,600,00000000
1780709740.759335,vcan0,601,B2000000
1780709740.759405,vcan0,602,FF000000
1780709740.759493,vcan0,607,00
1780709740.812980,vcan0,600,00000000
1780709740.813140,vcan0,601,B2000000
1780709740.813221,vcan0,602,FF000000
1780709740.813295,vcan0,603,01000000
1780709740.813366,vcan0,604,00
1780709740.813437,vcan0,605,00
1780709740.828375,vcan0,600,00000000
1780709740.828512,vcan0,601,BF000000
1780709740.828586,vcan0,602,FF000000
1780709740.844188,vcan0,600,00000000
1780709740.844285,vcan0,601,BF000000
1780709740.844358,vcan0,602,FF000000
1780709740.860129,vcan0,600,00000000
1780709740.860226,vcan0,601,BF000000
1780709740.860297,vcan0,602,FF000000
1780709740.860380,vcan0,607,00
1780709740.911323,vcan0,600,00000000
1780709740.911622,vcan0,601,BF000000
1780709740.911727,vcan0,602,FF000000
1780709740.911828,vcan0,603,01000000
1780709740.911917,vcan0,604,00
1780709740.912012,vcan0,605,00
1780709740.926352,vcan0,600,00000000
1780709740.926493,vcan0,601,BF000000
1780709740.926583,vcan0,602,FF000000
1780709740.942170,vcan0,600,00000000
1780709740.942277,vcan0,601,BF000000
1780709740.942349,vcan0,602,FF000000
1780709740.958252,vcan0,600,00000000
1780709740.958360,vcan0,601,BF000000
1780709740.958433,vcan0,602,FF000000
1780709741.006952,vcan0,600,00000000
1780709741.007079,vcan0,601,BF000000
1780709741.007169,vcan0,602,00000000
1780709741.007244,vcan0,603,01000000
1780709741.007313,vcan0,604,00
1780709741.007398,vcan0,605,00
1780709741.007527,vcan0,607,00
1780709741.022211,vcan0,600,00000000
1780709741.022319,vcan0,601,CC000000
1780709741.022393,vcan0,602,00000000
1780709741.038178,vcan0,600,00000000
1780709741.038304,vcan0,601,CC000000
1780709741.038385,vcan0,602,00000000
1780709741.054259,vcan0,600,00000000
1780709741.054372,vcan0,601,7F000000
1780709741.054461,vcan0,602,00000000
1780709741.101725,vcan0,600,00000000
1780709741.101946,vcan0,601,7F000000
1780709741.102033,vcan0,602,00000000
1780709741.102116,vcan0,603,01000000
1780709741.102192,vcan0,604,00
1780709741.102264,vcan0,605,00
1780709741.116238,vcan0,600,00000000
1780709741.116383,vcan0,601,7F000000
1780709741.116486,vcan0,602,00000000
1780709741.116586,vcan0,607,00
1780709741.132113,vcan0,600,00000000
1780709741.132242,vcan0,601,7F000000
1780709741.132331,vcan0,602,00000000
1780709741.148252,vcan0,600,00000000
1780709741.148382,vcan0,601,7F000000
1780709741.148491,vcan0,602,00000000
1780709741.195172,vcan0,600,00000000
1780709741.195333,vcan0,601,7F000000
1780709741.195461,vcan0,602,00000000
1780709741.195561,vcan0,603,01000000
1780709741.195659,vcan0,604,00
1780709741.195771,vcan0,605,00
1780709741.210167,vcan0,600,00000000
1780709741.210303,vcan0,601,7F000000
1780709741.210380,vcan0,602,00000000
1780709741.226104,vcan0,600,00000000
1780709741.226211,vcan0,601,7F000000
1780709741.226284,vcan0,602,00000000
1780709741.226355,vcan0,607,00
1780709741.242204,vcan0,600,00000000
1780709741.242317,vcan0,601,7F000000
1780709741.242395,vcan0,602,00000000
1780709741.289362,vcan0,600,00000000
1780709741.289557,vcan0,601,7F000000
1780709741.289663,vcan0,602,00000000
1780709741.289773,vcan0,603,01000000
1780709741.289885,vcan0,604,00
1780709741.289977,vcan0,605,00
1780709741.304143,vcan0,600,00000000
1780709741.304280,vcan0,601,7F000000
1780709741.304390,vcan0,602,00000000
1780709741.320280,vcan0,600,00000000
1780709741.320415,vcan0,601,7F000000
1780709741.320517,vcan0,602,00000000
1780709741.336204,vcan0,600,00000000
1780709741.336351,vcan0,601,7F000000
1780709741.336484,vcan0,602,00000000
1780709741.336621,vcan0,607,00
1780709741.378840,vcan0,600,00000000
1780709741.378980,vcan0,601,7F000000
1780709741.379060,vcan0,602,00000000
1780709741.379134,vcan0,603,01000000
1780709741.379217,vcan0,604,00
1780709741.379307,vcan0,605,00
1780709741.394142,vcan0,600,00000000
1780709741.394244,vcan0,601,7F000000
1780709741.394312,vcan0,602,00000000
1780709741.410204,vcan0,600,00000000
1780709741.410312,vcan0,601,7F000000
1780709741.410392,vcan0,602,00000000
1780709741.426251,vcan0,600,00000000
1780709741.426358,vcan0,601,7F000000
1780709741.426439,vcan0,602,00000000
1780709741.465648,vcan0,600,00000000
1780709741.465879,vcan0,601,72000000
1780709741.465992,vcan0,602,00000000
1780709741.466096,vcan0,603,01000000
1780709741.466201,vcan0,604,00
1780709741.466308,vcan0,605,00
1780709741.466411,vcan0,607,00
1780709741.481197,vcan0,600,00000000
1780709741.481344,vcan0,601,72000000
1780709741.481436,vcan0,602,00000000
1780709741.497206,vcan0,600,00000000
1780709741.497343,vcan0,601,72000000
1780709741.497423,vcan0,602,00000000
1780709741.513110,vcan0,600,00000000
1780709741.513248,vcan0,601,72000000
1780709741.513364,vcan0,602,00000000
1780709741.546088,vcan0,600,00000000
1780709741.546245,vcan0,601,72000000
1780709741.546333,vcan0,602,00000000
1780709741.546411,vcan0,603,01000000
1780709741.546545,vcan0,604,00
1780709741.546648,vcan0,605,00
1780709741.561129,vcan0,600,00000000
1780709741.561258,vcan0,601,72000000
1780709741.561353,vcan0,602,00000000
1780709741.577220,vcan0,600,00000000
1780709741.577363,vcan0,601,72000000
1780709741.577463,vcan0,602,00000000
1780709741.577547,vcan0,607,00
1780709741.593108,vcan0,600,00000000
1780709741.593225,vcan0,601,72000000
1780709741.593308,vcan0,602,00000000
1780709741.625178,vcan0,600,00000000
1780709741.625341,vcan0,601,72000000
1780709741.625476,vcan0,602,00000000
1780709741.625566,vcan0,603,01000000
1780709741.625646,vcan0,604,00
1780709741.625738,vcan0,605,00
1780709741.640311,vcan0,600,00000000
1780709741.640478,vcan0,601,65000000
1780709741.640575,vcan0,602,00000000
1780709741.656202,vcan0,600,00000000
1780709741.656325,vcan0,601,65000000
1780709741.656399,vcan0,602,00000000
1780709741.672222,vcan0,600,00000000
1780709741.672366,vcan0,601,65000000
1780709741.672485,vcan0,602,00000000
1780709741.703910,vcan0,600,00000000
1780709741.704103,vcan0,601,65000000
1780709741.704204,vcan0,602,00000000
1780709741.704309,vcan0,603,01000000
1780709741.704392,vcan0,604,00
1780709741.704513,vcan0,605,00
1780709741.704607,vcan0,607,00
1780709741.719272,vcan0,600,00000000
1780709741.719413,vcan0,601,65000000
1780709741.719531,vcan0,602,00000000
1780709741.735280,vcan0,600,00000000
1780709741.735414,vcan0,601,65000000
1780709741.735526,vcan0,602,00000000
1780709741.751128,vcan0,600,00000000
1780709741.751258,vcan0,601,65000000
1780709741.751369,vcan0,602,00000000
1780709741.786747,vcan0,600,00000000
1780709741.787066,vcan0,601,65000000
1780709741.787251,vcan0,602,00000000
1780709741.787416,vcan0,603,01000000
1780709741.787595,vcan0,604,00
1780709741.787881,vcan0,605,00
1780709741.801109,vcan0,600,00000000
1780709741.801254,vcan0,601,65000000
1780709741.801341,vcan0,602,00000000
1780709741.817104,vcan0,600,00000000
1780709741.817236,vcan0,601,65000000
1780709741.817335,vcan0,602,00000000
1780709741.817412,vcan0,607,00
1780709741.833192,vcan0,600,00000000
1780709741.833308,vcan0,601,65000000
1780709741.833399,vcan0,602,00000000
1780709741.862949,vcan0,600,00000000
1780709741.863112,vcan0,601,59000000
1780709741.863210,vcan0,602,00000000
1780709741.863307,vcan0,603,01000000
1780709741.863411,vcan0,604,00
1780709741.863525,vcan0,605,00
1780709741.878251,vcan0,600,00000000
1780709741.878393,vcan0,601,59000000
1780709741.878498,vcan0,602,00000000
1780709741.894165,vcan0,600,00000000
1780709741.894289,vcan0,601,59000000
1780709741.894380,vcan0,602,00000000
1780709741.910215,vcan0,600,00000000
1780709741.910337,vcan0,601,59000000
1780709741.910422,vcan0,602,00000000
1780709741.941707,vcan0,600,00000000
1780709741.941916,vcan0,601,59000000
1780709741.942064,vcan0,602,00000000
1780709741.942195,vcan0,603,01000000
1780709741.942327,vcan0,604,00
1780709741.942440,vcan0,605,00
1780709741.942580,vcan0,607,00
1780709741.957258,vcan0,600,00000000
1780709741.957394,vcan0,601,59000000
1780709741.957501,vcan0,602,00000000
1780709741.972189,vcan0,600,00000000
1780709741.972285,vcan0,601,59000000
1780709741.972363,vcan0,602,00000000
1780709742.012509,vcan0,600,00000000
1780709742.012662,vcan0,601,59000000
1780709742.012755,vcan0,602,00000000
1780709742.012829,vcan0,603,01000000
1780709742.012898,vcan0,604,00
1780709742.012965,vcan0,605,00
1780709742.028354,vcan0,600,00000000
1780709742.028512,vcan0,601,59000000
1780709742.028593,vcan0,602,00000000
1780709742.044315,vcan0,600,00000000
1780709742.044424,vcan0,601,4C000000
1780709742.044534,vcan0,602,00000000
1780709742.044614,vcan0,607,00
1780709742.060208,vcan0,600,00000000
1780709742.060319,vcan0,601,4C000000
1780709742.060398,vcan0,602,00000000
1780709742.094845,vcan0,600,00000000
1780709742.095055,vcan0,601,4C000000
1780709742.095181,vcan0,602,00000000
1780709742.095293,vcan0,603,01000000
1780709742.095400,vcan0,604,00
1780709742.095522,vcan0,605,00
1780709742.110289,vcan0,600,00000000
1780709742.110396,vcan0,601,4C000000
1780709742.110492,vcan0,602,00000000
1780709742.126129,vcan0,600,00000000
1780709742.126291,vcan0,601,4C000000
1780709742.126364,vcan0,602,00000000
1780709742.142290,vcan0,600,00000000
1780709742.142404,vcan0,601,4C000000
1780709742.142507,vcan0,602,00000000
1780709742.171322,vcan0,600,00000000
1780709742.171551,vcan0,601,4C000000
1780709742.171668,vcan0,602,00000000
1780709742.171778,vcan0,603,01000000
1780709742.171893,vcan0,604,00
1780709742.171997,vcan0,605,00
1780709742.172100,vcan0,607,00
1780709742.186206,vcan0,600,00000000
1780709742.186330,vcan0,601,4C000000
1780709742.186404,vcan0,602,00000000
1780709742.202288,vcan0,600,00000000
1780709742.202403,vcan0,601,4C000000
1780709742.202499,vcan0,602,00000000
1780709742.218132,vcan0,600,00000000
1780709742.218237,vcan0,601,4C000000
1780709742.218307,vcan0,602,00000000
1780709742.251967,vcan0,600,00000000
1780709742.252129,vcan0,601,7F000000
1780709742.252211,vcan0,602,00000000
1780709742.252290,vcan0,603,01000000
1780709742.252359,vcan0,604,00
1780709742.252425,vcan0,605,00
1780709742.267175,vcan0,600,00000000
1780709742.267292,vcan0,601,7F000000
1780709742.267362,vcan0,602,00000000
1780709742.283169,vcan0,600,00000000
1780709742.283284,vcan0,601,7F000000
1780709742.283361,vcan0,602,00000000
1780709742.283437,vcan0,607,00
1780709742.299244,vcan0,600,00000000
1780709742.299365,vcan0,601,7F000000
1780709742.299460,vcan0,602,00000000
1780709742.337766,vcan0,600,00000000
1780709742.337966,vcan0,601,7F000000
1780709742.338080,vcan0,602,00000000
1780709742.338192,vcan0,603,01000000
1780709742.338301,vcan0,604,00
1780709742.338413,vcan0,605,00
1780709742.353180,vcan0,600,00000000
1780709742.353309,vcan0,601,7F000000
1780709742.353412,vcan0,602,00000000
1780709742.370209,vcan0,600,00000000
1780709742.370339,vcan0,601,7F000000
1780709742.370413,vcan0,602,00000000
1780709742.386178,vcan0,600,00000000
1780709742.386324,vcan0,601,7F000000
1780709742.386439,vcan0,602,00000000
1780709742.386585,vcan0,607,00
1780709742.423266,vcan0,600,00000000
1780709742.423534,vcan0,601,7F000000
1780709742.423642,vcan0,602,00000000
1780709742.423725,vcan0,603,01000000
1780709742.423805,vcan0,604,00
1780709742.423901,vcan0,605,00
1780709742.438151,vcan0,600,00000000
1780709742.438256,vcan0,601,7F000000
1780709742.438327,vcan0,602,00000000
1780709742.454239,vcan0,600,00000000
1780709742.454364,vcan0,601,7F000000
1780709742.454480,vcan0,602,00000000
1780709742.470232,vcan0,600,00000000
1780709742.470350,vcan0,601,7F000000
1780709742.470438,vcan0,602,00000000
1780709742.511918,vcan0,600,00000000
1780709742.512076,vcan0,601,7F000000
1780709742.512189,vcan0,602,00000000
1780709742.512300,vcan0,603,01000000
1780709742.512417,vcan0,604,00
1780709742.512578,vcan0,605,00
1780709742.512715,vcan0,607,00
1780709742.527196,vcan0,600,00000000
1780709742.527305,vcan0,601,7F000000
1780709742.527380,vcan0,602,00000000
1780709742.543208,vcan0,600,00000000
1780709742.543311,vcan0,601,7F000000
1780709742.543386,vcan0,602,00000000
1780709742.559259,vcan0,600,00000000
1780709742.559379,vcan0,601,7F000000
1780709742.559470,vcan0,602,00000000
1780709742.599888,vcan0,600,00000000
1780709742.600045,vcan0,601,7F000000
1780709742.600122,vcan0,602,00000000
1780709742.600194,vcan0,603,01000000
1780709742.600266,vcan0,604,00
1780709742.600333,vcan0,605,00
1780709742.615224,vcan0,600,00000000
1780709742.615329,vcan0,601,7F000000
1780709742.615404,vcan0,602,00000000
1780709742.615513,vcan0,607,00
1780709742.631203,vcan0,600,00000000
1780709742.631321,vcan0,601,7F000000
1780709742.631400,vcan0,602,00000000
1780709742.647233,vcan0,600,00000000
1780709742.647359,vcan0,601,7F000000
1780709742.647437,vcan0,602,00000000
1780709742.690571,vcan0,600,00000000
1780709742.690706,vcan0,601,7F000000
1780709742.690801,vcan0,602,00000000
1780709742.690881,vcan0,603,01000000
1780709742.690957,vcan0,604,00
1780709742.691023,vcan0,605,00
1780709742.706186,vcan0,600,00000000
1780709742.706333,vcan0,601,7F000000
1780709742.706466,vcan0,602,00000000
1780709742.722093,vcan0,600,00000000
1780709742.722193,vcan0,601,7F000000
1780709742.722268,vcan0,602,00000000
1780709742.722341,vcan0,607,00
1780709742.738208,vcan0,600,00000000
1780709742.738324,vcan0,601,7F000000
1780709742.738404,vcan0,602,00000000
1780709742.784903,vcan0,600,00000000
1780709742.785081,vcan0,601,8C000000
1780709742.785183,vcan0,602,00000000
1780709742.785298,vcan0,603,01000000
1780709742.785390,vcan0,604,00
1780709742.785514,vcan0,605,00
1780709742.800112,vcan0,600,00000000
1780709742.800222,vcan0,601,8C000000
1780709742.800300,vcan0,602,00000000
1780709742.816198,vcan0,600,00000000
1780709742.816316,vcan0,601,8C000000
1780709742.816392,vcan0,602,00000000
1780709742.832194,vcan0,600,00000000
1780709742.832311,vcan0,601,8C000000
1780709742.832393,vcan0,602,00000000
1780709742.832495,vcan0,607,00
1780709742.875743,vcan0,600,00000000
1780709742.875886,vcan0,601,8C000000
1780709742.875968,vcan0,602,00000000
1780709742.876039,vcan0,603,01000000
1780709742.876109,vcan0,604,00
1780709742.876176,vcan0,605,00
1780709742.891182,vcan0,600,00000000
1780709742.891307,vcan0,601,8C000000
1780709742.891381,vcan0,602,00000000
1780709742.907343,vcan0,600,00000000
1780709742.907514,vcan0,601,8C000000
1780709742.907625,vcan0,602,00000000
1780709742.923317,vcan0,600,00000000
1780709742.923437,vcan0,601,7F000000
1780709742.923550,vcan0,602,00000000
1780709742.967118,vcan0,600,00000000
1780709742.967326,vcan0,601,7F000000
1780709742.967464,vcan0,602,00000000
1780709742.967585,vcan0,603,01000000
1780709742.967705,vcan0,604,00
1780709742.967813,vcan0,605,00
1780709742.967923,vcan0,607,00
1780709742.981131,vcan0,600,00000000
1780709742.981244,vcan0,601,7F000000
1780709742.981315,vcan0,602,00000000
1780709742.997248,vcan0,600,00000000
1780709742.997371,vcan0,601,7F000000
1780709742.997457,vcan0,602,00000000
1780709743.013161,vcan0,600,00000000
1780709743.013275,vcan0,601,7F000000
1780709743.013355,vcan0,602,00000000
1780709743.056885,vcan0,600,00000000
1780709743.057031,vcan0,601,7F000000
1780709743.057123,vcan0,602,00000000
1780709743.057217,vcan0,603,01000000
1780709743.057308,vcan0,604,00
1780709743.057416,vcan0,605,00
1780709743.072218,vcan0,600,00000000
1780709743.072345,vcan0,601,7F000000
1780709743.072418,vcan0,602,00000000
1780709743.072516,vcan0,607,00
1780709743.088250,vcan0,600,00000000
1780709743.088380,vcan0,601,7F000000
1780709743.088476,vcan0,602,00000000
1780709743.104351,vcan0,600,00000000
1780709743.104499,vcan0,601,7F000000
1780709743.104584,vcan0,602,00000000
1780709743.148129,vcan0,600,00000000
1780709743.148297,vcan0,601,7F000000
1780709743.148398,vcan0,602,00000000
1780709743.148539,vcan0,603,01000000
1780709743.148645,vcan0,604,00
1780709743.148758,vcan0,605,00
1780709743.163134,vcan0,600,00000000
1780709743.163272,vcan0,601,7F000000
1780709743.163362,vcan0,602,00000000
1780709743.179192,vcan0,600,00000000
1780709743.179331,vcan0,601,7F000000
1780709743.179422,vcan0,602,00000000
1780709743.179539,vcan0,607,00
1780709743.195242,vcan0,600,00000000
1780709743.195374,vcan0,601,72000000
1780709743.195484,vcan0,602,00000000
1780709743.242346,vcan0,600,00000000
1780709743.242582,vcan0,601,7F000000
1780709743.242692,vcan0,602,00000000
1780709743.242820,vcan0,603,01000000
1780709743.242914,vcan0,604,00
1780709743.243006,vcan0,605,00
1780709743.257365,vcan0,600,00000000
1780709743.257531,vcan0,601,7F000000
1780709743.257640,vcan0,602,00000000
1780709743.273096,vcan0,600,00000000
1780709743.273224,vcan0,601,7F000000
1780709743.273305,vcan0,602,00000000
1780709743.289173,vcan0,600,00000000
1780709743.289319,vcan0,601,7F000000
1780709743.289440,vcan0,602,00000000
1780709743.289595,vcan0,607,00
1780709743.335055,vcan0,600,00000000
1780709743.335216,vcan0,601,7F000000
1780709743.335324,vcan0,602,00000000
1780709743.335428,vcan0,603,01000000
1780709743.335539,vcan0,604,00
1780709743.335607,vcan0,605,00
1780709743.350522,vcan0,600,00000000
1780709743.350709,vcan0,601,7F000000
1780709743.350832,vcan0,602,00000000
1780709743.366068,vcan0,600,00000000
1780709743.366167,vcan0,601,7F000000
1780709743.366242,vcan0,602,00000000
1780709743.383119,vcan0,600,00000000
1780709743.383240,vcan0,601,7F000000
1780709743.383312,vcan0,602,00000000
1780709743.428674,vcan0,600,00000000
1780709743.428805,vcan0,601,7F000000
1780709743.428899,vcan0,602,00000000
1780709743.429006,vcan0,603,01000000
1780709743.429102,vcan0,604,00
1780709743.429205,vcan0,605,00
1780709743.429300,vcan0,607,00
1780709743.444211,vcan0,600,00000000
1780709743.444324,vcan0,601,8C000000
1780709743.444401,vcan0,602,00000000
1780709743.460129,vcan0,600,00000000
1780709743.460241,vcan0,601,7F000000
1780709743.460309,vcan0,602,00000000
1780709743.476193,vcan0,600,00000000
1780709743.476311,vcan0,601,7F000000
1780709743.476389,vcan0,602,00000000
1780709743.523073,vcan0,600,00000000
1780709743.523203,vcan0,601,7F000000
1780709743.523281,vcan0,602,00000000
1780709743.523386,vcan0,603,01000000
1780709743.523509,vcan0,604,00
1780709743.523607,vcan0,605,00
1780709743.538220,vcan0,600,00000000
1780709743.538338,vcan0,601,7F000000
1780709743.538417,vcan0,602,00000000
1780709743.538520,vcan0,607,00
1780709743.554272,vcan0,600,00000000
1780709743.554381,vcan0,601,7F000000
1780709743.554473,vcan0,602,00000000
1780709743.570204,vcan0,600,00000000
1780709743.570316,vcan0,601,7F000000
1780709743.570394,vcan0,602,00000000
1780709743.613733,vcan0,600,00000000
1780709743.613924,vcan0,601,7F000000
1780709743.614031,vcan0,602,00000000
1780709743.614122,vcan0,603,01000000
1780709743.614205,vcan0,604,00
1780709743.614293,vcan0,605,00
1780709743.629215,vcan0,600,00000000
1780709743.629334,vcan0,601,7F000000
1780709743.629414,vcan0,602,00000000
1780709743.645186,vcan0,600,00000000
1780709743.645309,vcan0,601,72000000
1780709743.645388,vcan0,602,00000000
1780709743.645491,vcan0,607,00
1780709743.661184,vcan0,600,00000000
1780709743.661296,vcan0,601,72000000
1780709743.661375,vcan0,602,00000000
1780709743.705549,vcan0,600,00000000
1780709743.705732,vcan0,601,7F000000
1780709743.705830,vcan0,602,00000000
1780709743.705940,vcan0,603,01000000
1780709743.706023,vcan0,604,00
1780709743.706109,vcan0,605,00
1780709743.721226,vcan0,600,00000000
1780709743.721365,vcan0,601,7F000000
1780709743.721481,vcan0,602,00000000
1780709743.737196,vcan0,600,00000000
1780709743.737337,vcan0,601,7F000000
1780709743.737438,vcan0,602,00000000
1780709743.753241,vcan0,600,00000000
1780709743.753396,vcan0,601,7F000000
1780709743.753511,vcan0,602,00000000
1780709743.753607,vcan0,607,00
1780709743.797925,vcan0,600,00000000
1780709743.798163,vcan0,601,7F000000
1780709743.798283,vcan0,602,00000000
1780709743.798396,vcan0,603,01000000
1780709743.798510,vcan0,604,00
1780709743.798607,vcan0,605,00
1780709743.813211,vcan0,600,00000000
1780709743.813338,vcan0,601,7F000000
1780709743.813412,vcan0,602,00000000
1780709743.829119,vcan0,600,00000000
1780709743.829226,vcan0,601,7F000000
1780709743.829304,vcan0,602,00000000
1780709743.845179,vcan0,600,00000000
1780709743.845294,vcan0,601,7F000000
1780709743.845372,vcan0,602,00000000
1780709743.895409,vcan0,600,00000000
1780709743.895559,vcan0,601,7F000000
1780709743.895649,vcan0,602,00000000
1780709743.895743,vcan0,603,01000000
1780709743.895857,vcan0,604,00
1780709743.895966,vcan0,605,00
1780709743.896071,vcan0,607,00
1780709743.910271,vcan0,600,00000000
1780709743.910399,vcan0,601,7F000000
1780709743.910511,vcan0,602,00000000
1780709743.926057,vcan0,600,00000000
1780709743.926176,vcan0,601,7F000000
1780709743.926262,vcan0,602,00000000
1780709743.942225,vcan0,600,00000000
1780709743.942374,vcan0,601,7F000000
1780709743.942494,vcan0,602,00000000
1780709743.987836,vcan0,600,00000000
1780709743.987986,vcan0,601,72000000
1780709743.988084,vcan0,602,00000000
1780709743.988190,vcan0,603,01000000
1780709743.988277,vcan0,604,00
1780709743.988357,vcan0,605,00
1780709744.003346,vcan0,600,00000000
1780709744.003506,vcan0,601,72000000
1780709744.003597,vcan0,602,00000000
1780709744.003694,vcan0,607,00
1780709744.019080,vcan0,600,00000000
1780709744.019203,vcan0,601,72000000
1780709744.019289,vcan0,602,00000000
1780709744.035211,vcan0,600,00000000
1780709744.035346,vcan0,601,72000000
1780709744.035434,vcan0,602,00000000
1780709744.081281,vcan0,600,00000000
1780709744.081439,vcan0,601,72000000
1780709744.081561,vcan0,602,00000000
1780709744.081659,vcan0,603,01000000
1780709744.081737,vcan0,604,00
1780709744.081806,vcan0,605,00
1780709744.096137,vcan0,600,00000000
1780709744.096233,vcan0,601,72000000
1780709744.096305,vcan0,602,00000000
1780709744.112071,vcan0,600,00000000
1780709744.112181,vcan0,601,72000000
1780709744.112258,vcan0,602,00000000
1780709744.112331,vcan0,607,00
1780709744.128159,vcan0,600,00000000
1780709744.128277,vcan0,601,72000000
1780709744.128355,vcan0,602,00000000
1780709744.174434,vcan0,600,00000000
1780709744.174706,vcan0,601,65000000
1780709744.174838,vcan0,602,00000000
1780709744.174953,vcan0,603,01000000
1780709744.175067,vcan0,604,00
1780709744.175170,vcan0,605,00
1780709744.189276,vcan0,600,00000000
1780709744.189388,vcan0,601,65000000
1780709744.189482,vcan0,602,00000000
1780709744.205093,vcan0,600,00000000
1780709744.205202,vcan0,601,65000000
1780709744.205281,vcan0,602,00000000
1780709744.221228,vcan0,600,00000000
1780709744.221344,vcan0,601,65000000
1780709744.221425,vcan0,602,00000000
1780709744.221527,vcan0,607,00
1780709744.266790,vcan0,600,00000000
1780709744.266934,vcan0,601,7F000000
1780709744.267034,vcan0,602,00000000
1780709744.267275,vcan0,603,01000000
1780709744.267425,vcan0,604,00
1780709744.267551,vcan0,605,00
1780709744.282255,vcan0,600,00000000
1780709744.282372,vcan0,601,7F000000
1780709744.282459,vcan0,602,00000000
1780709744.298166,vcan0,600,00000000
1780709744.298285,vcan0,601,7F000000
1780709744.298356,vcan0,602,00000000
1780709744.314192,vcan0,600,00000000
1780709744.314319,vcan0,601,7F000000
1780709744.314397,vcan0,602,00000000
1780709744.359384,vcan0,600,00000000
1780709744.359595,vcan0,601,7F000000
1780709744.359696,vcan0,602,00000000
1780709744.359797,vcan0,603,01000000
1780709744.359899,vcan0,604,00
1780709744.359984,vcan0,605,00
1780709744.360096,vcan0,607,00
1780709744.376256,vcan0,600,00000000
1780709744.376374,vcan0,601,7F000000
1780709744.376466,vcan0,602,00000000
1780709744.392295,vcan0,600,00000000
1780709744.392418,vcan0,601,7F000000
1780709744.392513,vcan0,602,00000000
1780709744.408262,vcan0,600,00000000
1780709744.408386,vcan0,601,7F000000
1780709744.408474,vcan0,602,00000000
1780709744.451350,vcan0,600,00000000
1780709744.451567,vcan0,601,7F000000
1780709744.451669,vcan0,602,00000000
1780709744.451773,vcan0,603,01000000
1780709744.451875,vcan0,604,00
1780709744.451960,vcan0,605,00
1780709744.466274,vcan0,600,00000000
1780709744.466402,vcan0,601,7F000000
1780709744.466512,vcan0,602,19000000
1780709744.466607,vcan0,607,00
1780709744.482095,vcan0,600,00000000
1780709744.482206,vcan0,601,7F000000
1780709744.482291,vcan0,602,33000000
1780709744.498192,vcan0,600,00000000
1780709744.498313,vcan0,601,7F000000
1780709744.498399,vcan0,602,4C000000
1780709744.544406,vcan0,600,00000000
1780709744.544594,vcan0,601,7F000000
1780709744.544687,vcan0,602,66000000
1780709744.544780,vcan0,603,01000000
1780709744.544855,vcan0,604,00
1780709744.544925,vcan0,605,00
1780709744.560239,vcan0,600,00000000
1780709744.560375,vcan0,601,7F000000
1780709744.560488,vcan0,602,7F000000
1780709744.576091,vcan0,600,00000000
1780709744.576207,vcan0,601,7F000000
1780709744.576290,vcan0,602,99000000
1780709744.576377,vcan0,607,00
1780709744.592175,vcan0,600,00000000
1780709744.592301,vcan0,601,7F000000
1780709744.592386,vcan0,602,B2000000
1780709744.637307,vcan0,600,00000000
1780709744.637540,vcan0,601,7F000000
1780709744.637641,vcan0,602,CC000000
1780709744.637726,vcan0,603,01000000
1780709744.637811,vcan0,604,00
1780709744.637888,vcan0,605,00
1780709744.652407,vcan0,600,00000000
1780709744.652570,vcan0,601,7F000000
1780709744.652645,vcan0,602,E5000000
1780709744.668132,vcan0,600,00000000
1780709744.668267,vcan0,601,7F000000
1780709744.668342,vcan0,602,FF000000
1780709744.684139,vcan0,600,00000000
1780709744.684267,vcan0,601,7F000000
1780709744.684343,vcan0,602,FF000000
1780709744.684429,vcan0,607,00
1780709744.729868,vcan0,600,00000000
1780709744.730028,vcan0,601,7F000000
1780709744.730143,vcan0,602,FF000000
1780709744.730244,vcan0,603,01000000
1780709744.730342,vcan0,604,00
1780709744.730437,vcan0,605,00
1780709744.745246,vcan0,600,00000000
1780709744.745376,vcan0,601,7F000000
1780709744.745473,vcan0,602,FF000000
1780709744.761049,vcan0,600,00000000
1780709744.761182,vcan0,601,7F000000
1780709744.761272,vcan0,602,FF000000
1780709744.777218,vcan0,600,00000000
1780709744.777366,vcan0,601,7F000000
1780709744.777471,vcan0,602,FF000000
1780709744.822674,vcan0,600,00000000
1780709744.822846,vcan0,601,7F000000
1780709744.823052,vcan0,602,FF000000
1780709744.823180,vcan0,603,01000000
1780709744.823275,vcan0,604,00
1780709744.823405,vcan0,605,00
1780709744.823606,vcan0,607,00
1780709744.838164,vcan0,600,00000000
1780709744.838287,vcan0,601,7F000000
1780709744.838372,vcan0,602,FF000000
1780709744.854062,vcan0,600,00000000
1780709744.854180,vcan0,601,7F000000
1780709744.854253,vcan0,602,FF000000
1780709744.870259,vcan0,600,00000000
1780709744.870385,vcan0,601,7F000000
1780709744.870488,vcan0,602,FF000000
1780709744.914851,vcan0,600,00000000
1780709744.915031,vcan0,601,7F000000
1780709744.915137,vcan0,602,FF000000
1780709744.915238,vcan0,603,01000000
1780709744.915329,vcan0,604,00
1780709744.915420,vcan0,605,00
1780709744.930169,vcan0,600,00000000
1780709744.930277,vcan0,601,7F000000
1780709744.930348,vcan0,602,FF000000
1780709744.930423,vcan0,607,00
1780709744.946097,vcan0,60D,08000000
1780709744.946203,vcan0,600,33000000
1780709744.946276,vcan0,601,7F000000
1780709744.946344,vcan0,602,FF000000
1780709744.962211,vcan0,600,66000000
1780709744.962325,vcan0,601,7F000000
1780709744.962398,vcan0,602,FF000000
1780709745.007381,vcan0,600,99000000
1780709745.007606,vcan0,601,7F000000
1780709745.007725,vcan0,602,FF000000
1780709745.007804,vcan0,603,01000000
1780709745.007874,vcan0,604,00
1780709745.007941,vcan0,605,00
1780709745.023297,vcan0,600,CC000000
1780709745.023411,vcan0,601,7F000000
1780709745.023508,vcan0,602,FF000000
1780709745.039055,vcan0,600,FF000000
1780709745.039176,vcan0,601,7F000000
1780709745.039286,vcan0,602,FF000000
1780709745.039406,vcan0,607,00
1780709745.055263,vcan0,600,FF000000
1780709745.055392,vcan0,601,7F000000
1780709745.055492,vcan0,602,00000000
1780709745.100938,vcan0,600,FF000000
1780709745.101131,vcan0,601,7F000000
1780709745.101247,vcan0,602,00000000
1780709745.101341,vcan0,603,01000000
1780709745.101429,vcan0,604,00
1780709745.101545,vcan0,605,00
1780709745.116184,vcan0,600,FF000000
1780709745.116331,vcan0,601,7F000000
1780709745.116457,vcan0,602,00000000
1780709745.132097,vcan0,600,FF000000
1780709745.132195,vcan0,601,7F000000
1780709745.132264,vcan0,602,00000000
1780709745.148118,vcan0,600,FF000000
1780709745.148234,vcan0,601,7F000000
1780709745.148309,vcan0,602,00000000
1780709745.148385,vcan0,607,00
1780709745.195990,vcan0,600,FF000000
1780709745.196186,vcan0,601,7F000000
1780709745.196271,vcan0,602,00000000
1780709745.196399,vcan0,603,01000000
1780709745.196527,vcan0,604,00
1780709745.196655,vcan0,605,00
1780709745.211096,vcan0,600,FF000000
1780709745.211225,vcan0,601,7F000000
1780709745.211312,vcan0,602,00000000
1780709745.227078,vcan0,600,FF000000
1780709745.227190,vcan0,601,7F000000
1780709745.227271,vcan0,602,00000000
1780709745.243147,vcan0,600,FF000000
1780709745.243266,vcan0,601,7F000000
1780709745.243351,vcan0,602,00000000
1780709745.290005,vcan0,600,FF000000
1780709745.290177,vcan0,601,7F000000
1780709745.290287,vcan0,602,00000000
1780709745.290395,vcan0,603,01000000
1780709745.290524,vcan0,604,00
1780709745.290618,vcan0,605,00
1780709745.290696,vcan0,607,00
1780709745.305362,vcan0,600,FF000000
1780709745.305523,vcan0,601,7F000000
1780709745.305619,vcan0,602,00000000
1780709745.321196,vcan0,600,FF000000
1780709745.321333,vcan0,601,7F000000
1780709745.321421,vcan0,602,00000000
1780709745.337259,vcan0,600,FF000000
1780709745.337399,vcan0,601,7F000000
1780709745.337512,vcan0,602,00000000
1780709745.382946,vcan0,600,FF000000
1780709745.383162,vcan0,601,7F000000
1780709745.383272,vcan0,602,00000000
1780709745.383373,vcan0,603,01000000
1780709745.383497,vcan0,604,00
1780709745.383593,vcan0,605,00
1780709745.398195,vcan0,600,FF000000
1780709745.398388,vcan0,601,7F000000
1780709745.398561,vcan0,602,00000000
1780709745.398665,vcan0,607,00
1780709745.414074,vcan0,600,FF000000
1780709745.414198,vcan0,601,7F000000
1780709745.414286,vcan0,602,00000000
1780709745.430202,vcan0,600,FF000000
1780709745.430396,vcan0,601,7F000000
1780709745.430572,vcan0,602,00000000
1780709745.476324,vcan0,600,FF000000
1780709745.476542,vcan0,601,7F000000
1780709745.476681,vcan0,602,00000000
1780709745.476788,vcan0,603,01000000
1780709745.476916,vcan0,604,00
1780709745.476998,vcan0,605,00
1780709745.491226,vcan0,600,FF000000
1780709745.491347,vcan0,601,7F000000
1780709745.491420,vcan0,602,00000000
1780709745.507141,vcan0,600,FF000000
1780709745.507271,vcan0,601,7F000000
1780709745.507342,vcan0,602,00000000
1780709745.507418,vcan0,607,00
1780709745.523221,vcan0,600,FF000000
1780709745.523363,vcan0,601,7F000000
1780709745.523497,vcan0,602,00000000
1780709745.570203,vcan0,600,FF000000
1780709745.570425,vcan0,601,7F000000
1780709745.570587,vcan0,602,00000000
1780709745.570688,vcan0,603,01000000
1780709745.570824,vcan0,604,00
1780709745.570917,vcan0,605,00
1780709745.585227,vcan0,600,FF000000
1780709745.585342,vcan0,601,7F000000
1780709745.585412,vcan0,602,00000000
1780709745.601208,vcan0,600,FF000000
1780709745.601328,vcan0,601,7F000000
1780709745.601402,vcan0,602,00000000
1780709745.617306,vcan0,600,FF000000
1780709745.617427,vcan0,601,7F000000
1780709745.617555,vcan0,602,00000000
1780709745.617644,vcan0,607,00
1780709745.664109,vcan0,600,FF000000
1780709745.664281,vcan0,601,7F000000
1780709745.664373,vcan0,602,00000000
1780709745.664493,vcan0,603,01000000
1780709745.664590,vcan0,604,00
1780709745.664687,vcan0,605,00
1780709745.679171,vcan0,600,FF000000
1780709745.679293,vcan0,601,7F000000
1780709745.679388,vcan0,602,00000000
1780709745.695075,vcan0,600,FF000000
1780709745.695193,vcan0,601,7F000000
1780709745.695278,vcan0,602,00000000
1780709745.711195,vcan0,600,FF000000
1780709745.711319,vcan0,601,7F000000
1780709745.711404,vcan0,602,00000000
1780709745.756744,vcan0,600,FF000000
1780709745.756936,vcan0,601,7F000000
1780709745.757066,vcan0,602,00000000
1780709745.757159,vcan0,603,01000000
1780709745.757234,vcan0,604,00
1780709745.757340,vcan0,605,00
1780709745.757418,vcan0,607,00
1780709745.772370,vcan0,600,FF000000
1780709745.772510,vcan0,601,7F000000
1780709745.772583,vcan0,602,00000000
1780709745.788148,vcan0,600,FF000000
1780709745.788256,vcan0,601,7F000000
1780709745.788327,vcan0,602,00000000
1780709745.804356,vcan0,600,FF000000
1780709745.804490,vcan0,601,7F000000
1780709745.804566,vcan0,602,00000000
1780709745.850981,vcan0,600,FF000000
1780709745.851170,vcan0,601,7F000000
1780709745.851273,vcan0,602,00000000
1780709745.851381,vcan0,603,01000000
1780709745.851504,vcan0,604,00
1780709745.851593,vcan0,605,00
1780709745.866298,vcan0,600,FF000000
1780709745.866456,vcan0,601,7F000000
1780709745.866549,vcan0,602,00000000
1780709745.866640,vcan0,607,00
1780709745.882059,vcan0,600,FF000000
1780709745.882179,vcan0,601,7F000000
1780709745.882265,vcan0,602,00000000
1780709745.898253,vcan0,600,FF000000
1780709745.898376,vcan0,601,7F000000
1780709745.898483,vcan0,602,00000000
1780709745.945472,vcan0,600,FF000000
1780709745.945705,vcan0,601,7F000000
1780709745.945837,vcan0,602,00000000
1780709745.945957,vcan0,603,01000000
1780709745.946069,vcan0,604,00
1780709745.946198,vcan0,605,00
1780709745.960305,vcan0,600,FF000000
1780709745.960419,vcan0,601,7F000000
1780709745.960510,vcan0,602,00000000
1780709745.975117,vcan0,600,FF000000
1780709745.975227,vcan0,601,7F000000
1780709745.975298,vcan0,602,00000000
1780709745.975375,vcan0,607,00
1780709745.991158,vcan0,600,FF000000
1780709745.991270,vcan0,601,7F000000
1780709745.991345,vcan0,602,00000000
1780709746.039914,vcan0,600,FF000000
1780709746.040111,vcan0,601,7F000000
1780709746.040216,vcan0,602,00000000
1780709746.040315,vcan0,603,01000000
1780709746.040438,vcan0,604,00
1780709746.040601,vcan0,605,00
1780709746.055187,vcan0,600,FF000000
1780709746.055292,vcan0,601,7F000000
1780709746.055368,vcan0,602,00000000
1780709746.071074,vcan0,600,FF000000
1780709746.071168,vcan0,601,7F000000
1780709746.071247,vcan0,602,00000000
1780709746.087118,vcan0,600,FF000000
1780709746.087237,vcan0,601,7F000000
1780709746.087316,vcan0,602,00000000
1780709746.087393,vcan0,607,00
1780709746.131417,vcan0,600,FF000000
1780709746.131922,vcan0,601,7F000000
1780709746.132286,vcan0,602,00000000
1780709746.132492,vcan0,603,01000000
1780709746.132600,vcan0,604,00
1780709746.132714,vcan0,605,00
1780709746.146214,vcan0,600,FF000000
1780709746.146326,vcan0,601,7F000000
1780709746.146403,vcan0,602,00000000
1780709746.162151,vcan0,600,FF000000
1780709746.162254,vcan0,601,7F000000
1780709746.162326,vcan0,602,00000000
1780709746.178173,vcan0,600,FF000000
1780709746.178278,vcan0,601,7F000000
1780709746.178353,vcan0,602,00000000
1780709746.222770,vcan0,600,FF000000
1780709746.222939,vcan0,601,7F000000
1780709746.223018,vcan0,602,00000000
1780709746.223090,vcan0,603,01000000
1780709746.223160,vcan0,604,00
1780709746.223252,vcan0,605,00
1780709746.223345,vcan0,607,00
1780709746.238217,vcan0,600,FF000000
1780709746.238430,vcan0,601,7F000000
1780709746.238611,vcan0,602,00000000
1780709746.254145,vcan0,600,FF000000
1780709746.254268,vcan0,601,7F000000
1780709746.254526,vcan0,602,00000000
1780709746.270160,vcan0,600,FF000000
1780709746.270283,vcan0,601,7F000000
1780709746.270462,vcan0,602,00000000
1780709746.315568,vcan0,60D,00000000
1780709746.316353,vcan0,600,00000000
1780709746.316551,vcan0,601,7F000000
1780709746.316655,vcan0,602,00000000
1780709746.316759,vcan0,603,01000000
1780709746.316860,vcan0,604,00
1780709746.316952,vcan0,605,00
1780709746.331100,vcan0,600,00000000
1780709746.331214,vcan0,601,7F000000
1780709746.331300,vcan0,602,00000000
1780709746.331387,vcan0,607,00
1780709746.347086,vcan0,600,00000000
1780709746.347212,vcan0,601,7F000000
1780709746.347297,vcan0,602,00000000
1780709746.363147,vcan0,600,00000000
1780709746.363281,vcan0,601,7F000000
1780709746.363370,vcan0,602,00000000
1780709746.408076,vcan0,600,00000000
1780709746.408269,vcan0,601,7F000000
1780709746.408371,vcan0,602,00000000
1780709746.408497,vcan0,603,01000000
1780709746.408605,vcan0,604,00
1780709746.408695,vcan0,605,00
1780709746.423201,vcan0,600,00000000
1780709746.423338,vcan0,601,7F000000
1780709746.423459,vcan0,602,00000000
1780709746.439071,vcan0,600,00000000
1780709746.439172,vcan0,601,7F000000
1780709746.439239,vcan0,602,00000000
1780709746.439309,vcan0,607,00
1780709746.455149,vcan0,600,00000000
1780709746.455259,vcan0,601,7F000000
1780709746.455338,vcan0,602,00000000
1780709746.501392,vcan0,600,00000000
1780709746.501591,vcan0,601,7F000000
1780709746.501700,vcan0,602,00000000
1780709746.501805,vcan0,603,01000000
1780709746.501906,vcan0,604,00
1780709746.502030,vcan0,605,00
1780709746.517211,vcan0,600,00000000
1780709746.517344,vcan0,601,7F000000
1780709746.517420,vcan0,602,00000000
1780709746.533070,vcan0,600,00000000
1780709746.533185,vcan0,601,7F000000
1780709746.533257,vcan0,602,00000000
1780709746.549153,vcan0,600,00000000
1780709746.549285,vcan0,601,7F000000
1780709746.549392,vcan0,602,00000000
1780709746.549532,vcan0,607,00
1780709746.592828,vcan0,600,00000000
1780709746.593474,vcan0,601,7F000000
1780709746.593654,vcan0,602,19000000
1780709746.593808,vcan0,603,01000000
1780709746.593925,vcan0,604,00
1780709746.594029,vcan0,605,00
1780709746.608166,vcan0,600,00000000
1780709746.608289,vcan0,601,7F000000
1780709746.608360,vcan0,602,33000000
1780709746.624083,vcan0,600,00000000
1780709746.624199,vcan0,601,7F000000
1780709746.624269,vcan0,602,4C000000
1780709746.640135,vcan0,600,00000000
1780709746.640275,vcan0,601,7F000000
1780709746.640396,vcan0,602,66000000
1780709746.682237,vcan0,600,00000000
1780709746.682384,vcan0,601,7F000000
1780709746.682519,vcan0,602,7F000000
1780709746.682612,vcan0,603,01000000
1780709746.682696,vcan0,604,00
1780709746.682774,vcan0,605,00
1780709746.682873,vcan0,607,00
1780709746.697240,vcan0,600,00000000
1780709746.697381,vcan0,601,7F000000
1780709746.697501,vcan0,602,99000000
1780709746.713201,vcan0,600,00000000
1780709746.713319,vcan0,601,7F000000
1780709746.713389,vcan0,602,B2000000
1780709746.729254,vcan0,600,00000000
1780709746.729373,vcan0,601,7F000000
1780709746.729461,vcan0,602,CC000000
1780709746.773834,vcan0,600,00000000
1780709746.773990,vcan0,601,7F000000
1780709746.774083,vcan0,602,E5000000
1780709746.774185,vcan0,603,01000000
1780709746.774279,vcan0,604,00
1780709746.774411,vcan0,605,00
1780709746.789160,vcan0,600,00000000
1780709746.789279,vcan0,601,7F000000
1780709746.789363,vcan0,602,FF000000
1780709746.789467,vcan0,607,00
1780709746.805062,vcan0,600,00000000
1780709746.805174,vcan0,601,7F000000
1780709746.805257,vcan0,602,FF000000
1780709746.821100,vcan0,600,00000000
1780709746.821220,vcan0,601,7F000000
1780709746.821305,vcan0,602,FF000000
1780709746.865951,vcan0,600,00000000
1780709746.866188,vcan0,601,7F000000
1780709746.866330,vcan0,602,FF000000
1780709746.866491,vcan0,603,01000000
1780709746.866605,vcan0,604,00
1780709746.866706,vcan0,605,00
1780709746.881126,vcan0,600,00000000
1780709746.881225,vcan0,601,7F000000
1780709746.881297,vcan0,602,FF000000
1780709746.897036,vcan0,600,00000000
1780709746.897140,vcan0,601,7F000000
1780709746.897220,vcan0,602,FF000000
1780709746.897291,vcan0,607,00
1780709746.913112,vcan0,600,00000000
1780709746.913224,vcan0,601,7F000000
1780709746.913294,vcan0,602,FF000000
1780709746.956688,vcan0,600,00000000
1780709746.956889,vcan0,601,7F000000
1780709746.956980,vcan0,602,FF000000
1780709746.957057,vcan0,603,01000000
1780709746.957131,vcan0,604,00
1780709746.957199,vcan0,605,00
1780709746.971173,vcan0,600,00000000
1780709746.971279,vcan0,601,7F000000
1780709746.971350,vcan0,602,FF000000
1780709746.987146,vcan0,600,00000000
1780709746.987254,vcan0,601,7F000000
1780709746.987323,vcan0,602,FF000000
1780709747.003180,vcan0,600,00000000
1780709747.003295,vcan0,601,7F000000
1780709747.003369,vcan0,602,FF000000
1780709747.003459,vcan0,607,00
1780709747.047509,vcan0,600,00000000
1780709747.047754,vcan0,601,7F000000
1780709747.047858,vcan0,602,FF000000
1780709747.047959,vcan0,603,01000000
1780709747.048060,vcan0,604,00
1780709747.048157,vcan0,605,00
1780709747.062193,vcan0,600,00000000
1780709747.062325,vcan0,601,7F000000
1780709747.062422,vcan0,602,FF000000
1780709747.078170,vcan0,600,00000000
1780709747.078309,vcan0,601,72000000
1780709747.078412,vcan0,602,FF000000
1780709747.094077,vcan0,600,00000000
1780709747.094201,vcan0,601,72000000
1780709747.094290,vcan0,602,FF000000
1780709747.141807,vcan0,600,00000000
1780709747.141999,vcan0,601,72000000
1780709747.142098,vcan0,602,FF000000
1780709747.142201,vcan0,603,01000000
1780709747.142335,vcan0,604,00
1780709747.142431,vcan0,605,00
1780709747.142559,vcan0,607,00
1780709747.157221,vcan0,600,00000000
1780709747.157341,vcan0,601,72000000
1780709747.157414,vcan0,602,FF000000
1780709747.173072,vcan0,600,00000000
1780709747.173185,vcan0,601,72000000
1780709747.173260,vcan0,602,FF000000
1780709747.189133,vcan0,600,00000000
1780709747.189243,vcan0,601,72000000
1780709747.189320,vcan0,602,FF000000
1780709747.233574,vcan0,600,00000000
1780709747.233785,vcan0,601,72000000
1780709747.233901,vcan0,602,FF000000
1780709747.234018,vcan0,603,01000000
1780709747.234128,vcan0,604,00
1780709747.234242,vcan0,605,00
1780709747.249097,vcan0,600,00000000
1780709747.249203,vcan0,601,72000000
1780709747.249277,vcan0,602,FF000000
1780709747.249352,vcan0,607,00
1780709747.265057,vcan0,600,00000000
1780709747.265151,vcan0,601,72000000
1780709747.265223,vcan0,602,FF000000
1780709747.281187,vcan0,600,00000000
1780709747.281289,vcan0,601,65000000
1780709747.281361,vcan0,602,FF000000
1780709747.325485,vcan0,600,00000000
1780709747.325634,vcan0,601,65000000
1780709747.325721,vcan0,602,FF000000
1780709747.325813,vcan0,603,01000000
1780709747.325928,vcan0,604,00
1780709747.326014,vcan0,605,00
1780709747.341154,vcan0,600,00000000
1780709747.341252,vcan0,601,65000000
1780709747.341320,vcan0,602,FF000000
1780709747.357104,vcan0,600,00000000
1780709747.357212,vcan0,601,7F000000
1780709747.357283,vcan0,602,FF000000
1780709747.357354,vcan0,607,00
1780709747.374136,vcan0,600,00000000
1780709747.374243,vcan0,601,7F000000
1780709747.374318,vcan0,602,FF000000
1780709747.418182,vcan0,600,00000000
1780709747.418372,vcan0,601,7F000000
1780709747.418520,vcan0,602,FF000000
1780709747.418634,vcan0,603,01000000
1780709747.418751,vcan0,604,00
1780709747.418878,vcan0,605,00
1780709747.433069,vcan0,600,00000000
1780709747.433196,vcan0,601,7F000000
1780709747.433285,vcan0,602,FF000000
1780709747.449179,vcan0,600,00000000
1780709747.449295,vcan0,601,7F000000
1780709747.449374,vcan0,602,FF000000
1780709747.465121,vcan0,600,00000000
1780709747.465271,vcan0,601,7F000000
1780709747.465392,vcan0,602,FF000000
1780709747.465550,vcan0,607,00
1780709747.509540,vcan0,600,00000000
1780709747.509732,vcan0,601,7F000000
1780709747.509831,vcan0,602,FF000000
1780709747.509931,vcan0,603,01000000
1780709747.510033,vcan0,604,00
1780709747.510132,vcan0,605,00
1780709747.525245,vcan0,600,00000000
1780709747.525368,vcan0,601,7F000000
1780709747.525464,vcan0,602,FF000000
1780709747.541065,vcan0,600,00000000
1780709747.541162,vcan0,601,7F000000
1780709747.541239,vcan0,602,FF000000
1780709747.557202,vcan0,600,00000000
1780709747.557311,vcan0,601,7F000000
1780709747.557391,vcan0,602,FF000000
1780709747.603247,vcan0,600,00000000
1780709747.603440,vcan0,601,7F000000
1780709747.603570,vcan0,602,FF000000
1780709747.603921,vcan0,603,01000000
1780709747.604164,vcan0,604,00
1780709747.604285,vcan0,605,00
1780709747.604393,vcan0,607,00
1780709747.618199,vcan0,600,00000000
1780709747.618315,vcan0,601,7F000000
1780709747.618385,vcan0,602,FF000000
1780709747.634058,vcan0,600,00000000
1780709747.634163,vcan0,601,7F000000
1780709747.634236,vcan0,602,FF000000
1780709747.650103,vcan0,600,00000000
1780709747.650215,vcan0,601,7F000000
1780709747.650288,vcan0,602,FF000000
1780709747.693393,vcan0,600,00000000
1780709747.693610,vcan0,601,7F000000
1780709747.693727,vcan0,602,FF000000
1780709747.693838,vcan0,603,01000000
1780709747.693942,vcan0,604,00
1780709747.694041,vcan0,605,00
1780709747.708275,vcan0,600,00000000
1780709747.708389,vcan0,601,7F000000
1780709747.708490,vcan0,602,FF000000
1780709747.708572,vcan0,607,00
1780709747.724106,vcan0,600,00000000
1780709747.724222,vcan0,601,7F000000
1780709747.724292,vcan0,602,FF000000
1780709747.740151,vcan0,600,00000000
1780709747.740265,vcan0,601,7F000000
1780709747.740336,vcan0,602,FF000000
1780709747.783947,vcan0,600,00000000
1780709747.784106,vcan0,601,72000000
1780709747.784191,vcan0,602,FF000000
1780709747.784297,vcan0,603,01000000
1780709747.784408,vcan0,604,00
1780709747.784520,vcan0,605,00
1780709747.799085,vcan0,600,00000000
1780709747.799210,vcan0,601,72000000
1780709747.799294,vcan0,602,FF000000
1780709747.815039,vcan0,600,00000000
1780709747.815153,vcan0,601,72000000
1780709747.815237,vcan0,602,FF000000
1780709747.815325,vcan0,607,00
1780709747.831149,vcan0,600,00000000
1780709747.831285,vcan0,601,72000000
1780709747.831371,vcan0,602,FF000000
1780709747.875047,vcan0,600,00000000
1780709747.875205,vcan0,601,72000000
1780709747.875295,vcan0,602,FF000000
1780709747.875384,vcan0,603,01000000
1780709747.875493,vcan0,604,00
1780709747.875610,vcan0,605,00
1780709747.890226,vcan0,600,00000000
1780709747.890379,vcan0,601,72000000
1780709747.890489,vcan0,602,FF000000
1780709747.906061,vcan0,600,00000000
1780709747.906211,vcan0,601,72000000
1780709747.906337,vcan0,602,FF000000
1780709747.922154,vcan0,600,00000000
1780709747.922257,vcan0,601,72000000
1780709747.922333,vcan0,602,FF000000
1780709747.922408,vcan0,607,00
1780709747.966985,vcan0,600,00000000
1780709747.967159,vcan0,601,65000000
1780709747.967355,vcan0,602,FF000000
1780709747.967515,vcan0,603,01000000
1780709747.967622,vcan0,604,00
1780709747.967721,vcan0,605,00
1780709747.981202,vcan0,600,00000000
1780709747.981322,vcan0,601,65000000
1780709747.981393,vcan0,602,FF000000
1780709747.997171,vcan0,600,00000000
1780709747.997330,vcan0,601,65000000
1780709747.997406,vcan0,602,FF000000
1780709748.013165,vcan0,600,00000000
1780709748.013292,vcan0,601,65000000
1780709748.013364,vcan0,602,FF000000
1780709748.066169,vcan0,600,00000000
1780709748.066355,vcan0,601,65000000
1780709748.066479,vcan0,602,FF000000
1780709748.066628,vcan0,603,01000000
1780709748.066724,vcan0,604,00
1780709748.066871,vcan0,605,00
1780709748.066991,vcan0,607,00
1780709748.081427,vcan0,600,00000000
1780709748.081584,vcan0,601,7F000000
1780709748.081657,vcan0,602,FF000000
1780709748.097205,vcan0,600,00000000
1780709748.097321,vcan0,601,7F000000
1780709748.097394,vcan0,602,FF000000
1780709748.113195,vcan0,600,00000000
1780709748.113314,vcan0,601,7F000000
1780709748.113401,vcan0,602,FF000000
1780709748.162429,vcan0,600,00000000
1780709748.162586,vcan0,601,7F000000
1780709748.162678,vcan0,602,FF000000
1780709748.162754,vcan0,603,01000000
1780709748.162850,vcan0,604,00
1780709748.162918,vcan0,605,00
1780709748.178253,vcan0,600,00000000
1780709748.178371,vcan0,601,7F000000
1780709748.178458,vcan0,602,FF000000
1780709748.178546,vcan0,607,00
1780709748.194037,vcan0,600,00000000
1780709748.194151,vcan0,601,7F000000
1780709748.194224,vcan0,602,FF000000
1780709748.210085,vcan0,600,00000000
1780709748.210191,vcan0,601,7F000000
1780709748.210267,vcan0,602,FF000000
1780709748.253547,vcan0,600,00000000
1780709748.253711,vcan0,601,7F000000
1780709748.253846,vcan0,602,FF000000
1780709748.253951,vcan0,603,01000000
1780709748.254057,vcan0,604,00
1780709748.254149,vcan0,605,00
1780709748.269101,vcan0,600,00000000
1780709748.269206,vcan0,601,7F000000
1780709748.269278,vcan0,602,FF000000
1780709748.285048,vcan0,600,00000000
1780709748.285167,vcan0,601,7F000000
1780709748.285243,vcan0,602,FF000000
1780709748.285315,vcan0,607,00
1780709748.301180,vcan0,600,00000000
1780709748.301286,vcan0,601,7F000000
1780709748.301361,vcan0,602,FF000000
1780709748.344871,vcan0,600,00000000
1780709748.345008,vcan0,601,7F000000
1780709748.345122,vcan0,602,FF000000
1780709748.345207,vcan0,603,01000000
1780709748.345303,vcan0,604,00
1780709748.345398,vcan0,605,00
1780709748.360144,vcan0,600,00000000
1780709748.360260,vcan0,601,7F000000
1780709748.360331,vcan0,602,FF000000
1780709748.377076,vcan0,600,00000000
1780709748.377203,vcan0,601,7F000000
1780709748.377277,vcan0,602,FF000000
1780709748.393155,vcan0,600,00000000
1780709748.393264,vcan0,601,7F000000
1780709748.393341,vcan0,602,FF000000
1780709748.393416,vcan0,607,00
1780709748.437372,vcan0,600,00000000
1780709748.437528,vcan0,601,7F000000
1780709748.437602,vcan0,602,FF000000
1780709748.437679,vcan0,603,01000000
1780709748.437748,vcan0,604,00
1780709748.437820,vcan0,605,00
1780709748.453189,vcan0,600,00000000
1780709748.453306,vcan0,601,72000000
1780709748.453382,vcan0,602,FF000000
1780709748.469020,vcan0,600,00000000
1780709748.469130,vcan0,601,72000000
1780709748.469210,vcan0,602,FF000000
1780709748.485133,vcan0,600,00000000
1780709748.485242,vcan0,601,72000000
1780709748.485313,vcan0,602,FF000000
1780709748.529246,vcan0,600,00000000
1780709748.529403,vcan0,601,72000000
1780709748.529540,vcan0,602,FF000000
1780709748.529689,vcan0,603,01000000
1780709748.529800,vcan0,604,00
1780709748.529900,vcan0,605,00
1780709748.529997,vcan0,607,00
1780709748.544215,vcan0,600,00000000
1780709748.544325,vcan0,601,72000000
1780709748.544399,vcan0,602,FF000000
1780709748.560069,vcan0,600,00000000
1780709748.560188,vcan0,601,72000000
1780709748.560263,vcan0,602,FF000000
1780709748.576175,vcan0,600,00000000
1780709748.576289,vcan0,601,72000000
1780709748.576364,vcan0,602,FF000000
1780709748.620837,vcan0,600,00000000
1780709748.620987,vcan0,601,7F000000
1780709748.621061,vcan0,602,FF000000
1780709748.621145,vcan0,603,01000000
1780709748.621246,vcan0,604,00
1780709748.621345,vcan0,605,00
1780709748.636166,vcan0,600,00000000
1780709748.636285,vcan0,601,7F000000
1780709748.636357,vcan0,602,FF000000
1780709748.636431,vcan0,607,00
1780709748.652111,vcan0,600,00000000
1780709748.652245,vcan0,601,7F000000
1780709748.652323,vcan0,602,FF000000
1780709748.668099,vcan0,600,00000000
1780709748.668204,vcan0,601,7F000000
1780709748.668281,vcan0,602,FF000000
1780709748.712349,vcan0,600,00000000
1780709748.712602,vcan0,601,7F000000
1780709748.712715,vcan0,602,FF000000
1780709748.712820,vcan0,603,01000000
1780709748.712935,vcan0,604,00
1780709748.713046,vcan0,605,00
1780709748.727184,vcan0,600,00000000
1780709748.727359,vcan0,601,7F000000
1780709748.727463,vcan0,602,FF000000
1780709748.743017,vcan0,600,00000000
1780709748.743134,vcan0,601,7F000000
1780709748.743210,vcan0,602,FF000000
1780709748.743287,vcan0,607,00
1780709748.759155,vcan0,600,00000000
1780709748.759274,vcan0,601,7F000000
1780709748.759349,vcan0,602,FF000000
1780709748.803071,vcan0,600,00000000
1780709748.803263,vcan0,601,7F000000
1780709748.803360,vcan0,602,FF000000
1780709748.804036,vcan0,603,01000000
1780709748.804205,vcan0,604,00
1780709748.804337,vcan0,605,00
1780709748.818189,vcan0,600,00000000
1780709748.818305,vcan0,601,7F000000
1780709748.818378,vcan0,602,FF000000
1780709748.834023,vcan0,600,00000000
1780709748.834139,vcan0,601,7F000000
1780709748.834231,vcan0,602,FF000000
1780709748.850122,vcan0,600,00000000
1780709748.850245,vcan0,601,7F000000
1780709748.850329,vcan0,602,FF000000
1780709748.850425,vcan0,607,00
1780709748.893663,vcan0,600,00000000
1780709748.893816,vcan0,601,7F000000
1780709748.893893,vcan0,602,FF000000
1780709748.893991,vcan0,603,01000000
1780709748.894094,vcan0,604,00
1780709748.894201,vcan0,605,00
1780709748.909194,vcan0,600,00000000
1780709748.909316,vcan0,601,7F000000
1780709748.909387,vcan0,602,FF000000
1780709748.925043,vcan0,600,00000000
1780709748.925149,vcan0,601,7F000000
1780709748.925224,vcan0,602,FF000000
1780709748.941136,vcan0,600,00000000
1780709748.941251,vcan0,601,7F000000
1780709748.941327,vcan0,602,FF000000
1780709748.984940,vcan0,600,00000000
1780709748.985139,vcan0,601,7F000000
1780709748.985262,vcan0,602,FF000000
1780709748.985367,vcan0,603,01000000
1780709748.985510,vcan0,604,00
1780709748.985613,vcan0,605,00
1780709748.985706,vcan0,607,00
1780709749.000199,vcan0,600,00000000
1780709749.000314,vcan0,601,7F000000
1780709749.000386,vcan0,602,FF000000
1780709749.016009,vcan0,600,00000000
1780709749.016106,vcan0,601,7F000000
1780709749.016182,vcan0,602,FF000000
1780709749.032092,vcan0,600,00000000
1780709749.032196,vcan0,601,7F000000
1780709749.032269,vcan0,602,FF000000
1780709749.076987,vcan0,600,00000000
1780709749.077137,vcan0,601,7F000000
1780709749.077214,vcan0,602,FF000000
1780709749.077292,vcan0,603,01000000
1780709749.077360,vcan0,604,00
1780709749.077427,vcan0,605,00
1780709749.092217,vcan0,600,00000000
1780709749.092350,vcan0,601,7F000000
1780709749.092429,vcan0,602,FF000000
1780709749.092524,vcan0,607,00
1780709749.108069,vcan0,600,00000000
1780709749.108164,vcan0,601,7F000000
1780709749.108241,vcan0,602,FF000000
1780709749.124158,vcan0,600,00000000
1780709749.124293,vcan0,601,7F000000
1780709749.124383,vcan0,602,FF000000
1780709749.167922,vcan0,600,00000000
1780709749.168155,vcan0,601,7F000000
1780709749.168273,vcan0,602,FF000000
1780709749.168381,vcan0,603,01000000
1780709749.168508,vcan0,604,00
1780709749.168606,vcan0,605,00
1780709749.183195,vcan0,600,00000000
1780709749.183309,vcan0,601,7F000000
1780709749.183385,vcan0,602,FF000000
1780709749.199033,vcan0,600,00000000
1780709749.199130,vcan0,601,7F000000
1780709749.199203,vcan0,602,FF000000
1780709749.199274,vcan0,607,00
1780709749.215065,vcan0,600,00000000
1780709749.215160,vcan0,601,7F000000
1780709749.215233,vcan0,602,FF000000
1780709749.257134,vcan0,600,00000000
1780709749.257319,vcan0,601,7F000000
1780709749.257426,vcan0,602,FF000000
1780709749.257525,vcan0,603,01000000
1780709749.257617,vcan0,604,00
1780709749.257706,vcan0,605,00
1780709749.272097,vcan0,600,00000000
1780709749.272226,vcan0,601,7F000000
1780709749.272311,vcan0,602,FF000000
1780709749.288022,vcan0,600,00000000
1780709749.288132,vcan0,601,7F000000
1780709749.288218,vcan0,602,FF000000
1780709749.304116,vcan0,600,00000000
1780709749.304237,vcan0,601,7F000000
1780709749.304321,vcan0,602,FF000000
1780709749.304407,vcan0,607,00
1780709749.346542,vcan0,600,00000000
1780709749.346704,vcan0,601,7F000000
1780709749.346824,vcan0,602,FF000000
1780709749.346916,vcan0,603,01000000
1780709749.346999,vcan0,604,00
1780709749.347070,vcan0,605,00
1780709749.362141,vcan0,600,00000000
1780709749.362249,vcan0,601,7F000000
1780709749.362325,vcan0,602,FF000000
1780709749.379032,vcan0,600,00000000
1780709749.379148,vcan0,601,7F000000
1780709749.379216,vcan0,602,FF000000
1780709749.395099,vcan0,600,00000000
1780709749.395203,vcan0,601,7F000000
1780709749.395276,vcan0,602,FF000000
1780709749.434962,vcan0,600,00000000
1780709749.435158,vcan0,601,7F000000
1780709749.435262,vcan0,602,FF000000
1780709749.435380,vcan0,603,01000000
1780709749.435519,vcan0,604,00
1780709749.435622,vcan0,605,00
1780709749.435725,vcan0,607,00
1780709749.450133,vcan0,600,00000000
1780709749.450240,vcan0,601,7F000000
1780709749.450309,vcan0,602,FF000000
1780709749.466021,vcan0,600,00000000
1780709749.466125,vcan0,601,7F000000
1780709749.466204,vcan0,602,FF000000
1780709749.482186,vcan0,600,00000000
1780709749.482304,vcan0,601,7F000000
1780709749.482377,vcan0,602,FF000000
1780709749.524266,vcan0,600,00000000
1780709749.524432,vcan0,601,7F000000
1780709749.524561,vcan0,602,FF000000
1780709749.524654,vcan0,603,01000000
1780709749.524743,vcan0,604,00
1780709749.524818,vcan0,605,00
1780709749.539193,vcan0,600,00000000
1780709749.539302,vcan0,601,7F000000
1780709749.539377,vcan0,602,FF000000
1780709749.539467,vcan0,607,00
1780709749.555097,vcan0,600,00000000
1780709749.555223,vcan0,601,7F000000
1780709749.555295,vcan0,602,FF000000
1780709749.571211,vcan0,600,00000000
1780709749.571374,vcan0,601,7F000000
1780709749.571560,vcan0,602,FF000000
1780709749.626769,vcan0,600,00000000
1780709749.627148,vcan0,601,72000000
1780709749.627276,vcan0,602,FF000000
1780709749.627403,vcan0,603,01000000
1780709749.627527,vcan0,604,00
1780709749.627619,vcan0,605,00
1780709749.642263,vcan0,600,00000000
1780709749.642379,vcan0,601,72000000
1780709749.642464,vcan0,602,FF000000
1780709749.642539,vcan0,607,00
1780709749.658307,vcan0,600,00000000
1780709749.658484,vcan0,601,72000000
1780709749.658556,vcan0,602,FF000000
1780709749.674024,vcan0,600,00000000
1780709749.674095,vcan0,601,72000000
1780709749.674135,vcan0,602,FF000000
1780709749.722413,vcan0,600,00000000
1780709749.722577,vcan0,601,72000000
1780709749.722695,vcan0,602,FF000000
1780709749.722813,vcan0,603,01000000
1780709749.722922,vcan0,604,00
1780709749.723133,vcan0,605,00
1780709749.737160,vcan0,600,00000000
1780709749.737274,vcan0,601,72000000
1780709749.737350,vcan0,602,FF000000
1780709749.753150,vcan0,600,00000000
1780709749.753261,vcan0,601,72000000
1780709749.753339,vcan0,602,FF000000
1780709749.753412,vcan0,607,00
1780709749.769192,vcan0,600,00000000
1780709749.769309,vcan0,601,72000000
1780709749.769381,vcan0,602,FF000000
1780709749.810544,vcan0,600,00000000
1780709749.810746,vcan0,601,65000000
1780709749.810860,vcan0,602,FF000000
1780709749.810977,vcan0,603,01000000
1780709749.811070,vcan0,604,00
1780709749.811147,vcan0,605,00
1780709749.826164,vcan0,600,00000000
1780709749.826278,vcan0,601,65000000
1780709749.826352,vcan0,602,FF000000
1780709749.842009,vcan0,600,00000000
1780709749.842103,vcan0,601,65000000
1780709749.842176,vcan0,602,FF000000
1780709749.858143,vcan0,600,00000000
1780709749.858261,vcan0,601,65000000
1780709749.858332,vcan0,602,FF000000
1780709749.858410,vcan0,607,00
1780709749.897657,vcan0,600,00000000
1780709749.897869,vcan0,601,65000000
1780709749.898013,vcan0,602,FF000000
1780709749.898117,vcan0,603,01000000
1780709749.898247,vcan0,604,00
1780709749.898352,vcan0,605,00
1780709749.913239,vcan0,600,00000000
1780709749.913358,vcan0,601,7F000000
1780709749.913431,vcan0,602,FF000000
1780709749.929049,vcan0,600,00000000
1780709749.929149,vcan0,601,7F000000
1780709749.929217,vcan0,602,FF000000
1780709749.945174,vcan0,600,00000000
1780709749.945280,vcan0,601,7F000000
1780709749.945355,vcan0,602,FF000000
1780709749.984469,vcan0,600,00000000
1780709749.984613,vcan0,601,7F000000
1780709749.984708,vcan0,602,FF000000
1780709749.984781,vcan0,603,01000000
1780709749.984851,vcan0,604,00
1780709749.984919,vcan0,605,00
1780709749.985034,vcan0,607,00
1780709750.000143,vcan0,600,00000000
1780709750.000245,vcan0,601,7F000000
1780709750.000317,vcan0,602,FF000000
1780709750.016031,vcan0,600,00000000
1780709750.016125,vcan0,601,7F000000
1780709750.016194,vcan0,602,FF000000
1780709750.032189,vcan0,600,00000000
1780709750.032298,vcan0,601,7F000000
1780709750.032374,vcan0,602,FF000000
1780709750.069796,vcan0,600,00000000
1780709750.069956,vcan0,601,7F000000
1780709750.070034,vcan0,602,FF000000
1780709750.070133,vcan0,603,01000000
1780709750.070224,vcan0,604,00
1780709750.070358,vcan0,605,00
1780709750.085378,vcan0,600,00000000
1780709750.085568,vcan0,601,7F000000
1780709750.085673,vcan0,602,FF000000
1780709750.085754,vcan0,607,00
1780709750.101160,vcan0,600,00000000
1780709750.101277,vcan0,601,7F000000
1780709750.101352,vcan0,602,FF000000
1780709750.117324,vcan0,600,00000000
1780709750.117677,vcan0,601,7F000000
1780709750.117781,vcan0,602,FF000000
1780709750.156534,vcan0,600,00000000
1780709750.156693,vcan0,601,7F000000
1780709750.156782,vcan0,602,FF000000
1780709750.156868,vcan0,603,01000000
1780709750.156952,vcan0,604,00
1780709750.157030,vcan0,605,00
1780709750.172171,vcan0,600,00000000
1780709750.172304,vcan0,601,7F000000
1780709750.172392,vcan0,602,FF000000
1780709750.188051,vcan0,600,00000000
1780709750.188171,vcan0,601,7F000000
1780709750.188267,vcan0,602,FF000000
1780709750.188364,vcan0,607,00
1780709750.204200,vcan0,600,00000000
1780709750.204316,vcan0,601,7F000000
1780709750.204394,vcan0,602,FF000000
1780709750.244563,vcan0,600,00000000
1780709750.244713,vcan0,601,7F000000
1780709750.244806,vcan0,602,FF000000
1780709750.244894,vcan0,603,01000000
1780709750.244986,vcan0,604,00
1780709750.245086,vcan0,605,00
1780709750.260312,vcan0,600,00000000
1780709750.260424,vcan0,601,7F000000
1780709750.260519,vcan0,602,FF000000
1780709750.276061,vcan0,600,00000000
1780709750.276175,vcan0,601,7F000000
1780709750.276246,vcan0,602,FF000000
1780709750.292184,vcan0,600,00000000
1780709750.292296,vcan0,601,7F000000
1780709750.292373,vcan0,602,FF000000
1780709750.292463,vcan0,607,00
1780709750.328605,vcan0,600,00000000
1780709750.328777,vcan0,601,7F000000
1780709750.328901,vcan0,602,FF000000
1780709750.328996,vcan0,603,01000000
1780709750.329086,vcan0,604,00
1780709750.329167,vcan0,605,00
1780709750.344173,vcan0,600,00000000
1780709750.344297,vcan0,601,72000000
1780709750.344381,vcan0,602,FF000000
1780709750.360044,vcan0,600,00000000
1780709750.360164,vcan0,601,72000000
1780709750.360247,vcan0,602,FF000000
1780709750.377099,vcan0,600,00000000
1780709750.377252,vcan0,601,72000000
1780709750.377331,vcan0,602,FF000000
1780709750.411571,vcan0,600,00000000
1780709750.411741,vcan0,601,72000000
1780709750.411850,vcan0,602,FF000000
1780709750.411950,vcan0,603,01000000
1780709750.412047,vcan0,604,00
1780709750.412140,vcan0,605,00
1780709750.412244,vcan0,607,00
1780709750.427198,vcan0,600,00000000
1780709750.427314,vcan0,601,72000000
1780709750.427383,vcan0,602,FF000000
1780709750.443036,vcan0,600,00000000
1780709750.443141,vcan0,601,72000000
1780709750.443216,vcan0,602,FF000000
1780709750.459086,vcan0,600,00000000
1780709750.459206,vcan0,601,72000000
1780709750.459286,vcan0,602,FF000000
1780709750.494241,vcan0,600,00000000
1780709750.494401,vcan0,601,7F000000
1780709750.494537,vcan0,602,FF000000
1780709750.494664,vcan0,603,01000000
1780709750.494766,vcan0,604,00
1780709750.494859,vcan0,605,00
1780709750.509180,vcan0,600,00000000
1780709750.509320,vcan0,601,7F000000
1780709750.509407,vcan0,602,FF000000
1780709750.525046,vcan0,600,00000000
1780709750.525166,vcan0,601,7F000000
1780709750.525250,vcan0,602,FF000000
1780709750.525337,vcan0,607,00
1780709750.541205,vcan0,600,00000000
1780709750.541345,vcan0,601,7F000000
1780709750.541433,vcan0,602,FF000000
1780709750.575802,vcan0,600,00000000
1780709750.575967,vcan0,601,7F000000
1780709750.576065,vcan0,602,FF000000
1780709750.576148,vcan0,603,01000000
1780709750.576231,vcan0,604,00
1780709750.576323,vcan0,605,00
1780709750.591152,vcan0,600,00000000
1780709750.591281,vcan0,601,7F000000
1780709750.591354,vcan0,602,FF000000
1780709750.607037,vcan0,600,00000000
1780709750.607136,vcan0,601,7F000000
1780709750.607204,vcan0,602,FF000000
1780709750.623172,vcan0,600,00000000
1780709750.623280,vcan0,601,7F000000
1780709750.623356,vcan0,602,FF000000
1780709750.659241,vcan0,600,00000000
1780709750.659406,vcan0,601,7F000000
1780709750.659539,vcan0,602,FF000000
1780709750.659643,vcan0,603,01000000
1780709750.659742,vcan0,604,00
1780709750.659837,vcan0,605,00
1780709750.659947,vcan0,607,00
1780709750.674150,vcan0,600,00000000
1780709750.674265,vcan0,601,7F000000
1780709750.674337,vcan0,602,FF000000
1780709750.690008,vcan0,600,00000000
1780709750.690105,vcan0,601,7F000000
1780709750.690177,vcan0,602,FF000000
1780709750.706080,vcan0,600,00000000
1780709750.706177,vcan0,601,7F000000
1780709750.706254,vcan0,602,FF000000
1780709750.738105,vcan0,600,00000000
1780709750.738285,vcan0,601,7F000000
1780709750.738387,vcan0,602,FF000000
1780709750.738522,vcan0,603,01000000
1780709750.738626,vcan0,604,00
1780709750.738722,vcan0,605,00
1780709750.753214,vcan0,600,00000000
1780709750.753331,vcan0,601,7F000000
1780709750.753405,vcan0,602,FF000000
1780709750.769019,vcan0,600,00000000
1780709750.769128,vcan0,601,7F000000
1780709750.769199,vcan0,602,FF000000
1780709750.769271,vcan0,607,00
1780709750.785129,vcan0,600,00000000
1780709750.785248,vcan0,601,7F000000
1780709750.785322,vcan0,602,FF000000
1780709750.818665,vcan0,600,00000000
1780709750.818833,vcan0,601,7F000000
1780709750.818936,vcan0,602,FF000000
1780709750.819048,vcan0,603,01000000
1780709750.819149,vcan0,604,00
1780709750.819241,vcan0,605,00
1780709750.834306,vcan0,600,00000000
1780709750.834425,vcan0,601,7F000000
1780709750.834523,vcan0,602,FF000000
1780709750.850023,vcan0,600,00000000
1780709750.850135,vcan0,601,7F000000
1780709750.850209,vcan0,602,FF000000
1780709750.866179,vcan0,600,00000000
1780709750.866292,vcan0,601,7F000000
1780709750.866366,vcan0,602,FF000000
1780709750.899297,vcan0,600,00000000
1780709750.899536,vcan0,601,7F000000
1780709750.899688,vcan0,602,FF000000
1780709750.899863,vcan0,603,01000000
1780709750.899985,vcan0,604,00
1780709750.900084,vcan0,605,00
1780709750.900247,vcan0,607,00
1780709750.914221,vcan0,600,00000000
1780709750.914375,vcan0,601,7F000000
1780709750.914499,vcan0,602,FF000000
1780709750.930014,vcan0,600,00000000
1780709750.930110,vcan0,601,72000000
1780709750.930184,vcan0,602,FF000000
1780709750.946116,vcan0,600,00000000
1780709750.946234,vcan0,601,72000000
1780709750.946310,vcan0,602,FF000000
1780709750.978004,vcan0,60D,08000000
1780709750.978164,vcan0,600,33000000
1780709750.978275,vcan0,601,72000000
1780709750.978420,vcan0,602,FF000000
1780709750.978551,vcan0,603,01000000
1780709750.978646,vcan0,604,00
1780709750.978771,vcan0,605,00
1780709750.993232,vcan0,600,66000000
1780709750.993352,vcan0,601,72000000
1780709750.993424,vcan0,602,FF000000
1780709751.009039,vcan0,600,99000000
1780709751.009157,vcan0,601,72000000
1780709751.009227,vcan0,602,FF000000
1780709751.009301,vcan0,607,00
1780709751.025098,vcan0,600,CC000000
1780709751.025217,vcan0,601,72000000
1780709751.025292,vcan0,602,FF000000
1780709751.056711,vcan0,600,FF000000
1780709751.056916,vcan0,601,72000000
1780709751.057016,vcan0,602,FF000000
1780709751.057119,vcan0,603,01000000
1780709751.057263,vcan0,604,00
1780709751.057364,vcan0,605,00
1780709751.072212,vcan0,600,FF000000
1780709751.072331,vcan0,601,72000000
1780709751.072406,vcan0,602,FF000000
1780709751.088052,vcan0,600,FF000000
1780709751.088168,vcan0,601,72000000
1780709751.088238,vcan0,602,FF000000
1780709751.104127,vcan0,600,FF000000
1780709751.104240,vcan0,601,72000000
1780709751.104313,vcan0,602,FF000000
1780709751.132968,vcan0,600,FF000000
1780709751.133133,vcan0,601,65000000
1780709751.133223,vcan0,602,FF000000
1780709751.133310,vcan0,603,01000000
1780709751.133397,vcan0,604,00
1780709751.133511,vcan0,605,00
1780709751.133617,vcan0,607,00
1780709751.148250,vcan0,600,FF000000
1780709751.148365,vcan0,601,65000000
1780709751.148437,vcan0,602,FF000000
1780709751.164037,vcan0,600,FF000000
1780709751.164136,vcan0,601,65000000
1780709751.164209,vcan0,602,FF000000
1780709751.180167,vcan0,600,FF000000
1780709751.180283,vcan0,601,65000000
1780709751.180357,vcan0,602,FF000000
1780709751.209127,vcan0,600,FF000000
1780709751.209306,vcan0,601,65000000
1780709751.209467,vcan0,602,00000000
1780709751.209580,vcan0,603,01000000
1780709751.209688,vcan0,604,00
1780709751.209787,vcan0,605,00
1780709751.225189,vcan0,600,FF000000
1780709751.225345,vcan0,601,65000000
1780709751.225427,vcan0,602,00000000
1780709751.241225,vcan0,600,FF000000
1780709751.241344,vcan0,601,65000000
1780709751.241418,vcan0,602,00000000
1780709751.241513,vcan0,607,00
1780709751.257112,vcan0,600,FF000000
1780709751.257220,vcan0,601,65000000
1780709751.257299,vcan0,602,00000000
1780709751.283311,vcan0,600,FF000000
1780709751.283516,vcan0,601,65000000
1780709751.283606,vcan0,602,00000000
1780709751.283705,vcan0,603,01000000
1780709751.283878,vcan0,604,00
1780709751.283977,vcan0,605,00
1780709751.299235,vcan0,600,FF000000
1780709751.299360,vcan0,601,65000000
1780709751.299432,vcan0,602,00000000
1780709751.315228,vcan0,600,FF000000
1780709751.315350,vcan0,601,65000000
1780709751.315422,vcan0,602,00000000
1780709751.331227,vcan0,600,FF000000
1780709751.331332,vcan0,601,7F000000
1780709751.331404,vcan0,602,00000000
1780709751.356636,vcan0,600,FF000000
1780709751.356793,vcan0,601,7F000000
1780709751.356917,vcan0,602,00000000
1780709751.357017,vcan0,603,01000000
1780709751.357110,vcan0,604,00
1780709751.357201,vcan0,605,00
1780709751.357300,vcan0,607,00
1780709751.373292,vcan0,600,FF000000
1780709751.373479,vcan0,601,7F000000
1780709751.373593,vcan0,602,00000000
1780709751.389167,vcan0,600,FF000000
1780709751.389279,vcan0,601,7F000000
1780709751.389351,vcan0,602,00000000
1780709751.405181,vcan0,600,FF000000
1780709751.405298,vcan0,601,7F000000
1780709751.405370,vcan0,602,00000000
1780709751.429153,vcan0,600,FF000000
1780709751.429294,vcan0,601,7F000000
1780709751.429371,vcan0,602,00000000
1780709751.429471,vcan0,603,01000000
1780709751.429561,vcan0,604,00
1780709751.429656,vcan0,605,00
1780709751.444211,vcan0,600,FF000000
1780709751.444355,vcan0,601,7F000000
1780709751.444463,vcan0,602,00000000
1780709751.460159,vcan0,600,FF000000
1780709751.460299,vcan0,601,7F000000
1780709751.460392,vcan0,602,00000000
1780709751.460520,vcan0,607,00
1780709751.476237,vcan0,600,FF000000
1780709751.476365,vcan0,601,7F000000
1780709751.476487,vcan0,602,00000000
1780709751.499755,vcan0,600,FF000000
1780709751.499925,vcan0,601,7F000000
1780709751.500029,vcan0,602,00000000
1780709751.500128,vcan0,603,01000000
1780709751.500231,vcan0,604,00
1780709751.500332,vcan0,605,00
1780709751.515227,vcan0,600,FF000000
1780709751.515359,vcan0,601,7F000000
1780709751.515429,vcan0,602,00000000
1780709751.531243,vcan0,600,FF000000
1780709751.531361,vcan0,601,7F000000
1780709751.531435,vcan0,602,00000000
1780709751.547158,vcan0,600,FF000000
1780709751.547281,vcan0,601,7F000000
1780709751.547355,vcan0,602,00000000
1780709751.570607,vcan0,600,FF000000
1780709751.570784,vcan0,601,7F000000
1780709751.570884,vcan0,602,00000000
1780709751.570993,vcan0,603,01000000
1780709751.571092,vcan0,604,00
1780709751.571189,vcan0,605,00
1780709751.571287,vcan0,607,00
1780709751.586200,vcan0,600,FF000000
1780709751.586286,vcan0,601,7F000000
1780709751.586337,vcan0,602,00000000
1780709751.602005,vcan0,600,FF000000
1780709751.602116,vcan0,601,7F000000
1780709751.602182,vcan0,602,00000000
1780709751.618174,vcan0,600,FF000000
1780709751.618278,vcan0,601,7F000000
1780709751.618338,vcan0,602,00000000
1780709751.646697,vcan0,600,FF000000
1780709751.646930,vcan0,601,7F000000
1780709751.647078,vcan0,602,00000000
1780709751.647183,vcan0,603,01000000
1780709751.647279,vcan0,604,00
1780709751.647374,vcan0,605,00
1780709751.662140,vcan0,600,FF000000
1780709751.662251,vcan0,601,7F000000
1780709751.662323,vcan0,602,00000000
1780709751.678257,vcan0,600,FF000000
1780709751.678390,vcan0,601,7F000000
1780709751.678518,vcan0,602,00000000
1780709751.678615,vcan0,607,00
1780709751.694122,vcan0,600,FF000000
1780709751.694240,vcan0,601,7F000000
1780709751.694323,vcan0,602,00000000
1780709751.714910,vcan0,600,FF000000
1780709751.715081,vcan0,601,7F000000
1780709751.715173,vcan0,602,00000000
1780709751.715248,vcan0,603,01000000
1780709751.715322,vcan0,604,00
1780709751.715396,vcan0,605,00
1780709751.730263,vcan0,600,FF000000
1780709751.730428,vcan0,601,7F000000
1780709751.730564,vcan0,602,00000000
1780709751.746199,vcan0,600,FF000000
1780709751.746298,vcan0,601,7F000000
1780709751.746363,vcan0,602,00000000
1780709751.762137,vcan0,600,FF000000
1780709751.762227,vcan0,601,7F000000
1780709751.762286,vcan0,602,00000000
1780709751.787384,vcan0,600,FF000000
1780709751.787577,vcan0,601,7F000000
1780709751.787679,vcan0,602,00000000
1780709751.787771,vcan0,603,01000000
1780709751.787853,vcan0,604,00
1780709751.787954,vcan0,605,00
1780709751.788041,vcan0,607,00
1780709751.803191,vcan0,600,FF000000
1780709751.803304,vcan0,601,7F000000
1780709751.803377,vcan0,602,00000000
1780709751.819201,vcan0,600,FF000000
1780709751.819305,vcan0,601,7F000000
1780709751.819377,vcan0,602,00000000
1780709751.835200,vcan0,600,FF000000
1780709751.835312,vcan0,601,7F000000
1780709751.835379,vcan0,602,00000000
1780709751.855213,vcan0,600,FF000000
1780709751.855364,vcan0,601,7F000000
1780709751.855486,vcan0,602,00000000
1780709751.855583,vcan0,603,01000000
1780709751.855679,vcan0,604,00
1780709751.855764,vcan0,605,00
1780709751.870036,vcan0,600,FF000000
1780709751.870121,vcan0,601,7F000000
1780709751.870172,vcan0,602,00000000
1780709751.886159,vcan0,600,FF000000
1780709751.886260,vcan0,601,7F000000
1780709751.886326,vcan0,602,00000000
1780709751.902049,vcan0,600,FF000000
1780709751.902153,vcan0,601,7F000000
1780709751.902218,vcan0,602,00000000
1780709751.902286,vcan0,607,00
1780709751.924753,vcan0,600,FF000000
1780709751.924938,vcan0,601,7F000000
1780709751.925037,vcan0,602,00000000
1780709751.925129,vcan0,603,01000000
1780709751.925199,vcan0,604,00
1780709751.925284,vcan0,605,00
1780709751.940134,vcan0,600,FF000000
1780709751.940236,vcan0,601,7F000000
1780709751.940305,vcan0,602,00000000
1780709751.956212,vcan0,600,FF000000
1780709751.956316,vcan0,601,7F000000
1780709751.956381,vcan0,602,00000000
1780709751.971081,vcan0,600,FF000000
1780709751.971164,vcan0,601,7F000000
1780709751.971219,vcan0,602,00000000
1780709751.990684,vcan0,600,FF000000
1780709751.990894,vcan0,601,7F000000
1780709751.990994,vcan0,602,00000000
1780709751.991089,vcan0,603,01000000
1780709751.991179,vcan0,604,00
1780709751.991264,vcan0,605,00
1780709752.006146,vcan0,600,FF000000
1780709752.006255,vcan0,601,7F000000
1780709752.006330,vcan0,602,00000000
1780709752.006406,vcan0,607,00
1780709752.022158,vcan0,600,FF000000
1780709752.022260,vcan0,601,7F000000
1780709752.022325,vcan0,602,00000000
1780709752.037998,vcan0,600,FF000000
1780709752.038089,vcan0,601,7F000000
1780709752.038169,vcan0,602,00000000
1780709752.055988,vcan0,600,FF000000
1780709752.056179,vcan0,601,7F000000
1780709752.056298,vcan0,602,00000000
1780709752.056409,vcan0,603,01000000
1780709752.056533,vcan0,604,00
1780709752.056652,vcan0,605,00
1780709752.071190,vcan0,600,FF000000
1780709752.071307,vcan0,601,7F000000
1780709752.071382,vcan0,602,00000000
1780709752.087156,vcan0,600,FF000000
1780709752.087246,vcan0,601,7F000000
1780709752.087300,vcan0,602,00000000
1780709752.103151,vcan0,600,FF000000
1780709752.103225,vcan0,601,7F000000
1780709752.103273,vcan0,602,00000000
1780709752.122717,vcan0,600,FF000000
1780709752.122887,vcan0,601,7F000000
1780709752.123008,vcan0,602,00000000
1780709752.123115,vcan0,603,01000000
1780709752.123209,vcan0,604,00
1780709752.123295,vcan0,605,00
1780709752.123384,vcan0,607,00
1780709752.138276,vcan0,600,FF000000
1780709752.138402,vcan0,601,7F000000
1780709752.138497,vcan0,602,00000000
1780709752.154183,vcan0,600,FF000000
1780709752.154276,vcan0,601,7F000000
1780709752.154333,vcan0,602,00000000
1780709752.170196,vcan0,600,FF000000
1780709752.170285,vcan0,601,7F000000
1780709752.170337,vcan0,602,00000000
1780709752.189034,vcan0,600,FF000000
1780709752.189194,vcan0,601,7F000000
1780709752.189313,vcan0,602,00000000
1780709752.189407,vcan0,603,01000000
1780709752.189528,vcan0,604,00
1780709752.189621,vcan0,605,00
1780709752.204124,vcan0,600,FF000000
1780709752.204244,vcan0,601,7F000000
1780709752.204321,vcan0,602,00000000
1780709752.220213,vcan0,600,FF000000
1780709752.220308,vcan0,601,7F000000
1780709752.220362,vcan0,602,00000000
1780709752.236103,vcan0,600,FF000000
1780709752.236204,vcan0,601,7F000000
1780709752.236262,vcan0,602,00000000
1780709752.236324,vcan0,607,00
1780709752.253758,vcan0,600,FF000000
1780709752.253937,vcan0,601,7F000000
1780709752.254038,vcan0,602,00000000
1780709752.254131,vcan0,603,01000000
1780709752.254214,vcan0,604,00
1780709752.254295,vcan0,605,00
1780709752.269299,vcan0,600,FF000000
1780709752.269481,vcan0,601,7F000000
1780709752.269585,vcan0,602,00000000
1780709752.285280,vcan0,600,FF000000
1780709752.285375,vcan0,601,7F000000
1780709752.285438,vcan0,602,00000000
1780709752.301307,vcan0,600,FF000000
1780709752.301396,vcan0,601,7F000000
1780709752.301454,vcan0,602,00000000
1780709752.325897,vcan0,600,FF000000
1780709752.326088,vcan0,601,7F000000
1780709752.326197,vcan0,602,00000000
1780709752.326307,vcan0,603,01000000
1780709752.326410,vcan0,604,00
1780709752.326541,vcan0,605,00
1780709752.341287,vcan0,600,FF000000
1780709752.341464,vcan0,601,7F000000
1780709752.341580,vcan0,602,00000000
1780709752.341691,vcan0,607,00
1780709752.357153,vcan0,600,FF000000
1780709752.357242,vcan0,601,7F000000
1780709752.357296,vcan0,602,00000000
1780709752.374026,vcan0,600,FF000000
1780709752.374109,vcan0,601,7F000000
1780709752.374149,vcan0,602,00000000
1780709752.390306,vcan0,600,FF000000
1780709752.390466,vcan0,601,7F000000
1780709752.390568,vcan0,602,00000000
1780709752.390659,vcan0,603,01000000
1780709752.390753,vcan0,604,00
1780709752.390853,vcan0,605,00
1780709752.406409,vcan0,600,FF000000
1780709752.406589,vcan0,601,7F000000
1780709752.406687,vcan0,602,00000000
1780709752.422182,vcan0,600,FF000000
1780709752.422376,vcan0,601,7F000000
1780709752.422561,vcan0,602,00000000
1780709752.438197,vcan0,600,FF000000
1780709752.438403,vcan0,601,7F000000
1780709752.438582,vcan0,602,00000000
1780709752.454545,vcan0,600,FF000000
1780709752.454919,vcan0,601,7F000000
1780709752.455038,vcan0,602,00000000
1780709752.455135,vcan0,603,01000000
1780709752.455234,vcan0,604,00
1780709752.455332,vcan0,605,00
1780709752.455430,vcan0,607,00
1780709752.470340,vcan0,600,FF000000
1780709752.470599,vcan0,601,7F000000
1780709752.470684,vcan0,602,00000000
1780709752.486142,vcan0,600,FF000000
1780709752.486479,vcan0,601,7F000000
1780709752.486598,vcan0,602,00000000
1780709752.502132,vcan0,600,FF000000
1780709752.502318,vcan0,601,7F000000
1780709752.502517,vcan0,602,00000000
1780709752.518568,vcan0,600,FF000000
1780709752.518907,vcan0,601,7F000000
1780709752.519041,vcan0,602,00000000
1780709752.519140,vcan0,603,01000000
1780709752.519229,vcan0,604,00
1780709752.519314,vcan0,605,00
1780709752.534099,vcan0,600,FF000000
1780709752.534325,vcan0,601,7F000000
1780709752.534541,vcan0,602,00000000
1780709752.550148,vcan0,600,FF000000
1780709752.550321,vcan0,601,7F000000
1780709752.550456,vcan0,602,00000000
1780709752.566005,vcan0,600,FF000000
1780709752.566106,vcan0,601,7F000000
1780709752.566207,vcan0,602,00000000
1780709752.566415,vcan0,607,00
1780709752.582343,vcan0,600,FF000000
1780709752.582621,vcan0,601,7F000000
1780709752.582726,vcan0,602,00000000
1780709752.582819,vcan0,603,01000000
1780709752.582909,vcan0,604,00
1780709752.582998,vcan0,605,00
1780709752.598116,vcan0,600,FF000000
1780709752.598191,vcan0,601,7F000000
1780709752.598291,vcan0,602,00000000
1780709752.614092,vcan0,600,FF000000
1780709752.614174,vcan0,601,7F000000
1780709752.614280,vcan0,602,00000000
1780709752.641780,vcan0,600,FF000000
1780709752.641982,vcan0,601,7F000000
1780709752.642089,vcan0,602,00000000
1780709752.642185,vcan0,603,01000000
1780709752.642279,vcan0,604,00
1780709752.642366,vcan0,605,00
1780709752.657460,vcan0,600,FF000000
1780709752.657592,vcan0,601,7F000000
1780709752.657673,vcan0,602,00000000
1780709752.673212,vcan0,600,FF000000
1780709752.673299,vcan0,601,7F000000
1780709752.673358,vcan0,602,00000000
1780709752.673420,vcan0,607,00
1780709752.689144,vcan0,600,FF000000
1780709752.689225,vcan0,601,7F000000
1780709752.689279,vcan0,602,00000000
1780709752.709354,vcan0,600,FF000000
1780709752.709554,vcan0,601,7F000000
1780709752.709656,vcan0,602,00000000
1780709752.709761,vcan0,603,01000000
1780709752.709863,vcan0,604,00
1780709752.709977,vcan0,605,00
1780709752.725116,vcan0,600,FF000000
1780709752.725231,vcan0,601,72000000
1780709752.725303,vcan0,602,00000000
1780709752.741136,vcan0,600,FF000000
1780709752.741213,vcan0,601,72000000
1780709752.741252,vcan0,602,00000000
1780709752.757057,vcan0,600,FF000000
1780709752.757139,vcan0,601,72000000
1780709752.757187,vcan0,602,00000000
1780709752.773605,vcan0,600,FF000000
1780709752.773768,vcan0,601,72000000
1780709752.773898,vcan0,602,00000000
1780709752.774000,vcan0,603,01000000
1780709752.774096,vcan0,604,00
1780709752.774382,vcan0,605,00
1780709752.774533,vcan0,607,00
1780709752.789102,vcan0,600,FF000000
1780709752.789188,vcan0,601,72000000
1780709752.789247,vcan0,602,00000000
1780709752.805144,vcan0,600,FF000000
1780709752.805218,vcan0,601,72000000
1780709752.805263,vcan0,602,00000000
1780709752.821122,vcan0,600,FF000000
1780709752.821188,vcan0,601,72000000
1780709752.821226,vcan0,602,00000000
1780709752.837383,vcan0,600,FF000000
1780709752.837595,vcan0,601,72000000
1780709752.837705,vcan0,602,00000000
1780709752.837800,vcan0,603,01000000
1780709752.837894,vcan0,604,00
1780709752.837987,vcan0,605,00
1780709752.853151,vcan0,600,FF000000
1780709752.853236,vcan0,601,72000000
1780709752.853284,vcan0,602,00000000
1780709752.869121,vcan0,600,FF000000
1780709752.869206,vcan0,601,72000000
1780709752.869254,vcan0,602,00000000
1780709752.891411,vcan0,600,FF000000
1780709752.891625,vcan0,601,72000000
1780709752.891782,vcan0,602,00000000
1780709752.891908,vcan0,603,01000000
1780709752.892019,vcan0,604,00
1780709752.892123,vcan0,605,00
1780709752.892224,vcan0,607,00
1780709752.907196,vcan0,600,FF000000
1780709752.907326,vcan0,601,72000000
1780709752.907397,vcan0,602,00000000
1780709752.923059,vcan0,600,FF000000
1780709752.923179,vcan0,601,65000000
1780709752.923256,vcan0,602,00000000
1780709752.939134,vcan0,600,FF000000
1780709752.939254,vcan0,601,65000000
1780709752.939333,vcan0,602,00000000
1780709752.958797,vcan0,600,FF000000
1780709752.958963,vcan0,601,65000000
1780709752.959066,vcan0,602,00000000
1780709752.959167,vcan0,603,01000000
1780709752.959264,vcan0,604,00
1780709752.959356,vcan0,605,00
1780709752.973256,vcan0,60D,00000000
1780709752.973396,vcan0,600,00000000
1780709752.973519,vcan0,601,65000000
1780709752.973612,vcan0,602,00000000
1780709752.989203,vcan0,600,00000000
1780709752.989345,vcan0,601,65000000
1780709752.989439,vcan0,602,00000000
1780709753.005165,vcan0,600,00000000
1780709753.005300,vcan0,601,65000000
1780709753.005392,vcan0,602,00000000
1780709753.005508,vcan0,607,00
1780709753.021672,vcan0,600,00000000
1780709753.021846,vcan0,601,65000000
1780709753.021946,vcan0,602,00000000
1780709753.022052,vcan0,603,01000000
1780709753.022166,vcan0,604,00
1780709753.022256,vcan0,605,00
1780709753.037175,vcan0,600,00000000
1780709753.037317,vcan0,601,65000000
1780709753.037408,vcan0,602,00000000
1780709753.053260,vcan0,600,00000000
1780709753.053416,vcan0,601,65000000
1780709753.053541,vcan0,602,00000000
1780709753.069125,vcan0,600,00000000
1780709753.069240,vcan0,601,65000000
1780709753.069317,vcan0,602,00000000
1780709753.085394,vcan0,600,00000000
1780709753.085686,vcan0,601,65000000
1780709753.085794,vcan0,602,00000000
1780709753.085883,vcan0,603,01000000
1780709753.085968,vcan0,604,00
1780709753.086058,vcan0,605,00
1780709753.101204,vcan0,600,00000000
1780709753.101340,vcan0,601,65000000
1780709753.101415,vcan0,602,00000000
1780709753.117120,vcan0,600,00000000
1780709753.117253,vcan0,601,59000000
1780709753.117327,vcan0,602,00000000
1780709753.117407,vcan0,607,00
1780709753.133169,vcan0,600,00000000
1780709753.133271,vcan0,601,59000000
1780709753.133346,vcan0,602,00000000
1780709753.149286,vcan0,600,00000000
1780709753.149465,vcan0,601,59000000
1780709753.149573,vcan0,602,00000000
1780709753.149676,vcan0,603,01000000
1780709753.149758,vcan0,604,00
1780709753.149848,vcan0,605,00
1780709753.165187,vcan0,600,00000000
1780709753.165317,vcan0,601,59000000
1780709753.165391,vcan0,602,00000000
1780709753.181171,vcan0,600,00000000
1780709753.181294,vcan0,601,59000000
1780709753.181367,vcan0,602,00000000
1780709753.197091,vcan0,600,00000000
1780709753.197242,vcan0,601,59000000
1780709753.197358,vcan0,602,00000000
1780709753.213186,vcan0,600,00000000
1780709753.213407,vcan0,601,59000000
1780709753.213580,vcan0,602,00000000
1780709753.213690,vcan0,603,01000000
1780709753.213796,vcan0,604,00
1780709753.213913,vcan0,605,00
1780709753.229129,vcan0,600,00000000
1780709753.229250,vcan0,601,59000000
1780709753.229321,vcan0,602,00000000
1780709753.229392,vcan0,607,00
1780709753.245148,vcan0,600,00000000
1780709753.245269,vcan0,601,59000000
1780709753.245356,vcan0,602,00000000
1780709753.261138,vcan0,600,00000000
1780709753.261237,vcan0,601,7F000000
1780709753.261306,vcan0,602,00000000
1780709753.277226,vcan0,600,00000000
1780709753.277385,vcan0,601,7F000000
1780709753.277519,vcan0,602,00000000
1780709753.277630,vcan0,603,01000000
1780709753.277736,vcan0,604,00
1780709753.277853,vcan0,605,00
1780709753.293105,vcan0,600,00000000
1780709753.293195,vcan0,601,7F000000
1780709753.293250,vcan0,602,00000000
1780709753.309034,vcan0,600,00000000
1780709753.309116,vcan0,601,7F000000
1780709753.309179,vcan0,602,00000000
1780709753.334492,vcan0,600,00000000
1780709753.334647,vcan0,601,7F000000
1780709753.334741,vcan0,602,00000000
1780709753.334833,vcan0,603,01000000
1780709753.334921,vcan0,604,00
1780709753.335012,vcan0,605,00
1780709753.335127,vcan0,607,00
1780709753.350206,vcan0,600,00000000
1780709753.350367,vcan0,601,7F000000
1780709753.350569,vcan0,602,00000000
1780709753.366127,vcan0,600,00000000
1780709753.366256,vcan0,601,7F000000
1780709753.366335,vcan0,602,00000000
1780709753.382958,vcan0,600,00000000
1780709753.383066,vcan0,601,7F000000
1780709753.383139,vcan0,602,00000000
1780709753.399439,vcan0,600,00000000
1780709753.399656,vcan0,601,7F000000
1780709753.399742,vcan0,602,19000000
1780709753.399834,vcan0,603,01000000
1780709753.399911,vcan0,604,00
1780709753.399995,vcan0,605,00
1780709753.415118,vcan0,600,00000000
1780709753.415208,vcan0,601,7F000000
1780709753.415271,vcan0,602,33000000
1780709753.431151,vcan0,600,00000000
1780709753.431242,vcan0,601,7F000000
1780709753.431292,vcan0,602,4C000000
1780709753.447082,vcan0,600,00000000
1780709753.447171,vcan0,601,7F000000
1780709753.447220,vcan0,602,66000000
1780709753.447281,vcan0,607,00
1780709753.463280,vcan0,600,00000000
1780709753.463476,vcan0,601,7F000000
1780709753.463590,vcan0,602,7F000000
1780709753.463697,vcan0,603,01000000
1780709753.463814,vcan0,604,00
1780709753.463908,vcan0,605,00
1780709753.479166,vcan0,600,00000000
1780709753.479292,vcan0,601,7F000000
1780709753.479370,vcan0,602,99000000
1780709753.495141,vcan0,600,00000000
1780709753.495250,vcan0,601,7F000000
1780709753.495332,vcan0,602,B2000000
1780709753.511073,vcan0,600,00000000
1780709753.511176,vcan0,601,7F000000
1780709753.511251,vcan0,602,CC000000
1780709753.527200,vcan0,600,00000000
1780709753.527339,vcan0,601,7F000000
1780709753.527412,vcan0,602,E5000000
1780709753.527510,vcan0,603,01000000
1780709753.527607,vcan0,604,00
1780709753.527692,vcan0,605,00
1780709753.543009,vcan0,600,00000000
1780709753.543133,vcan0,601,7F000000
1780709753.543221,vcan0,602,FF000000
1780709753.559156,vcan0,600,00000000
1780709753.559280,vcan0,601,7F000000
1780709753.559359,vcan0,602,FF000000
1780709753.559438,vcan0,607,00
1780709753.575168,vcan0,600,00000000
1780709753.575267,vcan0,601,7F000000
1780709753.575330,vcan0,602,FF000000
1780709753.591292,vcan0,600,00000000
1780709753.591437,vcan0,601,7F000000
1780709753.591552,vcan0,602,FF000000
1780709753.591627,vcan0,603,01000000
1780709753.591720,vcan0,604,00
1780709753.591815,vcan0,605,00
1780709753.606981,vcan0,600,00000000
1780709753.607073,vcan0,601,7F000000
1780709753.607136,vcan0,602,FF000000
1780709753.623062,vcan0,600,00000000
1780709753.623154,vcan0,601,7F000000
1780709753.623206,vcan0,602,FF000000
1780709753.639101,vcan0,600,00000000
1780709753.639209,vcan0,601,7F000000
1780709753.639281,vcan0,602,FF000000
1780709753.655308,vcan0,600,00000000
1780709753.655522,vcan0,601,7F000000
1780709753.655637,vcan0,602,FF000000
1780709753.655744,vcan0,603,01000000
1780709753.655842,vcan0,604,00
1780709753.655942,vcan0,605,00
1780709753.670943,vcan0,600,00000000
1780709753.671032,vcan0,601,7F000000
1780709753.671083,vcan0,602,FF000000
1780709753.671135,vcan0,607,00
1780709753.687094,vcan0,600,00000000
1780709753.687206,vcan0,601,7F000000
1780709753.687282,vcan0,602,FF000000
1780709753.708929,vcan0,600,00000000
1780709753.709056,vcan0,601,7F000000
1780709753.709132,vcan0,602,FF000000
1780709753.709201,vcan0,603,01000000
1780709753.709289,vcan0,604,00
1780709753.709379,vcan0,605,00
1780709753.724203,vcan0,600,00000000
1780709753.724314,vcan0,601,7F000000
1780709753.724389,vcan0,602,FF000000
1780709753.740168,vcan0,600,00000000
1780709753.740291,vcan0,601,7F000000
1780709753.740364,vcan0,602,FF000000
1780709753.756117,vcan0,600,00000000
1780709753.756229,vcan0,601,7F000000
1780709753.756308,vcan0,602,FF000000
1780709753.777356,vcan0,600,00000000
1780709753.777562,vcan0,601,7F000000
1780709753.777672,vcan0,602,FF000000
1780709753.777785,vcan0,603,01000000
1780709753.777901,vcan0,604,00
1780709753.778025,vcan0,605,00
1780709753.778147,vcan0,607,00
1780709753.793152,vcan0,600,00000000
1780709753.793286,vcan0,601,7F000000
1780709753.793360,vcan0,602,FF000000
1780709753.809209,vcan0,600,00000000
1780709753.809348,vcan0,601,7F000000
1780709753.809431,vcan0,602,FF000000
1780709753.825145,vcan0,600,00000000
1780709753.825290,vcan0,601,7F000000
1780709753.825368,vcan0,602,FF000000
1780709753.841223,vcan0,600,00000000
1780709753.841383,vcan0,601,7F000000
1780709753.841504,vcan0,602,FF000000
1780709753.841582,vcan0,603,01000000
1780709753.841653,vcan0,604,00
1780709753.841723,vcan0,605,00
1780709753.857220,vcan0,600,00000000
1780709753.857344,vcan0,601,7F000000
1780709753.857432,vcan0,602,FF000000
1780709753.873117,vcan0,600,00000000
1780709753.873209,vcan0,601,7F000000
1780709753.873260,vcan0,602,FF000000
1780709753.889070,vcan0,600,00000000
1780709753.889150,vcan0,601,7F000000
1780709753.889192,vcan0,602,FF000000
1780709753.889243,vcan0,607,00
1780709753.905213,vcan0,600,00000000
1780709753.905370,vcan0,601,7F000000
1780709753.905491,vcan0,602,FF000000
1780709753.905595,vcan0,603,01000000
1780709753.905700,vcan0,604,00
1780709753.905800,vcan0,605,00
1780709753.920993,vcan0,600,00000000
1780709753.921115,vcan0,601,7F000000
1780709753.921191,vcan0,602,FF000000
1780709753.937104,vcan0,600,00000000
1780709753.937238,vcan0,601,7F000000
1780709753.937313,vcan0,602,FF000000
1780709753.953121,vcan0,600,00000000
1780709753.953247,vcan0,601,7F000000
1780709753.953330,vcan0,602,FF000000
1780709753.969271,vcan0,600,00000000
1780709753.969430,vcan0,601,7F000000
1780709753.969566,vcan0,602,FF000000
1780709753.969672,vcan0,603,01000000
1780709753.969778,vcan0,604,00
1780709753.969896,vcan0,605,00
1780709753.984281,vcan0,600,00000000
1780709753.984409,vcan0,601,7F000000
1780709753.984504,vcan0,602,FF000000
1780709754.000113,vcan0,600,00000000
1780709754.000264,vcan0,601,72000000
1780709754.000351,vcan0,602,FF000000
1780709754.000430,vcan0,607,00
1780709754.016044,vcan0,600,00000000
1780709754.016180,vcan0,601,72000000
1780709754.016298,vcan0,602,FF000000
1780709754.032143,vcan0,600,00000000
1780709754.032279,vcan0,601,72000000
1780709754.032361,vcan0,602,FF000000
1780709754.032483,vcan0,603,01000000
1780709754.032597,vcan0,604,00
1780709754.032668,vcan0,605,00
1780709754.047927,vcan0,600,00000000
1780709754.048011,vcan0,601,72000000
1780709754.048071,vcan0,602,FF000000
1780709754.064077,vcan0,600,00000000
1780709754.064183,vcan0,601,72000000
1780709754.064248,vcan0,602,FF000000
1780709754.080029,vcan0,600,00000000
1780709754.080110,vcan0,601,72000000
1780709754.080167,vcan0,602,FF000000
1780709754.096065,vcan0,600,00000000
1780709754.096193,vcan0,601,72000000
1780709754.096302,vcan0,602,FF000000
1780709754.096383,vcan0,603,01000000
1780709754.096479,vcan0,604,00
1780709754.096568,vcan0,605,00
1780709754.112036,vcan0,600,00000000
1780709754.112105,vcan0,601,72000000
1780709754.112144,vcan0,602,FF000000
1780709754.112186,vcan0,607,00
1780709754.128009,vcan0,600,00000000
1780709754.128086,vcan0,601,72000000
1780709754.128129,vcan0,602,FF000000
1780709754.152424,vcan0,600,00000000
1780709754.152605,vcan0,601,72000000
1780709754.152718,vcan0,602,FF000000
1780709754.152826,vcan0,603,01000000
1780709754.152943,vcan0,604,00
1780709754.153092,vcan0,605,00
1780709754.168128,vcan0,600,00000000
1780709754.168257,vcan0,601,72000000
1780709754.168332,vcan0,602,FF000000
1780709754.184348,vcan0,600,00000000
1780709754.184473,vcan0,601,72000000
1780709754.184538,vcan0,602,FF000000
1780709754.200085,vcan0,600,00000000
1780709754.200191,vcan0,601,65000000
1780709754.200275,vcan0,602,FF000000
1780709754.216283,vcan0,600,00000000
1780709754.216480,vcan0,601,65000000
1780709754.216582,vcan0,602,FF000000
1780709754.216694,vcan0,603,01000000
1780709754.216798,vcan0,604,00
1780709754.216908,vcan0,605,00
1780709754.217005,vcan0,607,00
1780709754.232015,vcan0,600,00000000
1780709754.232118,vcan0,601,65000000
1780709754.232188,vcan0,602,FF000000
1780709754.248038,vcan0,600,00000000
1780709754.248152,vcan0,601,65000000
1780709754.248231,vcan0,602,FF000000
1780709754.264054,vcan0,600,00000000
1780709754.264156,vcan0,601,65000000
1780709754.264233,vcan0,602,FF000000
1780709754.280193,vcan0,600,00000000
1780709754.280325,vcan0,601,65000000
1780709754.280423,vcan0,602,FF000000
1780709754.280554,vcan0,603,01000000
1780709754.280661,vcan0,604,00
1780709754.280769,vcan0,605,00
1780709754.296065,vcan0,600,00000000
1780709754.296192,vcan0,601,65000000
1780709754.296278,vcan0,602,FF000000
1780709754.312105,vcan0,600,00000000
1780709754.312208,vcan0,601,65000000
1780709754.312278,vcan0,602,FF000000
1780709754.328177,vcan0,600,00000000
1780709754.328291,vcan0,601,65000000
1780709754.328373,vcan0,602,FF000000
1780709754.328466,vcan0,607,00
1780709754.346318,vcan0,600,00000000
1780709754.346522,vcan0,601,65000000
1780709754.346629,vcan0,602,FF000000
1780709754.346734,vcan0,603,01000000
1780709754.346809,vcan0,604,00
1780709754.346877,vcan0,605,00
1780709754.361149,vcan0,600,00000000
1780709754.361296,vcan0,601,65000000
1780709754.361385,vcan0,602,FF000000
1780709754.378185,vcan0,600,00000000
1780709754.378325,vcan0,601,65000000
1780709754.378414,vcan0,602,FF000000
1780709754.394242,vcan0,600,00000000
1780709754.394376,vcan0,601,59000000
1780709754.394476,vcan0,602,FF000000
1780709754.413705,vcan0,600,00000000
1780709754.413885,vcan0,601,59000000
1780709754.414005,vcan0,602,FF000000
1780709754.414109,vcan0,603,01000000
1780709754.414211,vcan0,604,00
1780709754.414409,vcan0,605,00
1780709754.429265,vcan0,600,00000000
1780709754.429398,vcan0,601,59000000
1780709754.429507,vcan0,602,FF000000
1780709754.429600,vcan0,607,00
1780709754.445102,vcan0,600,00000000
1780709754.445230,vcan0,601,59000000
1780709754.445316,vcan0,602,FF000000
1780709754.461152,vcan0,600,00000000
1780709754.461280,vcan0,601,59000000
1780709754.461366,vcan0,602,FF000000
1780709754.479369,vcan0,600,00000000
1780709754.479564,vcan0,601,59000000
1780709754.479656,vcan0,602,FF000000
1780709754.479743,vcan0,603,01000000
1780709754.479830,vcan0,604,00
1780709754.479919,vcan0,605,00
1780709754.495259,vcan0,600,00000000
1780709754.495401,vcan0,601,59000000
1780709754.495495,vcan0,602,FF000000
1780709754.511176,vcan0,600,00000000
1780709754.511279,vcan0,601,59000000
1780709754.511341,vcan0,602,FF000000
1780709754.527142,vcan0,600,00000000
1780709754.527234,vcan0,601,59000000
1780709754.527295,vcan0,602,FF000000
1780709754.543296,vcan0,600,00000000
1780709754.543474,vcan0,601,59000000
1780709754.543598,vcan0,602,FF000000
1780709754.543702,vcan0,603,01000000
1780709754.543804,vcan0,604,00
1780709754.543926,vcan0,605,00
1780709754.544033,vcan0,607,00
1780709754.559306,vcan0,600,00000000
1780709754.559486,vcan0,601,59000000
1780709754.559563,vcan0,602,FF000000
1780709754.575103,vcan0,600,00000000
1780709754.575211,vcan0,601,59000000
1780709754.575284,vcan0,602,FF000000
1780709754.591133,vcan0,600,00000000
1780709754.591262,vcan0,601,4C000000
1780709754.591336,vcan0,602,FF000000
1780709754.607617,vcan0,600,00000000
1780709754.607807,vcan0,601,4C000000
1780709754.607902,vcan0,602,FF000000
1780709754.607987,vcan0,603,01000000
1780709754.608078,vcan0,604,00
1780709754.608168,vcan0,605,00
1780709754.623168,vcan0,600,00000000
1780709754.623291,vcan0,601,4C000000
1780709754.623376,vcan0,602,FF000000
1780709754.639235,vcan0,600,00000000
1780709754.639333,vcan0,601,4C000000
1780709754.639393,vcan0,602,FF000000
1780709754.655042,vcan0,600,00000000
1780709754.655119,vcan0,601,4C000000
1780709754.655168,vcan0,602,FF000000
1780709754.655226,vcan0,607,00
1780709754.678104,vcan0,600,00000000
1780709754.678301,vcan0,601,4C000000
1780709754.678410,vcan0,602,FF000000
1780709754.678544,vcan0,603,01000000
1780709754.678641,vcan0,604,00
1780709754.678815,vcan0,605,00
1780709754.693118,vcan0,600,00000000
1780709754.693243,vcan0,601,4C000000
1780709754.693332,vcan0,602,FF000000
1780709754.709193,vcan0,600,00000000
1780709754.709299,vcan0,601,4C000000
1780709754.709358,vcan0,602,FF000000
1780709754.725002,vcan0,600,00000000
1780709754.725086,vcan0,601,4C000000
1780709754.725155,vcan0,602,FF000000
1780709754.743750,vcan0,600,00000000
1780709754.743881,vcan0,601,4C000000
1780709754.743948,vcan0,602,FF000000
1780709754.744012,vcan0,603,01000000
1780709754.744073,vcan0,604,00
1780709754.744133,vcan0,605,00
1780709754.759025,vcan0,60D,08000000
1780709754.759104,vcan0,600,33000000
1780709754.759146,vcan0,601,4C000000
1780709754.759182,vcan0,602,FF000000
1780709754.759227,vcan0,607,00
1780709754.775109,vcan0,600,66000000
1780709754.775232,vcan0,601,4C000000
1780709754.775310,vcan0,602,FF000000
1780709754.791115,vcan0,600,99000000
1780709754.791237,vcan0,601,3F000000
1780709754.791311,vcan0,602,FF000000
1780709754.808696,vcan0,600,CC000000
1780709754.808846,vcan0,601,3F000000
1780709754.808942,vcan0,602,FF000000
1780709754.809034,vcan0,603,01000000
1780709754.809128,vcan0,604,00
1780709754.809228,vcan0,605,00
1780709754.824168,vcan0,600,FF000000
1780709754.824307,vcan0,601,3F000000
1780709754.824391,vcan0,602,FF000000
1780709754.840102,vcan0,600,FF000000
1780709754.840229,vcan0,601,3F000000
1780709754.840315,vcan0,602,FF000000
1780709754.856061,vcan0,600,FF000000
1780709754.856185,vcan0,601,3F000000
1780709754.856267,vcan0,602,FF000000
1780709754.877667,vcan0,600,FF000000
1780709754.877860,vcan0,601,3F000000
1780709754.877960,vcan0,602,FF000000
1780709754.878057,vcan0,603,01000000
1780709754.878148,vcan0,604,00
1780709754.878244,vcan0,605,00
1780709754.878348,vcan0,607,00
1780709754.893141,vcan0,600,FF000000
1780709754.893266,vcan0,601,3F000000
1780709754.893346,vcan0,602,FF000000
1780709754.909152,vcan0,600,FF000000
1780709754.909258,vcan0,601,3F000000
1780709754.909326,vcan0,602,FF000000
1780709754.925015,vcan0,600,FF000000
1780709754.925099,vcan0,601,3F000000
1780709754.925162,vcan0,602,FF000000
1780709754.947615,vcan0,60D,00000000
1780709754.947823,vcan0,600,00000000
1780709754.947937,vcan0,601,3F000000
1780709754.948043,vcan0,602,FF000000
1780709754.948144,vcan0,603,01000000
1780709754.948251,vcan0,604,00
1780709754.948358,vcan0,605,00
1780709754.963149,vcan0,600,00000000
1780709754.963265,vcan0,601,3F000000
1780709754.963338,vcan0,602,FF000000
1780709754.978049,vcan0,600,00000000
1780709754.978162,vcan0,601,3F000000
1780709754.978236,vcan0,602,FF000000
1780709754.978309,vcan0,607,00
1780709754.994088,vcan0,600,00000000
1780709754.994211,vcan0,601,32000000
1780709754.994291,vcan0,602,FF000000
1780709755.017942,vcan0,600,00000000
1780709755.018223,vcan0,601,32000000
1780709755.018342,vcan0,602,FF000000
1780709755.018473,vcan0,603,01000000
1780709755.018572,vcan0,604,00
1780709755.018656,vcan0,605,00
1780709755.033196,vcan0,600,00000000
1780709755.033317,vcan0,601,32000000
1780709755.033389,vcan0,602,FF000000
1780709755.049179,vcan0,600,00000000
1780709755.049295,vcan0,601,32000000
1780709755.049370,vcan0,602,FF000000
1780709755.065109,vcan0,600,00000000
1780709755.065257,vcan0,601,32000000
1780709755.065367,vcan0,602,FF000000
1780709755.087085,vcan0,600,00000000
1780709755.087370,vcan0,601,32000000
1780709755.087540,vcan0,602,FF000000
1780709755.087696,vcan0,603,01000000
1780709755.087801,vcan0,604,00
1780709755.087902,vcan0,605,00
1780709755.088002,vcan0,607,00
1780709755.102096,vcan0,600,00000000
1780709755.102184,vcan0,601,32000000
1780709755.102221,vcan0,602,FF000000
1780709755.118228,vcan0,600,00000000
1780709755.118388,vcan0,601,32000000
1780709755.118525,vcan0,602,FF000000
1780709755.134214,vcan0,600,00000000
1780709755.134381,vcan0,601,32000000
1780709755.134483,vcan0,602,FF000000
1780709755.162213,vcan0,60D,08000000
1780709755.162420,vcan0,600,33000000
1780709755.162577,vcan0,601,32000000
1780709755.162691,vcan0,602,FF000000
1780709755.162849,vcan0,603,01000000
1780709755.162958,vcan0,604,00
1780709755.163076,vcan0,605,00
1780709755.177098,vcan0,600,66000000
1780709755.177242,vcan0,601,32000000
1780709755.177339,vcan0,602,FF000000
1780709755.193108,vcan0,600,99000000
1780709755.193253,vcan0,601,26000000
1780709755.193355,vcan0,602,FF000000
1780709755.193492,vcan0,607,00
1780709755.209129,vcan0,600,CC000000
1780709755.209268,vcan0,601,26000000
1780709755.209373,vcan0,602,FF000000
1780709755.236617,vcan0,600,FF000000
1780709755.236800,vcan0,601,26000000
1780709755.236908,vcan0,602,FF000000
1780709755.237033,vcan0,603,01000000
1780709755.237182,vcan0,604,00
1780709755.237342,vcan0,605,00
1780709755.252161,vcan0,600,FF000000
1780709755.252291,vcan0,601,26000000
1780709755.252366,vcan0,602,FF000000
1780709755.268149,vcan0,600,FF000000
1780709755.268264,vcan0,601,26000000
1780709755.268335,vcan0,602,FF000000
1780709755.284123,vcan0,600,FF000000
1780709755.284259,vcan0,601,26000000
1780709755.284359,vcan0,602,FF000000
1780709755.316126,vcan0,600,FF000000
1780709755.316315,vcan0,601,26000000
1780709755.316419,vcan0,602,FF000000
1780709755.316563,vcan0,603,01000000
1780709755.316684,vcan0,604,00
1780709755.316778,vcan0,605,00
1780709755.316896,vcan0,607,00
1780709755.331099,vcan0,600,FF000000
1780709755.331225,vcan0,601,26000000
1780709755.331313,vcan0,602,FF000000
1780709755.347098,vcan0,600,FF000000
1780709755.347231,vcan0,601,26000000
1780709755.347317,vcan0,602,FF000000
1780709755.363077,vcan0,600,FF000000
1780709755.363210,vcan0,601,26000000
1780709755.363297,vcan0,602,FF000000
1780709755.397685,vcan0,600,FF000000
1780709755.397912,vcan0,601,26000000
1780709755.398021,vcan0,602,FF000000
1780709755.398140,vcan0,603,01000000
1780709755.398243,vcan0,604,00
1780709755.398333,vcan0,605,00
1780709755.413169,vcan0,600,FF000000
1780709755.413286,vcan0,601,26000000
1780709755.413361,vcan0,602,FF000000
1780709755.429083,vcan0,600,FF000000
1780709755.429186,vcan0,601,26000000
1780709755.429255,vcan0,602,FF000000
1780709755.429329,vcan0,607,00
1780709755.445202,vcan0,600,FF000000
1780709755.445323,vcan0,601,26000000
1780709755.445398,vcan0,602,FF000000
1780709755.486430,vcan0,600,FF000000
1780709755.486692,vcan0,601,26000000
1780709755.486820,vcan0,602,FF000000
1780709755.486930,vcan0,603,01000000
1780709755.487031,vcan0,604,00
1780709755.487132,vcan0,605,00
1780709755.501109,vcan0,600,FF000000
1780709755.501163,vcan0,601,26000000
1780709755.501195,vcan0,602,FF000000
1780709755.517166,vcan0,600,FF000000
1780709755.517318,vcan0,601,26000000
1780709755.517425,vcan0,602,FF000000
1780709755.533063,vcan0,600,FF000000
1780709755.533181,vcan0,601,26000000
1780709755.533252,vcan0,602,FF000000
1780709755.533328,vcan0,607,00
1780709755.585653,vcan0,600,FF000000
1780709755.585802,vcan0,601,7F000000
1780709755.585909,vcan0,602,FF000000
1780709755.586013,vcan0,603,01000000
1780709755.586111,vcan0,604,00
1780709755.586219,vcan0,605,00
1780709755.601252,vcan0,600,FF000000
1780709755.601391,vcan0,601,7F000000
1780709755.601512,vcan0,602,FF000000
1780709755.617259,vcan0,600,FF000000
1780709755.617419,vcan0,601,7F000000
1780709755.617527,vcan0,602,FF000000
1780709755.633141,vcan0,600,FF000000
1780709755.633264,vcan0,601,7F000000
1780709755.633337,vcan0,602,FF000000
1780709755.633416,vcan0,607,00
1780709755.680052,vcan0,600,FF000000
1780709755.680212,vcan0,601,7F000000
1780709755.680300,vcan0,602,FF000000
1780709755.680373,vcan0,603,01000000
1780709755.680482,vcan0,604,00
1780709755.680555,vcan0,605,00
1780709755.695073,vcan0,600,FF000000
1780709755.695149,vcan0,601,72000000
1780709755.695187,vcan0,602,FF000000
1780709755.711069,vcan0,600,FF000000
1780709755.711188,vcan0,601,7F000000
1780709755.711259,vcan0,602,FF000000
1780709755.727152,vcan0,600,FF000000
1780709755.727270,vcan0,601,7F000000
1780709755.727340,vcan0,602,FF000000
1780709755.774871,vcan0,600,FF000000
1780709755.774989,vcan0,601,7F000000
1780709755.775069,vcan0,602,FF000000
1780709755.775141,vcan0,603,01000000
1780709755.775216,vcan0,604,00
1780709755.775282,vcan0,605,00
1780709755.775359,vcan0,607,00
1780709755.790064,vcan0,600,FF000000
1780709755.790155,vcan0,601,7F000000
1780709755.790209,vcan0,602,FF000000
1780709755.806220,vcan0,600,FF000000
1780709755.806360,vcan0,601,7F000000
1780709755.806439,vcan0,602,FF000000
1780709755.822109,vcan0,600,FF000000
1780709755.822231,vcan0,601,7F000000
1780709755.822309,vcan0,602,FF000000
1780709755.871959,vcan0,600,FF000000
1780709755.872094,vcan0,601,7F000000
1780709755.872213,vcan0,602,FF000000
1780709755.872301,vcan0,603,01000000
1780709755.872384,vcan0,604,00
1780709755.872507,vcan0,605,00
1780709755.887380,vcan0,600,FF000000
1780709755.887585,vcan0,601,7F000000
1780709755.887691,vcan0,602,FF000000
1780709755.887776,vcan0,607,00
1780709755.902956,vcan0,600,FF000000
1780709755.903055,vcan0,601,7F000000
1780709755.903124,vcan0,602,FF000000
1780709755.919071,vcan0,600,FF000000
1780709755.919174,vcan0,601,7F000000
1780709755.919244,vcan0,602,FF000000
1780709755.935077,vcan0,600,FF000000
1780709755.935189,vcan0,601,7F000000
1780709755.935263,vcan0,602,FF000000
1780709755.935333,vcan0,603,01000000
1780709755.935400,vcan0,604,00
1780709755.935496,vcan0,605,00
1780709755.980013,vcan0,600,FF000000
1780709755.980173,vcan0,601,7F000000
1780709755.980286,vcan0,602,FF000000
1780709755.995012,vcan0,600,FF000000
1780709755.995092,vcan0,601,7F000000
1780709755.995128,vcan0,602,FF000000
1780709755.995166,vcan0,603,01000000
1780709755.995199,vcan0,604,00
1780709755.995232,vcan0,605,00
1780709755.995266,vcan0,607,00
1780709756.011073,vcan0,600,FF000000
1780709756.011194,vcan0,601,8C000000
1780709756.011279,vcan0,602,FF000000
1780709756.027145,vcan0,600,FF000000
1780709756.027274,vcan0,601,8C000000
1780709756.027360,vcan0,602,FF000000
1780709756.078887,vcan0,600,FF000000
1780709756.079036,vcan0,601,8C000000
1780709756.079137,vcan0,602,FF000000
1780709756.079233,vcan0,603,01000000
1780709756.079325,vcan0,604,00
1780709756.079419,vcan0,605,00
1780709756.094160,vcan0,600,FF000000
1780709756.094301,vcan0,601,8C000000
1780709756.094399,vcan0,602,FF000000
1780709756.109969,vcan0,600,FF000000
1780709756.110063,vcan0,601,8C000000
1780709756.110136,vcan0,602,FF000000
1780709756.110208,vcan0,607,00
1780709756.126145,vcan0,600,FF000000
1780709756.126253,vcan0,601,8C000000
1780709756.126325,vcan0,602,FF000000
1780709756.175612,vcan0,600,FF000000
1780709756.175756,vcan0,601,8C000000
1780709756.175833,vcan0,602,FF000000
1780709756.175920,vcan0,603,01000000
1780709756.175991,vcan0,604,00
1780709756.176059,vcan0,605,00
1780709756.191047,vcan0,600,FF000000
1780709756.191121,vcan0,601,8C000000
1780709756.191170,vcan0,602,FF000000
1780709756.206995,vcan0,600,FF000000
1780709756.207106,vcan0,601,99000000
1780709756.207195,vcan0,602,FF000000
1780709756.223070,vcan0,600,FF000000
1780709756.223184,vcan0,601,99000000
1780709756.223266,vcan0,602,FF000000
1780709756.223359,vcan0,607,00
1780709756.276432,vcan0,600,FF000000
1780709756.276626,vcan0,601,99000000
1780709756.276725,vcan0,602,FF000000
1780709756.276817,vcan0,603,01000000
1780709756.276922,vcan0,604,00
1780709756.276996,vcan0,605,00
1780709756.292145,vcan0,600,FF000000
1780709756.292263,vcan0,601,99000000
1780709756.292341,vcan0,602,FF000000
1780709756.307969,vcan0,600,FF000000
1780709756.308062,vcan0,601,99000000
1780709756.308130,vcan0,602,FF000000
1780709756.324120,vcan0,600,FF000000
1780709756.324227,vcan0,601,99000000
1780709756.324297,vcan0,602,FF000000
1780709756.324376,vcan0,607,00
1780709756.374571,vcan0,600,FF000000
1780709756.374687,vcan0,601,7F000000
1780709756.374763,vcan0,602,FF000000
1780709756.374849,vcan0,603,01000000
1780709756.375002,vcan0,604,00
1780709756.375092,vcan0,605,00
1780709756.390032,vcan0,600,FF000000
1780709756.390106,vcan0,601,7F000000
1780709756.390196,vcan0,602,FF000000
1780709756.405957,vcan0,600,FF000000
1780709756.406055,vcan0,601,7F000000
1780709756.406123,vcan0,602,FF000000
1780709756.422107,vcan0,600,FF000000
1780709756.422220,vcan0,601,7F000000
1780709756.422295,vcan0,602,FF000000
1780709756.475208,vcan0,600,FF000000
1780709756.475387,vcan0,601,7F000000
1780709756.475515,vcan0,602,FF000000
1780709756.475615,vcan0,603,01000000
1780709756.475726,vcan0,604,00
1780709756.475848,vcan0,605,00
1780709756.475940,vcan0,607,00
1780709756.490251,vcan0,600,FF000000
1780709756.490363,vcan0,601,7F000000
1780709756.490412,vcan0,602,FF000000
1780709756.505962,vcan0,600,FF000000
1780709756.506084,vcan0,601,7F000000
1780709756.506170,vcan0,602,FF000000
1780709756.522051,vcan0,600,FF000000
1780709756.522174,vcan0,601,7F000000
1780709756.522267,vcan0,602,FF000000
1780709756.538121,vcan0,600,FF000000
1780709756.538234,vcan0,601,7F000000
1780709756.538309,vcan0,602,FF000000
1780709756.538380,vcan0,603,01000000
1780709756.538470,vcan0,604,00
1780709756.538546,vcan0,605,00
1780709756.582336,vcan0,600,FF000000
1780709756.582528,vcan0,601,7F000000
1780709756.582627,vcan0,602,FF000000
1780709756.582741,vcan0,607,00
1780709756.597096,vcan0,600,FF000000
1780709756.597171,vcan0,601,7F000000
1780709756.597214,vcan0,602,FF000000
1780709756.597259,vcan0,603,01000000
1780709756.597303,vcan0,604,00
1780709756.597346,vcan0,605,00
1780709756.613164,vcan0,600,FF000000
1780709756.613298,vcan0,601,7F000000
1780709756.613391,vcan0,602,FF000000
1780709756.629182,vcan0,600,FF000000
1780709756.629310,vcan0,601,7F000000
1780709756.629388,vcan0,602,FF000000
1780709756.680331,vcan0,600,FF000000
1780709756.680579,vcan0,601,7F000000
1780709756.680679,vcan0,602,FF000000
1780709756.680787,vcan0,603,01000000
1780709756.680903,vcan0,604,00
1780709756.681017,vcan0,605,00
1780709756.694981,vcan0,600,FF000000
1780709756.695037,vcan0,601,7F000000
1780709756.695067,vcan0,602,FF000000
1780709756.695101,vcan0,607,00
1780709756.711142,vcan0,600,FF000000
1780709756.711283,vcan0,601,7F000000
1780709756.711381,vcan0,602,FF000000
1780709756.727037,vcan0,600,FF000000
1780709756.727158,vcan0,601,7F000000
1780709756.727229,vcan0,602,FF000000
1780709756.779296,vcan0,600,FF000000
1780709756.779437,vcan0,601,7F000000
1780709756.779553,vcan0,602,FF000000
1780709756.779646,vcan0,603,01000000
1780709756.779742,vcan0,604,00
1780709756.779837,vcan0,605,00
1780709756.794929,vcan0,600,FF000000
1780709756.794999,vcan0,601,7F000000
1780709756.795031,vcan0,602,FF000000
1780709756.810981,vcan0,600,FF000000
1780709756.811094,vcan0,601,7F000000
1780709756.811168,vcan0,602,FF000000
1780709756.811240,vcan0,607,00
1780709756.827152,vcan0,600,FF000000
1780709756.827275,vcan0,601,7F000000
1780709756.827351,vcan0,602,FF000000
1780709756.877215,vcan0,600,FF000000
1780709756.877354,vcan0,601,7F000000
1780709756.877440,vcan0,602,FF000000
1780709756.877564,vcan0,603,01000000
1780709756.877642,vcan0,604,00
1780709756.877712,vcan0,605,00
1780709756.892082,vcan0,600,FF000000
1780709756.892220,vcan0,601,7F000000
1780709756.892291,vcan0,602,FF000000
1780709756.908091,vcan0,600,FF000000
1780709756.908245,vcan0,601,7F000000
1780709756.908367,vcan0,602,FF000000
1780709756.924132,vcan0,600,FF000000
1780709756.924261,vcan0,601,7F000000
1780709756.924345,vcan0,602,FF000000
1780709756.924471,vcan0,607,00
1780709756.975090,vcan0,60D,00000000
1780709756.975255,vcan0,600,00000000
1780709756.975357,vcan0,601,7F000000
1780709756.975435,vcan0,602,00000000
1780709756.975554,vcan0,603,01000000
1780709756.975660,vcan0,604,00
1780709756.975752,vcan0,605,00
1780709756.990168,vcan0,600,00000000
1780709756.990294,vcan0,601,7F000000
1780709756.990394,vcan0,602,00000000
1780709757.006007,vcan0,600,00000000
1780709757.006129,vcan0,601,7F000000
1780709757.006213,vcan0,602,00000000
1780709757.022148,vcan0,600,00000000
1780709757.022285,vcan0,601,7F000000
1780709757.022375,vcan0,602,00000000
1780709757.071842,vcan0,600,00000000
1780709757.072030,vcan0,601,7F000000
1780709757.072138,vcan0,602,00000000
1780709757.072244,vcan0,603,01000000
1780709757.072343,vcan0,604,00
1780709757.072434,vcan0,605,00
1780709757.072555,vcan0,607,00
1780709757.087188,vcan0,600,00000000
1780709757.087307,vcan0,601,7F000000
1780709757.087381,vcan0,602,00000000
1780709757.102975,vcan0,600,00000000
1780709757.103080,vcan0,601,7F000000
1780709757.103151,vcan0,602,00000000
1780709757.119153,vcan0,600,00000000
1780709757.119272,vcan0,601,7F000000
1780709757.119346,vcan0,602,00000000
1780709757.168483,vcan0,600,00000000
1780709757.168650,vcan0,601,7F000000
1780709757.168758,vcan0,602,00000000
1780709757.168865,vcan0,603,01000000
1780709757.168967,vcan0,604,00
1780709757.169056,vcan0,605,00
1780709757.184186,vcan0,600,00000000
1780709757.184314,vcan0,601,7F000000
1780709757.184407,vcan0,602,00000000
1780709757.184529,vcan0,607,00
1780709757.200083,vcan0,600,00000000
1780709757.200196,vcan0,601,7F000000
1780709757.200268,vcan0,602,00000000
1780709757.216058,vcan0,600,00000000
1780709757.216177,vcan0,601,7F000000
1780709757.216256,vcan0,602,00000000
1780709757.266722,vcan0,600,00000000
1780709757.266890,vcan0,601,7F000000
1780709757.266985,vcan0,602,00000000
1780709757.267084,vcan0,603,01000000
1780709757.267174,vcan0,604,00
1780709757.267278,vcan0,605,00
1780709757.282041,vcan0,600,00000000
1780709757.282152,vcan0,601,7F000000
1780709757.282215,vcan0,602,00000000
1780709757.298080,vcan0,600,00000000
1780709757.298201,vcan0,601,7F000000
1780709757.298272,vcan0,602,00000000
1780709757.298343,vcan0,607,00
1780709757.314104,vcan0,600,00000000
1780709757.314210,vcan0,601,7F000000
1780709757.314281,vcan0,602,00000000
1780709757.363433,vcan0,600,00000000
1780709757.363651,vcan0,601,7F000000
1780709757.363757,vcan0,602,00000000
1780709757.363858,vcan0,603,01000000
1780709757.363950,vcan0,604,00
1780709757.364042,vcan0,605,00
1780709757.380089,vcan0,600,00000000
1780709757.380225,vcan0,601,7F000000
1780709757.380299,vcan0,602,00000000
1780709757.395982,vcan0,600,00000000
1780709757.396113,vcan0,601,7F000000
1780709757.396186,vcan0,602,00000000
1780709757.412068,vcan0,600,00000000
1780709757.412182,vcan0,601,7F000000
1780709757.412253,vcan0,602,00000000
1780709757.412324,vcan0,607,00
1780709757.464681,vcan0,600,00000000
1780709757.464827,vcan0,601,7F000000
1780709757.464904,vcan0,602,00000000
1780709757.464982,vcan0,603,01000000
1780709757.465059,vcan0,604,00
1780709757.465153,vcan0,605,00
1780709757.480102,vcan0,600,00000000
1780709757.480221,vcan0,601,7F000000
1780709757.480294,vcan0,602,00000000
1780709757.496084,vcan0,600,00000000
1780709757.496194,vcan0,601,7F000000
1780709757.496263,vcan0,602,00000000
1780709757.512119,vcan0,600,00000000
1780709757.512236,vcan0,601,7F000000
1780709757.512313,vcan0,602,00000000
1780709757.512391,vcan0,607,00
1780709757.562023,vcan0,600,00000000
1780709757.562194,vcan0,601,7F000000
1780709757.562298,vcan0,602,00000000
1780709757.562396,vcan0,603,01000000
1780709757.562511,vcan0,604,00
1780709757.562623,vcan0,605,00
1780709757.577018,vcan0,600,00000000
1780709757.577109,vcan0,601,7F000000
1780709757.577159,vcan0,602,00000000
1780709757.592844,vcan0,600,00000000
1780709757.592910,vcan0,601,7F000000
1780709757.592947,vcan0,602,00000000
1780709757.608947,vcan0,600,00000000
1780709757.609054,vcan0,601,7F000000
1780709757.609131,vcan0,602,00000000
1780709757.625019,vcan0,600,00000000
1780709757.625145,vcan0,601,7F000000
1780709757.625218,vcan0,602,00000000
1780709757.625293,vcan0,603,01000000
1780709757.625362,vcan0,604,00
1780709757.625428,vcan0,605,00
1780709757.625516,vcan0,607,00
1780709757.668866,vcan0,600,00000000
1780709757.669015,vcan0,601,7F000000
1780709757.669129,vcan0,602,00000000
1780709757.684327,vcan0,600,00000000
1780709757.684528,vcan0,601,7F000000
1780709757.684641,vcan0,602,00000000
1780709757.684753,vcan0,603,01000000
1780709757.684857,vcan0,604,00
1780709757.684960,vcan0,605,00
1780709757.699964,vcan0,600,00000000
1780709757.700061,vcan0,601,7F000000
1780709757.700134,vcan0,602,00000000
1780709757.716118,vcan0,600,00000000
1780709757.716228,vcan0,601,7F000000
1780709757.716302,vcan0,602,00000000
1780709757.766353,vcan0,600,00000000
1780709757.766573,vcan0,601,7F000000
1780709757.766683,vcan0,602,00000000
1780709757.766797,vcan0,603,01000000
1780709757.766890,vcan0,604,00
1780709757.766997,vcan0,605,00
1780709757.767093,vcan0,607,00
1780709757.781105,vcan0,600,00000000
1780709757.781231,vcan0,601,7F000000
1780709757.781303,vcan0,602,00000000
1780709757.796962,vcan0,600,00000000
1780709757.797071,vcan0,601,7F000000
1780709757.797144,vcan0,602,00000000
1780709757.813094,vcan0,600,00000000
1780709757.813215,vcan0,601,7F000000
1780709757.813291,vcan0,602,00000000
1780709757.862569,vcan0,600,00000000
1780709757.862724,vcan0,601,8C000000
1780709757.862801,vcan0,602,00000000
1780709757.862901,vcan0,603,01000000
1780709757.862999,vcan0,604,00
1780709757.863082,vcan0,605,00
1780709757.878097,vcan0,600,00000000
1780709757.878462,vcan0,601,8C000000
1780709757.878552,vcan0,602,00000000
1780709757.878629,vcan0,607,00
1780709757.893941,vcan0,600,00000000
1780709757.894036,vcan0,601,8C000000
1780709757.894104,vcan0,602,00000000
1780709757.910105,vcan0,600,00000000
1780709757.910335,vcan0,601,8C000000
1780709757.910409,vcan0,602,00000000
1780709757.958707,vcan0,600,00000000
1780709757.959000,vcan0,601,8C000000
1780709757.959108,vcan0,602,00000000
1780709757.959230,vcan0,603,01000000
1780709757.959323,vcan0,604,00
1780709757.959420,vcan0,605,00
1780709757.973070,vcan0,600,00000000
1780709757.973151,vcan0,601,8C000000
1780709757.973190,vcan0,602,00000000
1780709757.989168,vcan0,600,00000000
1780709757.989319,vcan0,601,8C000000
1780709757.989399,vcan0,602,00000000
1780709757.989510,vcan0,607,00
1780709758.004965,vcan0,600,00000000
1780709758.005080,vcan0,601,8C000000
1780709758.005158,vcan0,602,00000000
1780709758.056977,vcan0,600,00000000
1780709758.057231,vcan0,601,99000000
1780709758.057338,vcan0,602,00000000
1780709758.057467,vcan0,603,01000000
1780709758.057564,vcan0,604,00
1780709758.057656,vcan0,605,00
1780709758.072156,vcan0,600,00000000
1780709758.072292,vcan0,601,99000000
1780709758.072361,vcan0,602,00000000
1780709758.087980,vcan0,600,00000000
1780709758.088087,vcan0,601,99000000
1780709758.088157,vcan0,602,00000000
1780709758.104092,vcan0,600,00000000
1780709758.104214,vcan0,601,99000000
1780709758.104294,vcan0,602,00000000
1780709758.104375,vcan0,607,00
1780709758.153909,vcan0,600,00000000
1780709758.154055,vcan0,601,99000000
1780709758.154167,vcan0,602,00000000
1780709758.154281,vcan0,603,01000000
1780709758.154370,vcan0,604,00
1780709758.154476,vcan0,605,00
1780709758.169363,vcan0,600,00000000
1780709758.169512,vcan0,601,99000000
1780709758.169588,vcan0,602,00000000
1780709758.185095,vcan0,600,00000000
1780709758.185191,vcan0,601,99000000
1780709758.185262,vcan0,602,00000000
1780709758.201197,vcan0,600,00000000
1780709758.201318,vcan0,601,99000000
1780709758.201396,vcan0,602,00000000
1780709758.251261,vcan0,600,00000000
1780709758.251414,vcan0,601,A5000000
1780709758.251698,vcan0,602,00000000
1780709758.251954,vcan0,603,01000000
1780709758.252074,vcan0,604,00
1780709758.252169,vcan0,605,00
1780709758.252266,vcan0,607,00
1780709758.266197,vcan0,600,00000000
1780709758.266334,vcan0,601,A5000000
1780709758.266414,vcan0,602,19000000
1780709758.281978,vcan0,600,00000000
1780709758.282105,vcan0,601,A5000000
1780709758.282180,vcan0,602,33000000
1780709758.298048,vcan0,600,00000000
1780709758.298181,vcan0,601,A5000000
1780709758.298264,vcan0,602,4C000000
1780709758.351526,vcan0,600,00000000
1780709758.351798,vcan0,601,A5000000
1780709758.351907,vcan0,602,66000000
1780709758.352016,vcan0,603,01000000
1780709758.352132,vcan0,604,00
1780709758.352275,vcan0,605,00
1780709758.352400,vcan0,607,00
1780709758.367062,vcan0,600,00000000
1780709758.367210,vcan0,601,A5000000
1780709758.367295,vcan0,602,7F000000
1780709758.383946,vcan0,600,00000000
1780709758.384059,vcan0,601,A5000000
1780709758.384139,vcan0,602,99000000
1780709758.400129,vcan0,600,00000000
1780709758.400255,vcan0,601,A5000000
1780709758.400326,vcan0,602,B2000000
1780709758.449244,vcan0,600,00000000
1780709758.449415,vcan0,601,B2000000
1780709758.449535,vcan0,602,CC000000
1780709758.449634,vcan0,603,01000000
1780709758.449752,vcan0,604,00
1780709758.449848,vcan0,605,00
1780709758.464030,vcan0,600,00000000
1780709758.464101,vcan0,601,B2000000
1780709758.464146,vcan0,602,E5000000
1780709758.464191,vcan0,607,00
1780709758.480023,vcan0,600,00000000
1780709758.480133,vcan0,601,B2000000
1780709758.480204,vcan0,602,FF000000
1780709758.496110,vcan0,600,00000000
1780709758.496226,vcan0,601,B2000000
1780709758.496303,vcan0,602,FF000000
1780709758.546965,vcan0,600,00000000
1780709758.547159,vcan0,601,7F000000
1780709758.547260,vcan0,602,FF000000
1780709758.547364,vcan0,603,01000000
1780709758.547622,vcan0,604,00
1780709758.547897,vcan0,605,00
1780709758.562014,vcan0,600,00000000
1780709758.562085,vcan0,601,7F000000
1780709758.562121,vcan0,602,FF000000
1780709758.578042,vcan0,600,00000000
1780709758.578148,vcan0,601,7F000000
1780709758.578221,vcan0,602,FF000000
1780709758.578292,vcan0,607,00
1780709758.594073,vcan0,600,00000000
1780709758.594191,vcan0,601,7F000000
1780709758.594269,vcan0,602,FF000000
1780709758.647561,vcan0,600,00000000
1780709758.647707,vcan0,601,7F000000
1780709758.647796,vcan0,602,FF000000
1780709758.647883,vcan0,603,01000000
1780709758.647966,vcan0,604,00
1780709758.648060,vcan0,605,00
1780709758.663023,vcan0,600,00000000
1780709758.663147,vcan0,601,7F000000
1780709758.663223,vcan0,602,FF000000
1780709758.678971,vcan0,600,00000000
1780709758.679085,vcan0,601,7F000000
1780709758.679157,vcan0,602,FF000000
1780709758.679233,vcan0,607,00
1780709758.695066,vcan0,600,00000000
1780709758.695177,vcan0,601,7F000000
1780709758.695246,vcan0,602,FF000000
1780709758.747723,vcan0,600,00000000
1780709758.747911,vcan0,601,7F000000
1780709758.748016,vcan0,602,FF000000
1780709758.748127,vcan0,603,01000000
1780709758.748230,vcan0,604,00
1780709758.748330,vcan0,605,00
1780709758.763251,vcan0,600,00000000
1780709758.763526,vcan0,601,7F000000
1780709758.763631,vcan0,602,FF000000
1780709758.779016,vcan0,600,00000000
1780709758.779100,vcan0,601,7F000000
1780709758.779160,vcan0,602,FF000000
1780709758.779226,vcan0,607,00
1780709758.795148,vcan0,600,00000000
1780709758.795272,vcan0,601,7F000000
1780709758.795348,vcan0,602,FF000000
1780709758.843412,vcan0,600,00000000
1780709758.843582,vcan0,601,7F000000
1780709758.843687,vcan0,602,FF000000
1780709758.843783,vcan0,603,01000000
1780709758.843858,vcan0,604,00
1780709758.843931,vcan0,605,00
1780709758.859356,vcan0,600,00000000
1780709758.859502,vcan0,601,7F000000
1780709758.859560,vcan0,602,FF000000
1780709758.875004,vcan0,600,00000000
1780709758.875151,vcan0,601,7F000000
1780709758.875264,vcan0,602,FF000000
1780709758.891065,vcan0,600,00000000
1780709758.891176,vcan0,601,7F000000
1780709758.891250,vcan0,602,FF000000
1780709758.891325,vcan0,607,00
1780709758.906931,vcan0,600,00000000
1780709758.907033,vcan0,601,8C000000
1780709758.907101,vcan0,602,FF000000
1780709758.907166,vcan0,603,01000000
1780709758.907229,vcan0,604,00
1780709758.907292,vcan0,605,00
1780709758.948027,vcan0,600,00000000
1780709758.948193,vcan0,601,8C000000
1780709758.948295,vcan0,602,FF000000
1780709758.963184,vcan0,600,00000000
1780709758.963349,vcan0,601,8C000000
1780709758.963480,vcan0,602,FF000000
1780709758.963591,vcan0,603,01000000
1780709758.963693,vcan0,604,00
1780709758.963795,vcan0,605,00
1780709758.977983,vcan0,600,00000000
1780709758.978077,vcan0,601,8C000000
1780709758.978126,vcan0,602,FF000000
1780709758.994067,vcan0,600,00000000
1780709758.994174,vcan0,601,8C000000
1780709758.994245,vcan0,602,FF000000
1780709758.994318,vcan0,607,00
1780709759.043423,vcan0,600,00000000
1780709759.043581,vcan0,601,8C000000
1780709759.043655,vcan0,602,FF000000
1780709759.043737,vcan0,603,01000000
1780709759.043811,vcan0,604,00
1780709759.043880,vcan0,605,00
1780709759.059031,vcan0,600,00000000
1780709759.059153,vcan0,601,8C000000
1780709759.059230,vcan0,602,FF000000
1780709759.074960,vcan0,600,00000000
1780709759.075076,vcan0,601,8C000000
1780709759.075148,vcan0,602,FF000000
1780709759.091062,vcan0,600,00000000
1780709759.091170,vcan0,601,8C000000
1780709759.091238,vcan0,602,FF000000
1780709759.140802,vcan0,600,00000000
1780709759.140945,vcan0,601,99000000
1780709759.141022,vcan0,602,FF000000
1780709759.141095,vcan0,603,01000000
1780709759.141163,vcan0,604,00
1780709759.141231,vcan0,605,00
1780709759.141300,vcan0,607,00
1780709759.156222,vcan0,600,00000000
1780709759.156356,vcan0,601,99000000
1780709759.156478,vcan0,602,FF000000
1780709759.172128,vcan0,600,00000000
1780709759.172251,vcan0,601,99000000
1780709759.172335,vcan0,602,FF000000
1780709759.188131,vcan0,600,00000000
1780709759.188262,vcan0,601,99000000
1780709759.188350,vcan0,602,FF000000
1780709759.238369,vcan0,600,00000000
1780709759.238538,vcan0,601,99000000
1780709759.238638,vcan0,602,FF000000
1780709759.238727,vcan0,603,01000000
1780709759.238814,vcan0,604,00
1780709759.238895,vcan0,605,00
1780709759.254076,vcan0,600,00000000
1780709759.254226,vcan0,601,99000000
1780709759.254316,vcan0,602,FF000000
1780709759.254408,vcan0,607,00
1780709759.269977,vcan0,600,00000000
1780709759.270122,vcan0,601,99000000
1780709759.270211,vcan0,602,FF000000
1780709759.286255,vcan0,600,00000000
1780709759.286399,vcan0,601,7F000000
1780709759.286512,vcan0,602,FF000000
1780709759.336749,vcan0,600,00000000
1780709759.336881,vcan0,601,7F000000
1780709759.336978,vcan0,602,FF000000
1780709759.337070,vcan0,603,01000000
1780709759.337167,vcan0,604,00
1780709759.337252,vcan0,605,00
1780709759.352116,vcan0,600,00000000
1780709759.352258,vcan0,601,7F000000
1780709759.352352,vcan0,602,FF000000
1780709759.369006,vcan0,600,00000000
1780709759.369165,vcan0,601,7F000000
1780709759.369262,vcan0,602,FF000000
1780709759.369350,vcan0,607,00
1780709759.385044,vcan0,600,00000000
1780709759.385171,vcan0,601,7F000000
1780709759.385263,vcan0,602,FF000000
1780709759.434514,vcan0,600,00000000
1780709759.434657,vcan0,601,7F000000
1780709759.434745,vcan0,602,FF000000
1780709759.434829,vcan0,603,01000000
1780709759.434919,vcan0,604,00
1780709759.435001,vcan0,605,00
1780709759.450294,vcan0,600,00000000
1780709759.450415,vcan0,601,7F000000
1780709759.450493,vcan0,602,FF000000
1780709759.466168,vcan0,600,00000000
1780709759.466311,vcan0,601,7F000000
1780709759.466396,vcan0,602,FF000000
1780709759.482050,vcan0,600,00000000
1780709759.482189,vcan0,601,7F000000
1780709759.482266,vcan0,602,FF000000
1780709759.482347,vcan0,607,00
1780709759.533493,vcan0,600,00000000
1780709759.533636,vcan0,601,7F000000
1780709759.533745,vcan0,602,FF000000
1780709759.533858,vcan0,603,01000000
1780709759.533971,vcan0,604,00
1780709759.534088,vcan0,605,00
1780709759.549171,vcan0,600,00000000
1780709759.549323,vcan0,601,7F000000
1780709759.549420,vcan0,602,FF000000
1780709759.564963,vcan0,600,00000000
1780709759.565080,vcan0,601,7F000000
1780709759.565148,vcan0,602,FF000000
1780709759.580992,vcan0,600,00000000
1780709759.581107,vcan0,601,7F000000
1780709759.581188,vcan0,602,FF000000
1780709759.629420,vcan0,600,00000000
1780709759.629565,vcan0,601,7F000000
1780709759.629637,vcan0,602,FF000000
1780709759.629708,vcan0,603,01000000
1780709759.629778,vcan0,604,00
1780709759.629844,vcan0,605,00
1780709759.629915,vcan0,607,00
1780709759.645001,vcan0,600,00000000
1780709759.645386,vcan0,601,8C000000
1780709759.645533,vcan0,602,FF000000
1780709759.661158,vcan0,600,00000000
1780709759.661310,vcan0,601,8C000000
1780709759.661403,vcan0,602,FF000000
1780709759.677021,vcan0,600,00000000
1780709759.677124,vcan0,601,8C000000
1780709759.677197,vcan0,602,FF000000
1780709759.692986,vcan0,600,00000000
1780709759.693099,vcan0,601,8C000000
1780709759.693177,vcan0,602,FF000000
1780709759.693247,vcan0,603,01000000
1780709759.693320,vcan0,604,00
1780709759.693386,vcan0,605,00
1780709759.735384,vcan0,600,00000000
1780709759.735603,vcan0,601,8C000000
1780709759.735720,vcan0,602,FF000000
1780709759.735826,vcan0,607,00
1780709759.751382,vcan0,600,00000000
1780709759.751567,vcan0,601,8C000000
1780709759.751678,vcan0,602,00000000
1780709759.751782,vcan0,603,01000000
1780709759.751881,vcan0,604,00
1780709759.751979,vcan0,605,00
1780709759.766988,vcan0,600,00000000
1780709759.767097,vcan0,601,8C000000
1780709759.767166,vcan0,602,00000000
1780709759.783152,vcan0,600,00000000
1780709759.783336,vcan0,601,8C000000
1780709759.783415,vcan0,602,00000000
1780709759.832326,vcan0,600,00000000
1780709759.832575,vcan0,601,8C000000
1780709759.832685,vcan0,602,00000000
1780709759.832989,vcan0,603,01000000
1780709759.833283,vcan0,604,00
1780709759.833400,vcan0,605,00
1780709759.847054,vcan0,600,00000000
1780709759.847200,vcan0,601,99000000
1780709759.847298,vcan0,602,00000000
1780709759.847402,vcan0,607,00
1780709759.862956,vcan0,600,00000000
1780709759.863048,vcan0,601,99000000
1780709759.863115,vcan0,602,00000000
1780709759.879007,vcan0,600,00000000
1780709759.879099,vcan0,601,99000000
1780709759.879170,vcan0,602,00000000
1780709759.934735,vcan0,600,00000000
1780709759.934890,vcan0,601,99000000
1780709759.934998,vcan0,602,00000000
1780709759.935094,vcan0,603,01000000
1780709759.935183,vcan0,604,00
1780709759.935272,vcan0,605,00
1780709759.949956,vcan0,600,00000000
1780709759.950070,vcan0,601,99000000
1780709759.950260,vcan0,602,00000000
1780709759.950434,vcan0,607,00
1780709759.966027,vcan0,600,00000000
1780709759.966244,vcan0,601,99000000
1780709759.966334,vcan0,602,00000000
1780709759.981018,vcan0,600,00000000
1780709759.981141,vcan0,601,99000000
1780709759.981217,vcan0,602,00000000
1780709760.033636,vcan0,600,00000000
1780709760.033861,vcan0,601,A5000000
1780709760.034007,vcan0,602,00000000
1780709760.034133,vcan0,603,01000000
1780709760.034280,vcan0,604,00
1780709760.034434,vcan0,605,00
1780709760.049297,vcan0,600,00000000
1780709760.049470,vcan0,601,7F000000
1780709760.049584,vcan0,602,00000000
1780709760.064978,vcan0,600,00000000
1780709760.065116,vcan0,601,7F000000
1780709760.065230,vcan0,602,00000000
1780709760.065343,vcan0,607,00
1780709760.081157,vcan0,600,00000000
1780709760.081290,vcan0,601,7F000000
1780709760.081363,vcan0,602,19000000
1780709760.138490,vcan0,600,00000000
1780709760.138660,vcan0,601,7F000000
1780709760.138766,vcan0,602,33000000
1780709760.138842,vcan0,603,01000000
1780709760.138914,vcan0,604,00
1780709760.138980,vcan0,605,00
1780709760.154213,vcan0,600,00000000
1780709760.154380,vcan0,601,7F000000
1780709760.154567,vcan0,602,4C000000
1780709760.170172,vcan0,600,00000000
1780709760.170302,vcan0,601,7F000000
1780709760.170376,vcan0,602,66000000
1780709760.170481,vcan0,607,00
1780709760.186094,vcan0,600,00000000
1780709760.186219,vcan0,601,7F000000
1780709760.186294,vcan0,602,7F000000
1780709760.242894,vcan0,600,00000000
1780709760.243034,vcan0,601,7F000000
1780709760.243111,vcan0,602,99000000
1780709760.243188,vcan0,603,01000000
1780709760.243257,vcan0,604,00
1780709760.243327,vcan0,605,00
1780709760.258163,vcan0,600,00000000
1780709760.258271,vcan0,601,8C000000
1780709760.258346,vcan0,602,B2000000
1780709760.274066,vcan0,600,00000000
1780709760.274214,vcan0,601,8C000000
1780709760.274291,vcan0,602,CC000000
1780709760.274372,vcan0,607,00
1780709760.289914,vcan0,600,00000000
1780709760.290026,vcan0,601,8C000000
1780709760.290096,vcan0,602,E5000000
1780709760.306048,vcan0,600,00000000
1780709760.306189,vcan0,601,8C000000
1780709760.306306,vcan0,602,FF000000
1780709760.306427,vcan0,603,01000000
1780709760.306576,vcan0,604,00
1780709760.306700,vcan0,605,00
1780709760.355147,vcan0,600,00000000
1780709760.355305,vcan0,601,8C000000
1780709760.355403,vcan0,602,FF000000
1780709760.371164,vcan0,600,00000000
1780709760.371307,vcan0,601,8C000000
1780709760.371386,vcan0,602,FF000000
1780709760.371478,vcan0,603,01000000
1780709760.371558,vcan0,604,00
1780709760.371646,vcan0,605,00
1780709760.387085,vcan0,600,00000000
1780709760.387213,vcan0,601,8C000000
1780709760.387286,vcan0,602,FF000000
1780709760.387361,vcan0,607,00
1780709760.403059,vcan0,600,00000000
1780709760.403182,vcan0,601,8C000000
1780709760.403261,vcan0,602,FF000000
1780709760.457568,vcan0,600,00000000
1780709760.457734,vcan0,601,99000000
1780709760.457836,vcan0,602,FF000000
1780709760.457943,vcan0,603,01000000
1780709760.458052,vcan0,604,00
1780709760.458153,vcan0,605,00
1780709760.473196,vcan0,600,00000000
1780709760.473327,vcan0,601,7F000000
1780709760.473404,vcan0,602,FF000000
1780709760.489052,vcan0,600,00000000
1780709760.489159,vcan0,601,7F000000
1780709760.489233,vcan0,602,FF000000
1780709760.489311,vcan0,607,00
1780709760.505065,vcan0,600,00000000
1780709760.505174,vcan0,601,7F000000
1780709760.505253,vcan0,602,FF000000
1780709760.564593,vcan0,600,00000000
1780709760.564741,vcan0,601,7F000000
1780709760.564837,vcan0,602,FF000000
1780709760.564931,vcan0,603,01000000
1780709760.565012,vcan0,604,00
1780709760.565083,vcan0,605,00
1780709760.580031,vcan0,600,00000000
1780709760.580172,vcan0,601,7F000000
1780709760.580258,vcan0,602,FF000000
1780709760.595932,vcan0,600,00000000
1780709760.596053,vcan0,601,7F000000
1780709760.596137,vcan0,602,FF000000
1780709760.596224,vcan0,607,00
1780709760.612015,vcan0,600,00000000
1780709760.612142,vcan0,601,7F000000
1780709760.612234,vcan0,602,FF000000
1780709760.674626,vcan0,600,00000000
1780709760.674826,vcan0,601,7F000000
1780709760.674911,vcan0,602,00000000
1780709760.674986,vcan0,603,01000000
1780709760.675078,vcan0,604,00
1780709760.675180,vcan0,605,00
1780709760.690085,vcan0,600,00000000
1780709760.690225,vcan0,601,7F000000
1780709760.690304,vcan0,602,00000000
1780709760.705987,vcan0,600,00000000
1780709760.706114,vcan0,601,7F000000
1780709760.706184,vcan0,602,00000000
1780709760.706254,vcan0,607,00
1780709760.722041,vcan0,600,00000000
1780709760.722164,vcan0,601,7F000000
1780709760.722238,vcan0,602,00000000
1780709760.788380,vcan0,600,00000000
1780709760.788548,vcan0,601,7F000000
1780709760.788670,vcan0,602,00000000
1780709760.788774,vcan0,603,01000000
1780709760.788883,vcan0,604,00
1780709760.789001,vcan0,605,00
1780709760.804321,vcan0,600,00000000
1780709760.804509,vcan0,601,7F000000
1780709760.804610,vcan0,602,00000000
1780709760.820049,vcan0,600,00000000
1780709760.820171,vcan0,601,7F000000
1780709760.820247,vcan0,602,00000000
1780709760.820319,vcan0,607,00
1780709760.836016,vcan0,600,00000000
1780709760.836137,vcan0,601,7F000000
1780709760.836215,vcan0,602,00000000
1780709760.852054,vcan0,600,00000000
1780709760.852207,vcan0,601,7F000000
1780709760.852323,vcan0,602,00000000
1780709760.852468,vcan0,603,01000000
1780709760.852599,vcan0,604,00
1780709760.852723,vcan0,605,00
1780709760.910213,vcan0,600,00000000
1780709760.910421,vcan0,601,7F000000
1780709760.910573,vcan0,602,00000000
1780709760.910730,vcan0,603,01000000
1780709760.910873,vcan0,604,00
1780709760.910971,vcan0,605,00
1780709760.925068,vcan0,600,00000000
1780709760.925209,vcan0,601,7F000000
1780709760.925316,vcan0,602,00000000
1780709760.925399,vcan0,607,00
1780709760.940927,vcan0,600,00000000
1780709760.941043,vcan0,601,7F000000
1780709760.941126,vcan0,602,00000000
1780709760.957030,vcan0,600,00000000
1780709760.957165,vcan0,601,8C000000
1780709760.957268,vcan0,602,00000000
1780709761.022237,vcan0,600,00000000
1780709761.022383,vcan0,601,7F000000
1780709761.022517,vcan0,602,19000000
1780709761.022619,vcan0,603,01000000
1780709761.022724,vcan0,604,00
1780709761.022846,vcan0,605,00
1780709761.038016,vcan0,600,00000000
1780709761.038138,vcan0,601,7F000000
1780709761.038212,vcan0,602,33000000
1780709761.038285,vcan0,607,00
1780709761.054108,vcan0,600,00000000
1780709761.054242,vcan0,601,7F000000
1780709761.054323,vcan0,602,4C000000
1780709761.070114,vcan0,600,00000000
1780709761.070239,vcan0,601,7F000000
1780709761.070321,vcan0,602,66000000
1780709761.135829,vcan0,600,00000000
1780709761.135956,vcan0,601,7F000000
1780709761.136056,vcan0,602,7F000000
1780709761.136139,vcan0,603,01000000
1780709761.136212,vcan0,604,00
1780709761.136278,vcan0,605,00
1780709761.151329,vcan0,600,00000000
1780709761.151508,vcan0,601,7F000000
1780709761.151610,vcan0,602,99000000
1780709761.151712,vcan0,607,00
1780709761.167054,vcan0,600,00000000
1780709761.167188,vcan0,601,7F000000
1780709761.167262,vcan0,602,B2000000
1780709761.183054,vcan0,600,00000000
1780709761.183191,vcan0,601,7F000000
1780709761.183266,vcan0,602,CC000000
1780709761.249419,vcan0,600,00000000
1780709761.249606,vcan0,601,7F000000
1780709761.249719,vcan0,602,E5000000
1780709761.249829,vcan0,603,01000000
1780709761.249947,vcan0,604,00
1780709761.250071,vcan0,605,00
1780709761.265529,vcan0,600,00000000
1780709761.265690,vcan0,601,7F000000
1780709761.265796,vcan0,602,FF000000
1780709761.265897,vcan0,607,00
1780709761.281170,vcan0,600,00000000
1780709761.281299,vcan0,601,7F000000
1780709761.281375,vcan0,602,FF000000
1780709761.297169,vcan0,600,00000000
1780709761.297281,vcan0,601,7F000000
1780709761.297352,vcan0,602,FF000000
1780709761.313060,vcan0,600,00000000
1780709761.313173,vcan0,601,7F000000
1780709761.313252,vcan0,602,FF000000
1780709761.313322,vcan0,603,01000000
1780709761.313395,vcan0,604,00
1780709761.313479,vcan0,605,00
1780709761.369832,vcan0,600,00000000
1780709761.369994,vcan0,601,7F000000
1780709761.370109,vcan0,602,FF000000
1780709761.370230,vcan0,603,01000000
1780709761.370336,vcan0,604,00
1780709761.370422,vcan0,605,00
1780709761.370535,vcan0,607,00
1780709761.385229,vcan0,600,00000000
1780709761.385354,vcan0,601,7F000000
1780709761.385429,vcan0,602,FF000000
1780709761.401288,vcan0,600,00000000
1780709761.401439,vcan0,601,7F000000
1780709761.401564,vcan0,602,FF000000
1780709761.417026,vcan0,600,00000000
1780709761.417137,vcan0,601,7F000000
1780709761.417208,vcan0,602,FF000000
1780709761.478623,vcan0,600,00000000
1780709761.478835,vcan0,601,7F000000
1780709761.478944,vcan0,602,FF000000
1780709761.479053,vcan0,603,01000000
1780709761.479158,vcan0,604,00
1780709761.479267,vcan0,605,00
1780709761.479386,vcan0,607,00
1780709761.494087,vcan0,600,00000000
1780709761.494349,vcan0,601,7F000000
1780709761.494468,vcan0,602,FF000000
1780709761.510155,vcan0,600,00000000
1780709761.510332,vcan0,601,7F000000
1780709761.510406,vcan0,602,FF000000
1780709761.526012,vcan0,600,00000000
1780709761.526264,vcan0,601,7F000000
1780709761.526363,vcan0,602,FF000000
1780709761.587268,vcan0,600,00000000
1780709761.587400,vcan0,601,7F000000
1780709761.587631,vcan0,602,FF000000
1780709761.587809,vcan0,603,01000000
1780709761.587891,vcan0,604,00
1780709761.587962,vcan0,605,00
1780709761.588050,vcan0,607,00
1780709761.603182,vcan0,600,00000000
1780709761.603306,vcan0,601,7F000000
1780709761.603421,vcan0,602,FF000000
1780709761.619059,vcan0,600,00000000
1780709761.619183,vcan0,601,7F000000
1780709761.619265,vcan0,602,FF000000
1780709761.635097,vcan0,600,00000000
1780709761.635218,vcan0,601,7F000000
1780709761.635304,vcan0,602,FF000000
1780709761.695633,vcan0,600,00000000
1780709761.695750,vcan0,601,7F000000
1780709761.695824,vcan0,602,FF000000
1780709761.695898,vcan0,603,01000000
1780709761.695979,vcan0,604,00
1780709761.696079,vcan0,605,00
1780709761.696181,vcan0,607,00
1780709761.711140,vcan0,600,00000000
1780709761.711272,vcan0,601,7F000000
1780709761.711347,vcan0,602,FF000000
1780709761.727041,vcan0,600,00000000
1780709761.727159,vcan0,601,7F000000
1780709761.727228,vcan0,602,FF000000
1780709761.743034,vcan0,600,00000000
1780709761.743145,vcan0,601,7F000000
1780709761.743217,vcan0,602,FF000000
1780709761.799138,vcan0,600,00000000
1780709761.799276,vcan0,601,7F000000
1780709761.799355,vcan0,602,FF000000
1780709761.799426,vcan0,603,01000000
1780709761.799531,vcan0,604,00
1780709761.799627,vcan0,605,00
1780709761.799722,vcan0,607,00
1780709761.814054,vcan0,600,00000000
1780709761.814359,vcan0,601,7F000000
1780709761.814459,vcan0,602,FF000000
1780709761.829986,vcan0,600,00000000
1780709761.830118,vcan0,601,7F000000
1780709761.830222,vcan0,602,FF000000
1780709761.846058,vcan0,600,00000000
1780709761.846173,vcan0,601,7F000000
1780709761.846245,vcan0,602,FF000000
1780709761.904765,vcan0,600,00000000
1780709761.904928,vcan0,601,7F000000
1780709761.905053,vcan0,602,FF000000
1780709761.905162,vcan0,603,01000000
1780709761.905263,vcan0,604,00
1780709761.905363,vcan0,605,00
1780709761.905490,vcan0,607,00
1780709761.920003,vcan0,600,00000000
1780709761.920145,vcan0,601,7F000000
1780709761.920220,vcan0,602,FF000000
1780709761.936055,vcan0,600,00000000
1780709761.936198,vcan0,601,7F000000
1780709761.936271,vcan0,602,FF000000
1780709761.952081,vcan0,600,00000000
1780709761.952202,vcan0,601,7F000000
1780709761.952282,vcan0,602,FF000000
1780709762.005866,vcan0,600,00000000
1780709762.006077,vcan0,601,7F000000
1780709762.006193,vcan0,602,FF000000
1780709762.006311,vcan0,603,01000000
1780709762.006414,vcan0,604,00
1780709762.006544,vcan0,605,00
1780709762.006659,vcan0,607,00
1780709762.021130,vcan0,600,00000000
1780709762.021285,vcan0,601,7F000000
1780709762.021373,vcan0,602,FF000000
1780709762.037162,vcan0,600,00000000
1780709762.037289,vcan0,601,7F000000
1780709762.037377,vcan0,602,FF000000
1780709762.053013,vcan0,600,00000000
1780709762.053150,vcan0,601,7F000000
1780709762.053242,vcan0,602,FF000000
1780709762.103007,vcan0,600,00000000
1780709762.103158,vcan0,601,7F000000
1780709762.103267,vcan0,602,FF000000
1780709762.103374,vcan0,603,01000000
1780709762.103508,vcan0,604,00
1780709762.103626,vcan0,605,00
1780709762.118105,vcan0,600,00000000
1780709762.118248,vcan0,601,7F000000
1780709762.118328,vcan0,602,FF000000
1780709762.118415,vcan0,607,00
1780709762.134287,vcan0,600,00000000
1780709762.134491,vcan0,601,8C000000
1780709762.134571,vcan0,602,FF000000
1780709762.150051,vcan0,600,00000000
1780709762.150227,vcan0,601,8C000000
1780709762.150306,vcan0,602,FF000000
1780709762.201794,vcan0,600,00000000
1780709762.201989,vcan0,601,8C000000
1780709762.202109,vcan0,602,FF000000
1780709762.202214,vcan0,603,01000000
1780709762.202332,vcan0,604,00
1780709762.202480,vcan0,605,00
1780709762.217008,vcan0,600,00000000
1780709762.217137,vcan0,601,8C000000
1780709762.217239,vcan0,602,FF000000
1780709762.233035,vcan0,600,00000000
1780709762.233143,vcan0,601,8C000000
1780709762.233215,vcan0,602,FF000000
1780709762.233289,vcan0,607,00
1780709762.248996,vcan0,600,00000000
1780709762.249108,vcan0,601,8C000000
1780709762.249183,vcan0,602,FF000000
1780709762.296190,vcan0,600,00000000
1780709762.296343,vcan0,601,8C000000
1780709762.296434,vcan0,602,FF000000
1780709762.296551,vcan0,603,01000000
1780709762.296624,vcan0,604,00
1780709762.296693,vcan0,605,00
1780709762.312080,vcan0,600,00000000
1780709762.312213,vcan0,601,8C000000
1780709762.312285,vcan0,602,FF000000
1780709762.328055,vcan0,600,00000000
1780709762.328171,vcan0,601,99000000
1780709762.328244,vcan0,602,FF000000
1780709762.344003,vcan0,600,00000000
1780709762.344124,vcan0,601,99000000
1780709762.344207,vcan0,602,FF000000
1780709762.344283,vcan0,607,00
1780709762.390801,vcan0,600,00000000
1780709762.390957,vcan0,601,99000000
1780709762.391067,vcan0,602,FF000000
1780709762.391170,vcan0,603,01000000
1780709762.391282,vcan0,604,00
1780709762.391400,vcan0,605,00
1780709762.406033,vcan0,600,00000000
1780709762.406162,vcan0,601,99000000
1780709762.406233,vcan0,602,FF000000
1780709762.422032,vcan0,600,00000000
1780709762.422136,vcan0,601,99000000
1780709762.422208,vcan0,602,FF000000
1780709762.438070,vcan0,600,00000000
1780709762.438181,vcan0,601,99000000
1780709762.438257,vcan0,602,FF000000
1780709762.483183,vcan0,600,00000000
1780709762.483392,vcan0,601,99000000
1780709762.483557,vcan0,602,FF000000
1780709762.483658,vcan0,603,01000000
1780709762.483747,vcan0,604,00
1780709762.483925,vcan0,605,00
1780709762.484024,vcan0,607,00
1780709762.498175,vcan0,600,00000000
1780709762.498325,vcan0,601,99000000
1780709762.498430,vcan0,602,FF000000
1780709762.514040,vcan0,600,00000000
1780709762.514150,vcan0,601,99000000
1780709762.514219,vcan0,602,FF000000
1780709762.530035,vcan0,600,00000000
1780709762.530153,vcan0,601,A5000000
1780709762.530227,vcan0,602,FF000000
1780709762.579597,vcan0,600,00000000
1780709762.579833,vcan0,601,A5000000
1780709762.579942,vcan0,602,FF000000
1780709762.580047,vcan0,603,01000000
1780709762.580147,vcan0,604,00
1780709762.580235,vcan0,605,00
1780709762.595196,vcan0,600,00000000
1780709762.595333,vcan0,601,A5000000
1780709762.595423,vcan0,602,FF000000
1780709762.595547,vcan0,607,00
1780709762.610957,vcan0,600,00000000
1780709762.611081,vcan0,601,A5000000
1780709762.611164,vcan0,602,FF000000
1780709762.627064,vcan0,600,00000000
1780709762.627203,vcan0,601,A5000000
1780709762.627290,vcan0,602,FF000000
1780709762.658858,vcan0,600,00000000
1780709762.659030,vcan0,601,A5000000
1780709762.659120,vcan0,602,FF000000
1780709762.659211,vcan0,603,01000000
1780709762.659325,vcan0,604,00
1780709762.659428,vcan0,605,00
1780709762.674128,vcan0,600,00000000
1780709762.674272,vcan0,601,A5000000
1780709762.674367,vcan0,602,FF000000
1780709762.690178,vcan0,600,00000000
1780709762.690315,vcan0,601,A5000000
1780709762.690401,vcan0,602,FF000000
1780709762.706002,vcan0,600,00000000
1780709762.706127,vcan0,601,A5000000
1780709762.706213,vcan0,602,FF000000
1780709762.706303,vcan0,607,00
1780709762.737427,vcan0,600,00000000
1780709762.737671,vcan0,601,B2000000
1780709762.737796,vcan0,602,FF000000
1780709762.737886,vcan0,603,01000000
1780709762.737978,vcan0,604,00
1780709762.738057,vcan0,605,00
1780709762.753303,vcan0,600,00000000
1780709762.753418,vcan0,601,7F000000
1780709762.753523,vcan0,602,FF000000
1780709762.769084,vcan0,600,00000000
1780709762.769208,vcan0,601,7F000000
1780709762.769281,vcan0,602,FF000000
1780709762.785079,vcan0,600,00000000
1780709762.785212,vcan0,601,7F000000
1780709762.785284,vcan0,602,FF000000
1780709762.822052,vcan0,600,00000000
1780709762.822222,vcan0,601,7F000000
1780709762.822348,vcan0,602,FF000000
1780709762.822490,vcan0,603,01000000
1780709762.822607,vcan0,604,00
1780709762.822706,vcan0,605,00
1780709762.822839,vcan0,607,00
1780709762.837074,vcan0,600,00000000
1780709762.837236,vcan0,601,7F000000
1780709762.837334,vcan0,602,FF000000
1780709762.853080,vcan0,600,00000000
1780709762.853226,vcan0,601,7F000000
1780709762.853316,vcan0,602,FF000000
1780709762.869026,vcan0,600,00000000
1780709762.869151,vcan0,601,7F000000
1780709762.869226,vcan0,602,FF000000
1780709762.895765,vcan0,600,00000000
1780709762.895945,vcan0,601,7F000000
1780709762.896032,vcan0,602,FF000000
1780709762.896121,vcan0,603,01000000
1780709762.896210,vcan0,604,00
1780709762.896283,vcan0,605,00
1780709762.911136,vcan0,600,00000000
1780709762.911249,vcan0,601,7F000000
1780709762.911322,vcan0,602,FF000000
1780709762.927088,vcan0,600,00000000
1780709762.927213,vcan0,601,7F000000
1780709762.927289,vcan0,602,FF000000
1780709762.927369,vcan0,607,00
1780709762.942888,vcan0,600,00000000
1780709762.943000,vcan0,601,7F000000
1780709762.943073,vcan0,602,FF000000
1780709762.964344,vcan0,600,00000000
1780709762.964574,vcan0,601,7F000000
1780709762.964686,vcan0,602,FF000000
1780709762.964789,vcan0,603,01000000
1780709762.964868,vcan0,604,00
1780709762.964960,vcan0,605,00
1780709762.979055,vcan0,600,00000000
1780709762.979184,vcan0,601,7F000000
1780709762.979258,vcan0,602,FF000000
1780709762.995100,vcan0,600,00000000
1780709762.995228,vcan0,601,7F000000
1780709762.995302,vcan0,602,FF000000
1780709763.010915,vcan0,600,00000000
1780709763.011008,vcan0,601,7F000000
1780709763.011080,vcan0,602,FF000000
1780709763.032744,vcan0,600,00000000
1780709763.032993,vcan0,601,7F000000
1780709763.033100,vcan0,602,FF000000
1780709763.033214,vcan0,603,01000000
1780709763.033296,vcan0,604,00
1780709763.033372,vcan0,605,00
1780709763.033469,vcan0,607,00
1780709763.048235,vcan0,600,00000000
1780709763.048400,vcan0,601,7F000000
1780709763.048533,vcan0,602,FF000000
1780709763.064086,vcan0,600,00000000
1780709763.064209,vcan0,601,7F000000
1780709763.064282,vcan0,602,FF000000
1780709763.080027,vcan0,600,00000000
1780709763.080147,vcan0,601,7F000000
1780709763.080229,vcan0,602,FF000000
1780709763.104364,vcan0,600,00000000
1780709763.104516,vcan0,601,7F000000
1780709763.104591,vcan0,602,FF000000
1780709763.104683,vcan0,603,01000000
1780709763.104759,vcan0,604,00
1780709763.104830,vcan0,605,00
1780709763.120154,vcan0,600,00000000
1780709763.120289,vcan0,601,7F000000
1780709763.120366,vcan0,602,FF000000
1780709763.136091,vcan0,600,00000000
1780709763.136207,vcan0,601,7F000000
1780709763.136286,vcan0,602,FF000000
1780709763.136364,vcan0,607,00
1780709763.152098,vcan0,600,00000000
1780709763.152222,vcan0,601,7F000000
1780709763.152296,vcan0,602,FF000000
1780709763.171547,vcan0,600,00000000
1780709763.171699,vcan0,601,7F000000
1780709763.171796,vcan0,602,FF000000
1780709763.171901,vcan0,603,01000000
1780709763.172009,vcan0,604,00
1780709763.172103,vcan0,605,00
1780709763.187068,vcan0,600,00000000
1780709763.187182,vcan0,601,7F000000
1780709763.187252,vcan0,602,FF000000
1780709763.203100,vcan0,600,00000000
1780709763.203230,vcan0,601,7F000000
1780709763.203305,vcan0,602,FF000000
1780709763.219083,vcan0,600,00000000
1780709763.219196,vcan0,601,7F000000
1780709763.219264,vcan0,602,FF000000
1780709763.238829,vcan0,600,00000000
1780709763.238992,vcan0,601,7F000000
1780709763.239094,vcan0,602,FF000000
1780709763.239205,vcan0,603,01000000
1780709763.239299,vcan0,604,00
1780709763.239393,vcan0,605,00
1780709763.239529,vcan0,607,00
1780709763.254095,vcan0,600,00000000
1780709763.254214,vcan0,601,7F000000
1780709763.254312,vcan0,602,FF000000
1780709763.270071,vcan0,600,00000000
1780709763.270169,vcan0,601,7F000000
1780709763.270234,vcan0,602,FF000000
1780709763.286109,vcan0,600,00000000
1780709763.286246,vcan0,601,7F000000
1780709763.286355,vcan0,602,FF000000
1780709763.306527,vcan0,600,00000000
1780709763.306718,vcan0,601,7F000000
1780709763.306834,vcan0,602,FF000000
1780709763.306960,vcan0,603,01000000
1780709763.307073,vcan0,604,00
1780709763.307187,vcan0,605,00
1780709763.322181,vcan0,600,00000000
1780709763.322346,vcan0,601,7F000000
1780709763.322472,vcan0,602,FF000000
1780709763.338168,vcan0,600,00000000
1780709763.338287,vcan0,601,7F000000
1780709763.338361,vcan0,602,00000000
1780709763.354002,vcan0,600,00000000
1780709763.354112,vcan0,601,7F000000
1780709763.354192,vcan0,602,00000000
1780709763.354268,vcan0,607,00
1780709763.372860,vcan0,600,00000000
1780709763.373054,vcan0,601,7F000000
1780709763.373136,vcan0,602,00000000
1780709763.373221,vcan0,603,01000000
1780709763.373330,vcan0,604,00
1780709763.373424,vcan0,605,00
1780709763.388130,vcan0,600,00000000
1780709763.388249,vcan0,601,7F000000
1780709763.388322,vcan0,602,00000000
1780709763.404100,vcan0,600,00000000
1780709763.404224,vcan0,601,7F000000
1780709763.404298,vcan0,602,00000000
1780709763.419959,vcan0,600,00000000
1780709763.420067,vcan0,601,7F000000
1780709763.420134,vcan0,602,00000000
1780709763.437493,vcan0,600,00000000
1780709763.437635,vcan0,601,7F000000
1780709763.437729,vcan0,602,00000000
1780709763.437830,vcan0,603,01000000
1780709763.437938,vcan0,604,00
1780709763.438037,vcan0,605,00
1780709763.453062,vcan0,600,00000000
1780709763.453184,vcan0,601,7F000000
1780709763.453255,vcan0,602,00000000
1780709763.469233,vcan0,600,00000000
1780709763.469384,vcan0,601,7F000000
1780709763.469519,vcan0,602,19000000
1780709763.469634,vcan0,607,00
1780709763.484998,vcan0,600,00000000
1780709763.485105,vcan0,601,7F000000
1780709763.485192,vcan0,602,33000000
1780709763.501519,vcan0,600,00000000
1780709763.501694,vcan0,601,7F000000
1780709763.501808,vcan0,602,4C000000
1780709763.501916,vcan0,603,01000000
1780709763.502015,vcan0,604,00
1780709763.502111,vcan0,605,00
1780709763.517131,vcan0,600,00000000
1780709763.517258,vcan0,601,72000000
1780709763.517362,vcan0,602,66000000
1780709763.533101,vcan0,600,00000000
1780709763.533213,vcan0,601,72000000
1780709763.533293,vcan0,602,7F000000
1780709763.548901,vcan0,600,00000000
1780709763.548996,vcan0,601,72000000
1780709763.549065,vcan0,602,99000000
1780709763.565937,vcan0,600,00000000
1780709763.566086,vcan0,601,72000000
1780709763.566184,vcan0,602,B2000000
1780709763.566261,vcan0,603,01000000
1780709763.566333,vcan0,604,00
1780709763.566426,vcan0,605,00
1780709763.581143,vcan0,600,00000000
1780709763.581267,vcan0,601,72000000
1780709763.581341,vcan0,602,CC000000
1780709763.581420,vcan0,607,00
1780709763.597111,vcan0,600,00000000
1780709763.597232,vcan0,601,72000000
1780709763.597308,vcan0,602,E5000000
1780709763.613098,vcan0,600,00000000
1780709763.613216,vcan0,601,72000000
1780709763.613291,vcan0,602,FF000000
1780709763.633149,vcan0,600,00000000
1780709763.633316,vcan0,601,72000000
1780709763.633431,vcan0,602,FF000000
1780709763.633568,vcan0,603,01000000
1780709763.633671,vcan0,604,00
1780709763.633774,vcan0,605,00
1780709763.648101,vcan0,600,00000000
1780709763.648222,vcan0,601,72000000
1780709763.648297,vcan0,602,FF000000
1780709763.664087,vcan0,600,00000000
1780709763.664210,vcan0,601,72000000
1780709763.664284,vcan0,602,FF000000
1780709763.679956,vcan0,600,00000000
1780709763.680059,vcan0,601,7F000000
1780709763.680130,vcan0,602,FF000000
1780709763.697296,vcan0,600,00000000
1780709763.697471,vcan0,601,7F000000
1780709763.697577,vcan0,602,FF000000
1780709763.697704,vcan0,603,01000000
1780709763.697794,vcan0,604,00
1780709763.697899,vcan0,605,00
1780709763.697986,vcan0,607,00
1780709763.713122,vcan0,600,00000000
1780709763.713245,vcan0,601,7F000000
1780709763.713326,vcan0,602,FF000000
1780709763.729102,vcan0,600,00000000
1780709763.729220,vcan0,601,7F000000
1780709763.729294,vcan0,602,FF000000
1780709763.744992,vcan0,600,00000000
1780709763.745097,vcan0,601,7F000000
1780709763.745166,vcan0,602,FF000000
1780709763.762252,vcan0,600,00000000
1780709763.762433,vcan0,601,7F000000
1780709763.762557,vcan0,602,FF000000
1780709763.762698,vcan0,603,01000000
1780709763.762799,vcan0,604,00
1780709763.762910,vcan0,605,00
1780709763.778172,vcan0,600,00000000
1780709763.778302,vcan0,601,7F000000
1780709763.778376,vcan0,602,FF000000
1780709763.794162,vcan0,600,00000000
1780709763.794270,vcan0,601,7F000000
1780709763.794348,vcan0,602,FF000000
1780709763.809888,vcan0,600,00000000
1780709763.809982,vcan0,601,7F000000
1780709763.810056,vcan0,602,FF000000
1780709763.810131,vcan0,607,00
1780709763.827539,vcan0,600,00000000
1780709763.827714,vcan0,601,7F000000
1780709763.827818,vcan0,602,FF000000
1780709763.827916,vcan0,603,01000000
1780709763.828010,vcan0,604,00
1780709763.828112,vcan0,605,00
1780709763.843113,vcan0,600,00000000
1780709763.843238,vcan0,601,7F000000
1780709763.843326,vcan0,602,FF000000
1780709763.859099,vcan0,600,00000000
1780709763.859214,vcan0,601,7F000000
1780709763.859285,vcan0,602,FF000000
1780709763.874921,vcan0,600,00000000
1780709763.875015,vcan0,601,7F000000
1780709763.875083,vcan0,602,FF000000
1780709763.892831,vcan0,600,00000000
1780709763.892996,vcan0,601,72000000
1780709763.893091,vcan0,602,FF000000
1780709763.893202,vcan0,603,01000000
1780709763.893296,vcan0,604,00
1780709763.893382,vcan0,605,00
1780709763.908140,vcan0,600,00000000
1780709763.908266,vcan0,601,72000000
1780709763.908339,vcan0,602,FF000000
1780709763.924075,vcan0,600,00000000
1780709763.924186,vcan0,601,72000000
1780709763.924259,vcan0,602,FF000000
1780709763.924341,vcan0,607,00
1780709763.939906,vcan0,600,00000000
1780709763.939994,vcan0,601,72000000
1780709763.940051,vcan0,602,FF000000
1780709763.958277,vcan0,600,00000000
1780709763.958475,vcan0,601,72000000
1780709763.958591,vcan0,602,FF000000
1780709763.958697,vcan0,603,01000000
1780709763.958812,vcan0,604,00
1780709763.958924,vcan0,605,00
1780709763.972858,vcan0,600,00000000
1780709763.972924,vcan0,601,72000000
1780709763.972965,vcan0,602,FF000000
1780709763.989027,vcan0,600,00000000
1780709763.989107,vcan0,601,72000000
1780709763.989159,vcan0,602,FF000000
1780709764.004966,vcan0,600,00000000
1780709764.005037,vcan0,601,72000000
1780709764.005078,vcan0,602,FF000000
1780709764.024069,vcan0,600,00000000
1780709764.024245,vcan0,601,72000000
1780709764.024340,vcan0,602,FF000000
1780709764.024469,vcan0,603,01000000
1780709764.024589,vcan0,604,00
1780709764.024685,vcan0,605,00
1780709764.039032,vcan0,600,00000000
1780709764.039134,vcan0,601,72000000
1780709764.039193,vcan0,602,FF000000
1780709764.039258,vcan0,607,00
1780709764.055011,vcan0,600,00000000
1780709764.055098,vcan0,601,72000000
1780709764.055148,vcan0,602,FF000000
1780709764.070848,vcan0,600,00000000
1780709764.070924,vcan0,601,72000000
1780709764.070972,vcan0,602,FF000000
1780709764.089217,vcan0,600,00000000
1780709764.089383,vcan0,601,65000000
1780709764.089529,vcan0,602,FF000000
1780709764.089628,vcan0,603,01000000
1780709764.089717,vcan0,604,00
1780709764.089816,vcan0,605,00
1780709764.104091,vcan0,600,00000000
1780709764.104184,vcan0,601,65000000
1780709764.104238,vcan0,602,FF000000
1780709764.120056,vcan0,600,00000000
1780709764.120147,vcan0,601,65000000
1780709764.120204,vcan0,602,FF000000
1780709764.135831,vcan0,600,00000000
1780709764.135915,vcan0,601,65000000
1780709764.135964,vcan0,602,FF000000
1780709764.153252,vcan0,600,00000000
1780709764.153426,vcan0,601,65000000
1780709764.153566,vcan0,602,FF000000
1780709764.153668,vcan0,603,01000000
1780709764.153768,vcan0,604,00
1780709764.153876,vcan0,605,00
1780709764.154006,vcan0,607,00
1780709764.168119,vcan0,600,00000000
1780709764.168234,vcan0,601,65000000
1780709764.168301,vcan0,602,FF000000
1780709764.184057,vcan0,600,00000000
1780709764.184134,vcan0,601,65000000
1780709764.184181,vcan0,602,FF000000
1780709764.199964,vcan0,600,00000000
1780709764.200042,vcan0,601,65000000
1780709764.200087,vcan0,602,FF000000
1780709764.216197,vcan0,600,00000000
1780709764.216325,vcan0,601,7F000000
1780709764.216398,vcan0,602,FF000000
1780709764.216499,vcan0,603,01000000
1780709764.216593,vcan0,604,00
1780709764.216686,vcan0,605,00
1780709764.232066,vcan0,600,00000000
1780709764.232165,vcan0,601,7F000000
1780709764.232224,vcan0,602,FF000000
1780709764.247967,vcan0,600,00000000
1780709764.248062,vcan0,601,7F000000
1780709764.248118,vcan0,602,FF000000
1780709764.263997,vcan0,600,00000000
1780709764.264097,vcan0,601,7F000000
1780709764.264149,vcan0,602,FF000000
1780709764.264206,vcan0,607,00
1780709764.281075,vcan0,600,00000000
1780709764.281250,vcan0,601,7F000000
1780709764.281332,vcan0,602,FF000000
1780709764.281407,vcan0,603,01000000
1780709764.281500,vcan0,604,00
1780709764.281573,vcan0,605,00
1780709764.296066,vcan0,600,00000000
1780709764.296180,vcan0,601,7F000000
1780709764.296238,vcan0,602,FF000000
1780709764.312068,vcan0,600,00000000
1780709764.312167,vcan0,601,7F000000
1780709764.312221,vcan0,602,FF000000
1780709764.327953,vcan0,600,00000000
1780709764.328043,vcan0,601,7F000000
1780709764.328095,vcan0,602,FF000000
1780709764.345012,vcan0,600,00000000
1780709764.345264,vcan0,601,7F000000
1780709764.345347,vcan0,602,FF000000
1780709764.345437,vcan0,603,01000000
1780709764.345557,vcan0,604,00
1780709764.345667,vcan0,605,00
1780709764.360037,vcan0,600,00000000
1780709764.360143,vcan0,601,7F000000
1780709764.360205,vcan0,602,FF000000
1780709764.377051,vcan0,600,00000000
1780709764.377137,vcan0,601,7F000000
1780709764.377194,vcan0,602,FF000000
1780709764.377249,vcan0,607,00
1780709764.392954,vcan0,600,00000000
1780709764.393046,vcan0,601,7F000000
1780709764.393093,vcan0,602,FF000000
1780709764.409245,vcan0,600,00000000
1780709764.409673,vcan0,601,7F000000
1780709764.409919,vcan0,602,FF000000
1780709764.410053,vcan0,603,01000000
1780709764.410143,vcan0,604,00
1780709764.410220,vcan0,605,00
1780709764.425029,vcan0,600,00000000
1780709764.425119,vcan0,601,7F000000
1780709764.425181,vcan0,602,FF000000
1780709764.440981,vcan0,600,00000000
1780709764.441068,vcan0,601,7F000000
1780709764.441115,vcan0,602,FF000000
1780709764.456970,vcan0,600,00000000
1780709764.457060,vcan0,601,7F000000
1780709764.457103,vcan0,602,FF000000
1780709764.473123,vcan0,600,00000000
1780709764.473298,vcan0,601,7F000000
1780709764.473390,vcan0,602,FF000000
1780709764.473494,vcan0,603,01000000
1780709764.473588,vcan0,604,00
1780709764.473681,vcan0,605,00
1780709764.489010,vcan0,600,00000000
1780709764.489132,vcan0,601,7F000000
1780709764.489214,vcan0,602,FF000000
1780709764.489297,vcan0,607,00
1780709764.505020,vcan0,600,00000000
1780709764.505126,vcan0,601,7F000000
1780709764.505200,vcan0,602,FF000000
1780709764.520983,vcan0,600,00000000
1780709764.521093,vcan0,601,7F000000
1780709764.521165,vcan0,602,FF000000
1780709764.537259,vcan0,600,00000000
1780709764.537435,vcan0,601,7F000000
1780709764.537574,vcan0,602,FF000000
1780709764.537683,vcan0,603,01000000
1780709764.537777,vcan0,604,00
1780709764.537861,vcan0,605,00
1780709764.553123,vcan0,600,00000000
1780709764.553295,vcan0,601,7F000000
1780709764.553401,vcan0,602,FF000000
1780709764.569123,vcan0,600,00000000
1780709764.569243,vcan0,601,7F000000
1780709764.569314,vcan0,602,FF000000
1780709764.585030,vcan0,600,00000000
1780709764.585154,vcan0,601,72000000
1780709764.585230,vcan0,602,FF000000
1780709764.603719,vcan0,600,00000000
1780709764.603900,vcan0,601,72000000
1780709764.604000,vcan0,602,FF000000
1780709764.604097,vcan0,603,01000000
1780709764.604195,vcan0,604,00
1780709764.604285,vcan0,605,00
1780709764.604381,vcan0,607,00
1780709764.619119,vcan0,600,00000000
1780709764.619270,vcan0,601,72000000
1780709764.619357,vcan0,602,FF000000
1780709764.635061,vcan0,600,00000000
1780709764.635195,vcan0,601,72000000
1780709764.635287,vcan0,602,FF000000
1780709764.651066,vcan0,600,00000000
1780709764.651183,vcan0,601,7F000000
1780709764.651263,vcan0,602,FF000000
1780709764.671365,vcan0,600,00000000
1780709764.671572,vcan0,601,7F000000
1780709764.671689,vcan0,602,FF000000
1780709764.671801,vcan0,603,01000000
1780709764.671908,vcan0,604,00
1780709764.672026,vcan0,605,00
1780709764.687068,vcan0,600,00000000
1780709764.687199,vcan0,601,7F000000
1780709764.687273,vcan0,602,FF000000
1780709764.703080,vcan0,600,00000000
1780709764.703226,vcan0,601,7F000000
1780709764.703314,vcan0,602,FF000000
1780709764.718969,vcan0,600,00000000
1780709764.719097,vcan0,601,7F000000
1780709764.719183,vcan0,602,FF000000
1780709764.719271,vcan0,607,00
1780709764.736984,vcan0,600,00000000
1780709764.737184,vcan0,601,7F000000
1780709764.737293,vcan0,602,FF000000
1780709764.737400,vcan0,603,01000000
1780709764.737526,vcan0,604,00
1780709764.737599,vcan0,605,00
1780709764.751843,vcan0,600,00000000
1780709764.751954,vcan0,601,7F000000
1780709764.752044,vcan0,602,FF000000
1780709764.768000,vcan0,600,00000000
1780709764.768091,vcan0,601,7F000000
1780709764.768156,vcan0,602,FF000000
1780709764.783951,vcan0,600,00000000
1780709764.784034,vcan0,601,7F000000
1780709764.784094,vcan0,602,FF000000
1780709764.807192,vcan0,600,00000000
1780709764.807656,vcan0,601,7F000000
1780709764.807769,vcan0,602,FF000000
1780709764.807883,vcan0,603,01000000
1780709764.807977,vcan0,604,00
1780709764.808081,vcan0,605,00
1780709764.822006,vcan0,600,00000000
1780709764.822144,vcan0,601,7F000000
1780709764.822229,vcan0,602,FF000000
1780709764.822314,vcan0,607,00
1780709764.837989,vcan0,600,00000000
1780709764.838104,vcan0,601,7F000000
1780709764.838185,vcan0,602,FF000000
1780709764.853840,vcan0,600,00000000
1780709764.853918,vcan0,601,7F000000
1780709764.853975,vcan0,602,FF000000
1780709764.871468,vcan0,600,00000000
1780709764.871620,vcan0,601,7F000000
1780709764.871700,vcan0,602,FF000000
1780709764.871776,vcan0,603,01000000
1780709764.871848,vcan0,604,00
1780709764.871963,vcan0,605,00
1780709764.887091,vcan0,600,00000000
1780709764.887284,vcan0,601,7F000000
1780709764.887413,vcan0,602,FF000000
1780709764.903087,vcan0,600,00000000
1780709764.903230,vcan0,601,7F000000
1780709764.903310,vcan0,602,FF000000
1780709764.918897,vcan0,600,00000000
1780709764.919025,vcan0,601,7F000000
1780709764.919106,vcan0,602,FF000000
1780709764.942919,vcan0,600,00000000
1780709764.943034,vcan0,601,7F000000
1780709764.943106,vcan0,602,FF000000
1780709764.943181,vcan0,603,01000000
1780709764.943265,vcan0,604,00
1780709764.943352,vcan0,605,00
1780709764.943489,vcan0,607,00
1780709764.958038,vcan0,600,00000000
1780709764.958146,vcan0,601,7F000000
1780709764.958196,vcan0,602,FF000000
1780709764.972988,vcan0,600,00000000
1780709764.973072,vcan0,601,7F000000
1780709764.973120,vcan0,602,FF000000
1780709764.989009,vcan0,600,00000000
1780709764.989112,vcan0,601,7F000000
1780709764.989162,vcan0,602,FF000000
1780709765.018207,vcan0,600,00000000
1780709765.018379,vcan0,601,7F000000
1780709765.018536,vcan0,602,FF000000
1780709765.018657,vcan0,603,01000000
1780709765.018758,vcan0,604,00
1780709765.018858,vcan0,605,00
1780709765.032999,vcan0,600,00000000
1780709765.033084,vcan0,601,7F000000
1780709765.033126,vcan0,602,FF000000
1780709765.049016,vcan0,600,00000000
1780709765.049098,vcan0,601,7F000000
1780709765.049134,vcan0,602,FF000000
1780709765.049176,vcan0,607,00
1780709765.064827,vcan0,600,00000000
1780709765.064905,vcan0,601,7F000000
1780709765.064948,vcan0,602,FF000000
1780709765.090578,vcan0,600,00000000
1780709765.090682,vcan0,601,7F000000
1780709765.090736,vcan0,602,FF000000
1780709765.090786,vcan0,603,01000000
1780709765.090830,vcan0,604,00
1780709765.090872,vcan0,605,00
1780709765.105984,vcan0,600,00000000
1780709765.106095,vcan0,601,7F000000
1780709765.106136,vcan0,602,FF000000
1780709765.121981,vcan0,600,00000000
1780709765.122059,vcan0,601,7F000000
1780709765.122099,vcan0,602,FF000000
1780709765.160679,vcan0,600,00000000
1780709765.160790,vcan0,601,7F000000
1780709765.160839,vcan0,602,FF000000
1780709765.160893,vcan0,603,01000000
1780709765.160934,vcan0,604,00
1780709765.160977,vcan0,605,00
1780709765.161034,vcan0,607,00
1780709765.175966,vcan0,600,00000000
1780709765.176044,vcan0,601,7F000000
1780709765.176088,vcan0,602,FF000000
1780709765.191969,vcan0,600,00000000
1780709765.192051,vcan0,601,7F000000
1780709765.192095,vcan0,602,FF000000
1780709765.230179,vcan0,600,00000000
1780709765.230297,vcan0,601,7F000000
1780709765.230374,vcan0,602,FF000000
1780709765.230427,vcan0,603,01000000
1780709765.230490,vcan0,604,00
1780709765.230535,vcan0,605,00
1780709765.246100,vcan0,600,00000000
1780709765.246216,vcan0,601,7F000000
1780709765.246273,vcan0,602,FF000000
1780709765.261860,vcan0,600,00000000
1780709765.261933,vcan0,601,7F000000
1780709765.261989,vcan0,602,FF000000
1780709765.262041,vcan0,607,00
1780709765.277914,vcan0,600,00000000
1780709765.278004,vcan0,601,7F000000
1780709765.278062,vcan0,602,FF000000
1780709765.317904,vcan0,600,00000000
1780709765.318053,vcan0,601,7F000000
1780709765.318235,vcan0,602,FF000000
1780709765.318302,vcan0,603,01000000
1780709765.318468,vcan0,604,00
1780709765.318535,vcan0,605,00
1780709765.332988,vcan0,600,00000000
1780709765.333100,vcan0,601,7F000000
1780709765.333156,vcan0,602,FF000000
1780709765.349112,vcan0,600,00000000
1780709765.349227,vcan0,601,7F000000
1780709765.349283,vcan0,602,FF000000
1780709765.391264,vcan0,600,00000000
1780709765.391374,vcan0,601,7F000000
1780709765.391430,vcan0,602,FF000000
1780709765.391514,vcan0,603,01000000
1780709765.391572,vcan0,604,00
1780709765.391622,vcan0,605,00
1780709765.391675,vcan0,607,00
1780709765.406822,vcan0,600,00000000
1780709765.406909,vcan0,601,7F000000
1780709765.406964,vcan0,602,FF000000
1780709765.423068,vcan0,600,00000000
1780709765.423182,vcan0,601,7F000000
1780709765.423241,vcan0,602,FF000000
1780709765.438829,vcan0,600,00000000
1780709765.438912,vcan0,601,7F000000
1780709765.438966,vcan0,602,FF000000
1780709765.472869,vcan0,600,00000000
1780709765.473078,vcan0,601,7F000000
1780709765.473202,vcan0,602,FF000000
1780709765.473325,vcan0,603,01000000
1780709765.473415,vcan0,604,00
1780709765.473589,vcan0,605,00
1780709765.488005,vcan0,600,00000000
1780709765.488088,vcan0,601,7F000000
1780709765.488139,vcan0,602,FF000000
1780709765.503943,vcan0,600,00000000
1780709765.504042,vcan0,601,7F000000
1780709765.504106,vcan0,602,FF000000
1780709765.504172,vcan0,607,00
1780709765.520039,vcan0,600,00000000
1780709765.520137,vcan0,601,7F000000
1780709765.520201,vcan0,602,FF000000
1780709765.548241,vcan0,600,00000000
1780709765.548323,vcan0,601,7F000000
1780709765.548366,vcan0,602,FF000000
1780709765.548406,vcan0,603,01000000
1780709765.548499,vcan0,604,00
1780709765.548554,vcan0,605,00
1780709765.563958,vcan0,600,00000000
1780709765.564036,vcan0,601,7F000000
1780709765.564084,vcan0,602,FF000000
1780709765.580023,vcan0,600,00000000
1780709765.580108,vcan0,601,7F000000
1780709765.580152,vcan0,602,FF000000
1780709765.595850,vcan0,600,00000000
1780709765.595910,vcan0,601,7F000000
1780709765.595948,vcan0,602,FF000000
1780709765.617358,vcan0,600,00000000
1780709765.617544,vcan0,601,7F000000
1780709765.617655,vcan0,602,FF000000
1780709765.617776,vcan0,603,01000000
1780709765.617875,vcan0,604,00
1780709765.617978,vcan0,605,00
1780709765.618083,vcan0,607,00
1780709765.632904,vcan0,600,00000000
1780709765.633050,vcan0,601,7F000000
1780709765.633111,vcan0,602,FF000000
1780709765.649015,vcan0,600,00000000
1780709765.649114,vcan0,601,7F000000
1780709765.649169,vcan0,602,FF000000
1780709765.664810,vcan0,600,00000000
1780709765.664894,vcan0,601,7F000000
1780709765.664955,vcan0,602,FF000000
1780709765.684042,vcan0,600,00000000
1780709765.684282,vcan0,601,7F000000
1780709765.684378,vcan0,602,FF000000
1780709765.684484,vcan0,603,01000000
1780709765.684579,vcan0,604,00
1780709765.684671,vcan0,605,00
1780709765.698999,vcan0,600,00000000
1780709765.699095,vcan0,601,7F000000
1780709765.699146,vcan0,602,FF000000
1780709765.715026,vcan0,600,00000000
1780709765.715120,vcan0,601,7F000000
1780709765.715186,vcan0,602,FF000000
1780709765.731067,vcan0,600,00000000
1780709765.731154,vcan0,601,7F000000
1780709765.731205,vcan0,602,FF000000
1780709765.731275,vcan0,607,00
1780709765.751213,vcan0,600,00000000
1780709765.751364,vcan0,601,7F000000
1780709765.751527,vcan0,602,FF000000
1780709765.751634,vcan0,603,01000000
1780709765.751735,vcan0,604,00
1780709765.751832,vcan0,605,00
1780709765.766872,vcan0,600,00000000
1780709765.766984,vcan0,601,7F000000
1780709765.767045,vcan0,602,FF000000
1780709765.783007,vcan0,600,00000000
1780709765.783116,vcan0,601,7F000000
1780709765.783178,vcan0,602,FF000000
1780709765.799051,vcan0,600,00000000
1780709765.799150,vcan0,601,7F000000
1780709765.799211,vcan0,602,FF000000
1780709765.823923,vcan0,600,00000000
1780709765.824048,vcan0,601,7F000000
1780709765.824104,vcan0,602,FF000000
1780709765.824155,vcan0,603,01000000
1780709765.824203,vcan0,604,00
1780709765.824261,vcan0,605,00
1780709765.839037,vcan0,600,00000000
1780709765.839129,vcan0,601,7F000000
1780709765.839171,vcan0,602,FF000000
1780709765.839225,vcan0,607,00
1780709765.855032,vcan0,600,00000000
1780709765.855171,vcan0,601,7F000000
1780709765.855250,vcan0,602,FF000000
1780709765.871052,vcan0,600,00000000
1780709765.871193,vcan0,601,7F000000
1780709765.871285,vcan0,602,FF000000
1780709765.890298,vcan0,600,00000000
1780709765.890480,vcan0,601,7F000000
1780709765.890586,vcan0,602,FF000000
1780709765.890694,vcan0,603,01000000
1780709765.890771,vcan0,604,00
1780709765.890840,vcan0,605,00
1780709765.906147,vcan0,600,00000000
1780709765.906312,vcan0,601,7F000000
1780709765.906430,vcan0,602,FF000000
1780709765.922068,vcan0,600,00000000
1780709765.922167,vcan0,601,7F000000
1780709765.922225,vcan0,602,FF000000
1780709765.937968,vcan0,600,00000000
1780709765.938071,vcan0,601,7F000000
1780709765.938124,vcan0,602,FF000000
1780709765.961027,vcan0,600,00000000
1780709765.961182,vcan0,601,7F000000
1780709765.961278,vcan0,602,FF000000
1780709765.961368,vcan0,603,01000000
1780709765.961480,vcan0,604,00
1780709765.961571,vcan0,605,00
1780709765.961661,vcan0,607,00
1780709765.975163,vcan0,600,00000000
1780709765.975275,vcan0,601,7F000000
1780709765.975346,vcan0,602,FF000000
1780709765.991010,vcan0,600,00000000
1780709765.991101,vcan0,601,7F000000
1780709765.991156,vcan0,602,FF000000
1780709766.006937,vcan0,600,00000000
1780709766.007015,vcan0,601,7F000000
1780709766.007063,vcan0,602,FF000000
1780709766.033047,vcan0,600,00000000
1780709766.033207,vcan0,601,7F000000
1780709766.033342,vcan0,602,FF000000
1780709766.033479,vcan0,603,01000000
1780709766.033583,vcan0,604,00
1780709766.033675,vcan0,605,00
1780709766.047971,vcan0,600,00000000
1780709766.048100,vcan0,601,7F000000
1780709766.048177,vcan0,602,FF000000
1780709766.064026,vcan0,600,00000000
1780709766.064136,vcan0,601,72000000
1780709766.064203,vcan0,602,FF000000
1780709766.064269,vcan0,607,00
1780709766.080029,vcan0,600,00000000
1780709766.080112,vcan0,601,72000000
1780709766.080181,vcan0,602,FF000000
1780709766.101520,vcan0,600,00000000
1780709766.101724,vcan0,601,72000000
1780709766.101823,vcan0,602,FF000000
1780709766.101903,vcan0,603,01000000
1780709766.101975,vcan0,604,00
1780709766.102042,vcan0,605,00
1780709766.117063,vcan0,600,00000000
1780709766.117245,vcan0,601,72000000
1780709766.117325,vcan0,602,FF000000
1780709766.133018,vcan0,600,00000000
1780709766.133109,vcan0,601,7F000000
1780709766.133177,vcan0,602,FF000000
1780709766.148947,vcan0,600,00000000
1780709766.149038,vcan0,601,7F000000
1780709766.149095,vcan0,602,FF000000
1780709766.174596,vcan0,600,00000000
1780709766.174819,vcan0,601,7F000000
1780709766.174968,vcan0,602,FF000000
1780709766.175070,vcan0,603,01000000
1780709766.175197,vcan0,604,00
1780709766.175324,vcan0,605,00
1780709766.175426,vcan0,607,00
1780709766.190098,vcan0,600,00000000
1780709766.190234,vcan0,601,7F000000
1780709766.190333,vcan0,602,FF000000
1780709766.206004,vcan0,600,00000000
1780709766.206097,vcan0,601,7F000000
1780709766.206164,vcan0,602,FF000000
1780709766.221897,vcan0,600,00000000
1780709766.221982,vcan0,601,7F000000
1780709766.222030,vcan0,602,FF000000
1780709766.247339,vcan0,60D,08000000
1780709766.247554,vcan0,600,33000000
1780709766.247685,vcan0,601,7F000000
1780709766.247807,vcan0,602,FF000000
1780709766.247906,vcan0,603,01000000
1780709766.248024,vcan0,604,00
1780709766.248152,vcan0,605,00
1780709766.263061,vcan0,600,66000000
1780709766.263163,vcan0,601,7F000000
1780709766.263223,vcan0,602,FF000000
1780709766.278964,vcan0,600,99000000
1780709766.279039,vcan0,601,7F000000
1780709766.279081,vcan0,602,FF000000
1780709766.279125,vcan0,607,00
1780709766.294795,vcan0,600,CC000000
1780709766.294873,vcan0,601,7F000000
1780709766.294924,vcan0,602,FF000000
1780709766.318136,vcan0,600,FF000000
1780709766.318290,vcan0,601,7F000000
1780709766.318416,vcan0,602,FF000000
1780709766.318545,vcan0,603,01000000
1780709766.318623,vcan0,604,00
1780709766.318736,vcan0,605,00
1780709766.333052,vcan0,600,FF000000
1780709766.333188,vcan0,601,7F000000
1780709766.333275,vcan0,602,FF000000
1780709766.348982,vcan0,600,FF000000
1780709766.349090,vcan0,601,7F000000
1780709766.349157,vcan0,602,FF000000
1780709766.364993,vcan0,600,FF000000
1780709766.365087,vcan0,601,7F000000
1780709766.365146,vcan0,602,FF000000
1780709766.391236,vcan0,600,FF000000
1780709766.391379,vcan0,601,7F000000
1780709766.391514,vcan0,602,FF000000
1780709766.391618,vcan0,603,01000000
1780709766.391704,vcan0,604,00
1780709766.391796,vcan0,605,00
1780709766.391894,vcan0,607,00
1780709766.407012,vcan0,600,FF000000
1780709766.407119,vcan0,601,7F000000
1780709766.407179,vcan0,602,FF000000
1780709766.423012,vcan0,600,FF000000
1780709766.423120,vcan0,601,7F000000
1780709766.423196,vcan0,602,FF000000
1780709766.439027,vcan0,600,FF000000
1780709766.439150,vcan0,601,7F000000
1780709766.439228,vcan0,602,FF000000
1780709766.462009,vcan0,600,FF000000
1780709766.462179,vcan0,601,7F000000
1780709766.462260,vcan0,602,FF000000
1780709766.462358,vcan0,603,01000000
1780709766.462471,vcan0,604,00
1780709766.462572,vcan0,605,00
1780709766.476980,vcan0,600,FF000000
1780709766.477074,vcan0,601,7F000000
1780709766.477127,vcan0,602,FF000000
1780709766.493037,vcan0,600,FF000000
1780709766.493140,vcan0,601,7F000000
1780709766.493186,vcan0,602,FF000000
1780709766.493236,vcan0,607,00
1780709766.508966,vcan0,600,FF000000
1780709766.509054,vcan0,601,7F000000
1780709766.509101,vcan0,602,FF000000
1780709766.536389,vcan0,600,FF000000
1780709766.536567,vcan0,601,7F000000
1780709766.536637,vcan0,602,FF000000
1780709766.536706,vcan0,603,01000000
1780709766.536769,vcan0,604,00
1780709766.536838,vcan0,605,00
1780709766.551808,vcan0,600,FF000000
1780709766.551877,vcan0,601,7F000000
1780709766.551917,vcan0,602,FF000000
1780709766.568195,vcan0,600,FF000000
1780709766.568296,vcan0,601,7F000000
1780709766.568356,vcan0,602,FF000000
1780709766.583788,vcan0,600,FF000000
1780709766.583958,vcan0,601,7F000000
1780709766.584016,vcan0,602,FF000000
1780709766.610082,vcan0,600,FF000000
1780709766.610210,vcan0,601,7F000000
1780709766.610276,vcan0,602,FF000000
1780709766.610343,vcan0,603,01000000
1780709766.610404,vcan0,604,00
1780709766.610481,vcan0,605,00
1780709766.610560,vcan0,607,00
1780709766.624997,vcan0,600,FF000000
1780709766.625078,vcan0,601,7F000000
1780709766.625127,vcan0,602,FF000000
1780709766.640820,vcan0,600,FF000000
1780709766.640893,vcan0,601,7F000000
1780709766.640940,vcan0,602,FF000000
1780709766.656953,vcan0,600,FF000000
1780709766.657039,vcan0,601,7F000000
1780709766.657094,vcan0,602,FF000000
1780709766.689214,vcan0,600,FF000000
1780709766.689429,vcan0,601,7F000000
1780709766.689597,vcan0,602,FF000000
1780709766.689683,vcan0,603,01000000
1780709766.689761,vcan0,604,00
1780709766.689818,vcan0,605,00
1780709766.703883,vcan0,600,FF000000
1780709766.703973,vcan0,601,7F000000
1780709766.704027,vcan0,602,FF000000
1780709766.719936,vcan0,600,FF000000
1780709766.720025,vcan0,601,7F000000
1780709766.720075,vcan0,602,FF000000
1780709766.720137,vcan0,607,00
1780709766.759207,vcan0,600,FF000000
1780709766.759332,vcan0,601,7F000000
1780709766.759405,vcan0,602,FF000000
1780709766.759507,vcan0,603,01000000
1780709766.759590,vcan0,604,00
1780709766.759659,vcan0,605,00
1780709766.774820,vcan0,600,FF000000
1780709766.774875,vcan0,601,7F000000
1780709766.774912,vcan0,602,FF000000
1780709766.790824,vcan0,600,FF000000
1780709766.790891,vcan0,601,7F000000
1780709766.790924,vcan0,602,FF000000
1780709766.806738,vcan0,600,FF000000
1780709766.806790,vcan0,601,7F000000
1780709766.806819,vcan0,602,FF000000
1780709766.822755,vcan0,600,FF000000
1780709766.822808,vcan0,601,7F000000
1780709766.822836,vcan0,602,FF000000
1780709766.822863,vcan0,603,01000000
1780709766.822890,vcan0,604,00
1780709766.822918,vcan0,605,00
1780709766.822948,vcan0,607,00
1780709766.838764,vcan0,600,FF000000
1780709766.838831,vcan0,601,7F000000
1780709766.838866,vcan0,602,FF000000
1780709766.854863,vcan0,600,FF000000
1780709766.854920,vcan0,601,7F000000
1780709766.854953,vcan0,602,FF000000
1780709766.870727,vcan0,600,FF000000
1780709766.870781,vcan0,601,7F000000
1780709766.870806,vcan0,602,FF000000
1780709766.931005,vcan0,600,FF000000
1780709766.931197,vcan0,601,7F000000
1780709766.931305,vcan0,602,FF000000
1780709766.931438,vcan0,603,01000000
1780709766.931575,vcan0,604,00
1780709766.931688,vcan0,605,00
1780709766.931782,vcan0,607,00
1780709766.946068,vcan0,600,FF000000
1780709766.946181,vcan0,601,7F000000
1780709766.946244,vcan0,602,FF000000
1780709766.961798,vcan0,600,FF000000
1780709766.961863,vcan0,601,7F000000
1780709766.961905,vcan0,602,FF000000
1780709766.977062,vcan0,600,FF000000
1780709766.977160,vcan0,601,7F000000
1780709766.977226,vcan0,602,FF000000
1780709767.015072,vcan0,600,FF000000
1780709767.015262,vcan0,601,7F000000
1780709767.015344,vcan0,602,FF000000
1780709767.015424,vcan0,603,01000000
1780709767.015547,vcan0,604,00
1780709767.015622,vcan0,605,00
1780709767.030091,vcan0,600,FF000000
1780709767.030201,vcan0,601,7F000000
1780709767.030258,vcan0,602,FF000000
1780709767.045774,vcan0,600,FF000000
1780709767.045842,vcan0,601,7F000000
1780709767.045884,vcan0,602,FF000000
1780709767.045928,vcan0,607,00
1780709767.061998,vcan0,600,FF000000
1780709767.062091,vcan0,601,7F000000
1780709767.062145,vcan0,602,FF000000
1780709767.093975,vcan0,600,FF000000
1780709767.094112,vcan0,601,7F000000
1780709767.094188,vcan0,602,FF000000
1780709767.094267,vcan0,603,01000000
1780709767.094342,vcan0,604,00
1780709767.094416,vcan0,605,00
1780709767.109006,vcan0,600,FF000000
1780709767.109083,vcan0,601,7F000000
1780709767.109122,vcan0,602,FF000000
1780709767.125010,vcan0,600,FF000000
1780709767.125081,vcan0,601,7F000000
1780709767.125120,vcan0,602,FF000000
1780709767.140814,vcan0,600,FF000000
1780709767.140891,vcan0,601,7F000000
1780709767.140938,vcan0,602,FF000000
1780709767.167065,vcan0,600,FF000000
1780709767.167316,vcan0,601,7F000000
1780709767.167413,vcan0,602,FF000000
1780709767.167544,vcan0,603,01000000
1780709767.167713,vcan0,604,00
1780709767.167827,vcan0,605,00
1780709767.167929,vcan0,607,00
1780709767.182053,vcan0,600,FF000000
1780709767.182144,vcan0,601,7F000000
1780709767.182216,vcan0,602,FF000000
1780709767.198049,vcan0,600,FF000000
1780709767.198176,vcan0,601,7F000000
1780709767.198257,vcan0,602,FF000000
1780709767.213998,vcan0,600,FF000000
1780709767.214138,vcan0,601,7F000000
1780709767.214236,vcan0,602,FF000000
1780709767.239957,vcan0,600,FF000000
1780709767.240193,vcan0,601,7F000000
1780709767.240279,vcan0,602,FF000000
1780709767.240364,vcan0,603,01000000
1780709767.240475,vcan0,604,00
1780709767.240557,vcan0,605,00
1780709767.255043,vcan0,600,FF000000
1780709767.255175,vcan0,601,7F000000
1780709767.255238,vcan0,602,FF000000
1780709767.271126,vcan0,600,FF000000
1780709767.271228,vcan0,601,7F000000
1780709767.271285,vcan0,602,FF000000
1780709767.271348,vcan0,607,00
1780709767.307055,vcan0,600,FF000000
1780709767.307132,vcan0,601,7F000000
1780709767.307178,vcan0,602,FF000000
1780709767.307219,vcan0,603,01000000
1780709767.307257,vcan0,604,00
1780709767.307293,vcan0,605,00
1780709767.322886,vcan0,600,FF000000
1780709767.322969,vcan0,601,7F000000
1780709767.323020,vcan0,602,FF000000
1780709767.339173,vcan0,600,FF000000
1780709767.339275,vcan0,601,7F000000
1780709767.339333,vcan0,602,FF000000
1780709767.355050,vcan0,600,FF000000
1780709767.355203,vcan0,601,7F000000
1780709767.355287,vcan0,602,FF000000
1780709767.387292,vcan0,600,FF000000
1780709767.387440,vcan0,601,7F000000
1780709767.387572,vcan0,602,FF000000
1780709767.387671,vcan0,603,01000000
1780709767.387763,vcan0,604,00
1780709767.387851,vcan0,605,00
1780709767.387940,vcan0,607,00
1780709767.403196,vcan0,600,FF000000
1780709767.403357,vcan0,601,7F000000
1780709767.403474,vcan0,602,FF000000
1780709767.419057,vcan0,600,FF000000
1780709767.419164,vcan0,601,7F000000
1780709767.419255,vcan0,602,FF000000
1780709767.435068,vcan0,600,FF000000
1780709767.435190,vcan0,601,7F000000
1780709767.435262,vcan0,602,FF000000
1780709767.461950,vcan0,600,FF000000
1780709767.462114,vcan0,601,7F000000
1780709767.462226,vcan0,602,FF000000
1780709767.462325,vcan0,603,01000000
1780709767.462427,vcan0,604,00
1780709767.462560,vcan0,605,00
1780709767.477218,vcan0,600,FF000000
1780709767.477392,vcan0,601,7F000000
1780709767.477519,vcan0,602,FF000000
1780709767.493099,vcan0,600,FF000000
1780709767.493251,vcan0,601,7F000000
1780709767.493370,vcan0,602,FF000000
1780709767.493505,vcan0,607,00
1780709767.509072,vcan0,600,FF000000
1780709767.509178,vcan0,601,7F000000
1780709767.509246,vcan0,602,FF000000
1780709767.534865,vcan0,600,FF000000
1780709767.535025,vcan0,601,7F000000
1780709767.535124,vcan0,602,FF000000
1780709767.535223,vcan0,603,01000000
1780709767.535323,vcan0,604,00
1780709767.535426,vcan0,605,00
1780709767.550053,vcan0,600,FF000000
1780709767.550185,vcan0,601,7F000000
1780709767.550257,vcan0,602,FF000000
1780709767.565986,vcan0,600,FF000000
1780709767.566090,vcan0,601,7F000000
1780709767.566153,vcan0,602,FF000000
1780709767.582055,vcan0,600,FF000000
1780709767.582152,vcan0,601,7F000000
1780709767.582213,vcan0,602,FF000000
1780709767.606108,vcan0,600,FF000000
1780709767.606273,vcan0,601,7F000000
1780709767.606371,vcan0,602,FF000000
1780709767.606492,vcan0,603,01000000
1780709767.606572,vcan0,604,00
1780709767.606645,vcan0,605,00
1780709767.606773,vcan0,607,00
1780709767.621078,vcan0,600,FF000000
1780709767.621196,vcan0,601,7F000000
1780709767.621277,vcan0,602,FF000000
1780709767.637014,vcan0,600,FF000000
1780709767.637105,vcan0,601,7F000000
1780709767.637169,vcan0,602,FF000000
1780709767.652885,vcan0,600,FF000000
1780709767.652968,vcan0,601,7F000000
1780709767.653026,vcan0,602,FF000000
1780709767.676516,vcan0,600,FF000000
1780709767.676686,vcan0,601,7F000000
1780709767.676789,vcan0,602,FF000000
1780709767.676879,vcan0,603,01000000
1780709767.676964,vcan0,604,00
1780709767.677081,vcan0,605,00
1780709767.692122,vcan0,600,FF000000
1780709767.692255,vcan0,601,7F000000
1780709767.692341,vcan0,602,FF000000
1780709767.707828,vcan0,600,FF000000
1780709767.707905,vcan0,601,7F000000
1780709767.707960,vcan0,602,FF000000
1780709767.708017,vcan0,607,00
1780709767.724051,vcan0,600,FF000000
1780709767.724152,vcan0,601,7F000000
1780709767.724207,vcan0,602,FF000000
1780709767.751875,vcan0,600,FF000000
1780709767.752271,vcan0,601,7F000000
1780709767.752463,vcan0,602,00000000
1780709767.752658,vcan0,603,01000000
1780709767.752880,vcan0,604,00
1780709767.752993,vcan0,605,00
1780709767.766957,vcan0,600,FF000000
1780709767.767094,vcan0,601,7F000000
1780709767.767249,vcan0,602,00000000
1780709767.783001,vcan0,600,FF000000
1780709767.783113,vcan0,601,7F000000
1780709767.783186,vcan0,602,00000000
1780709767.798987,vcan0,600,FF000000
1780709767.799109,vcan0,601,7F000000
1780709767.799188,vcan0,602,00000000
1780709767.823587,vcan0,600,FF000000
1780709767.823796,vcan0,601,7F000000
1780709767.823910,vcan0,602,00000000
1780709767.824016,vcan0,603,01000000
1780709767.824127,vcan0,604,00
1780709767.824234,vcan0,605,00
1780709767.824330,vcan0,607,00
1780709767.838914,vcan0,600,FF000000
1780709767.839025,vcan0,601,7F000000
1780709767.839098,vcan0,602,00000000
1780709767.855049,vcan0,600,FF000000
1780709767.855164,vcan0,601,7F000000
1780709767.855232,vcan0,602,00000000
1780709767.871134,vcan0,600,FF000000
1780709767.871269,vcan0,601,7F000000
1780709767.871346,vcan0,602,00000000
1780709767.899044,vcan0,600,FF000000
1780709767.899194,vcan0,601,7F000000
1780709767.899299,vcan0,602,00000000
1780709767.899396,vcan0,603,01000000
1780709767.899527,vcan0,604,00
1780709767.899640,vcan0,605,00
1780709767.914208,vcan0,600,FF000000
1780709767.914362,vcan0,601,7F000000
1780709767.914492,vcan0,602,00000000
1780709767.930213,vcan0,600,FF000000
1780709767.930353,vcan0,601,7F000000
1780709767.930440,vcan0,602,00000000
1780709767.930555,vcan0,607,00
1780709767.945881,vcan0,600,FF000000
1780709767.945984,vcan0,601,7F000000
1780709767.946053,vcan0,602,00000000
1780709767.968677,vcan0,600,FF000000
1780709767.968843,vcan0,601,7F000000
1780709767.969063,vcan0,602,00000000
1780709767.969160,vcan0,603,01000000
1780709767.969262,vcan0,604,00
1780709767.969438,vcan0,605,00
1780709767.982937,vcan0,600,FF000000
1780709767.983101,vcan0,601,7F000000
1780709767.983214,vcan0,602,00000000
1780709767.999202,vcan0,600,FF000000
1780709767.999324,vcan0,601,7F000000
1780709767.999395,vcan0,602,00000000
1780709768.014913,vcan0,600,FF000000
1780709768.015017,vcan0,601,7F000000
1780709768.015086,vcan0,602,00000000
1780709768.033068,vcan0,600,FF000000
1780709768.033227,vcan0,601,7F000000
1780709768.033305,vcan0,602,00000000
1780709768.033399,vcan0,603,01000000
1780709768.033529,vcan0,604,00
1780709768.033629,vcan0,605,00
1780709768.033746,vcan0,607,00
1780709768.049224,vcan0,600,FF000000
1780709768.049354,vcan0,601,7F000000
1780709768.049461,vcan0,602,00000000
1780709768.065184,vcan0,600,FF000000
1780709768.065329,vcan0,601,7F000000
1780709768.065413,vcan0,602,00000000
1780709768.080906,vcan0,600,FF000000
1780709768.081042,vcan0,601,7F000000
1780709768.081156,vcan0,602,00000000
1780709768.099827,vcan0,600,FF000000
1780709768.099971,vcan0,601,7F000000
1780709768.100074,vcan0,602,00000000
1780709768.100195,vcan0,603,01000000
1780709768.100340,vcan0,604,00
1780709768.100433,vcan0,605,00
1780709768.114986,vcan0,600,FF000000
1780709768.115105,vcan0,601,7F000000
1780709768.115183,vcan0,602,00000000
1780709768.131089,vcan0,600,FF000000
1780709768.131229,vcan0,601,7F000000
1780709768.131303,vcan0,602,00000000
1780709768.147014,vcan0,600,FF000000
1780709768.147136,vcan0,601,7F000000
1780709768.147214,vcan0,602,00000000
1780709768.147294,vcan0,607,00
1780709768.164665,vcan0,600,FF000000
1780709768.164825,vcan0,601,7F000000
1780709768.164951,vcan0,602,00000000
1780709768.165051,vcan0,603,01000000
1780709768.165149,vcan0,604,00
1780709768.165240,vcan0,605,00
1780709768.179899,vcan0,600,FF000000
1780709768.179997,vcan0,601,7F000000
1780709768.180052,vcan0,602,00000000
1780709768.195960,vcan0,600,FF000000
1780709768.196057,vcan0,601,7F000000
1780709768.196127,vcan0,602,00000000
1780709768.221906,vcan0,600,FF000000
1780709768.222048,vcan0,601,7F000000
1780709768.222153,vcan0,602,00000000
1780709768.222240,vcan0,603,01000000
1780709768.222332,vcan0,604,00
1780709768.222405,vcan0,605,00
1780709768.237208,vcan0,600,FF000000
1780709768.237348,vcan0,601,7F000000
1780709768.237424,vcan0,602,00000000
1780709768.253032,vcan0,600,FF000000
1780709768.253153,vcan0,601,7F000000
1780709768.253226,vcan0,602,00000000
1780709768.253301,vcan0,607,00
1780709768.269067,vcan0,600,FF000000
1780709768.269185,vcan0,601,7F000000
1780709768.269260,vcan0,602,00000000
1780709768.292864,vcan0,600,FF000000
1780709768.293032,vcan0,601,7F000000
1780709768.293122,vcan0,602,00000000
1780709768.293209,vcan0,603,01000000
1780709768.293294,vcan0,604,00
1780709768.293364,vcan0,605,00
1780709768.307843,vcan0,600,FF000000
1780709768.307943,vcan0,601,7F000000
1780709768.308020,vcan0,602,00000000
1780709768.324121,vcan0,600,FF000000
1780709768.324247,vcan0,601,7F000000
1780709768.324326,vcan0,602,00000000
1780709768.340161,vcan0,600,FF000000
1780709768.340287,vcan0,601,7F000000
1780709768.340367,vcan0,602,00000000
1780709768.360564,vcan0,600,FF000000
1780709768.360754,vcan0,601,7F000000
1780709768.360863,vcan0,602,00000000
1780709768.360972,vcan0,603,01000000
1780709768.361076,vcan0,604,00
1780709768.361179,vcan0,605,00
1780709768.361285,vcan0,607,00
1780709768.376929,vcan0,600,FF000000
1780709768.377073,vcan0,601,7F000000
1780709768.377174,vcan0,602,00000000
1780709768.393134,vcan0,600,FF000000
1780709768.393309,vcan0,601,7F000000
1780709768.393431,vcan0,602,00000000
1780709768.420707,vcan0,600,FF000000
1780709768.420842,vcan0,601,7F000000
1780709768.420939,vcan0,602,00000000
1780709768.421043,vcan0,603,01000000
1780709768.421130,vcan0,604,00
1780709768.421211,vcan0,605,00
1780709768.436284,vcan0,600,FF000000
1780709768.436543,vcan0,601,7F000000
1780709768.436683,vcan0,602,00000000
1780709768.452156,vcan0,600,FF000000
1780709768.452308,vcan0,601,7F000000
1780709768.452390,vcan0,602,00000000
1780709768.468107,vcan0,600,FF000000
1780709768.468229,vcan0,601,7F000000
1780709768.468306,vcan0,602,00000000
1780709768.468378,vcan0,607,00
1780709768.491129,vcan0,600,FF000000
1780709768.491325,vcan0,601,7F000000
1780709768.491432,vcan0,602,00000000
1780709768.491560,vcan0,603,01000000
1780709768.491662,vcan0,604,00
1780709768.491784,vcan0,605,00
1780709768.506092,vcan0,600,FF000000
1780709768.506200,vcan0,601,7F000000
1780709768.506270,vcan0,602,00000000
1780709768.522016,vcan0,600,FF000000
1780709768.522137,vcan0,601,7F000000
1780709768.522215,vcan0,602,00000000
1780709768.537947,vcan0,600,FF000000
1780709768.538053,vcan0,601,7F000000
1780709768.538123,vcan0,602,00000000
1780709768.560574,vcan0,600,FF000000
1780709768.560766,vcan0,601,7F000000
1780709768.560869,vcan0,602,00000000
1780709768.560983,vcan0,603,01000000
1780709768.561080,vcan0,604,00
1780709768.561173,vcan0,605,00
1780709768.575998,vcan0,600,FF000000
1780709768.576131,vcan0,601,7F000000
1780709768.576207,vcan0,602,00000000
1780709768.576283,vcan0,607,00
1780709768.592098,vcan0,600,FF000000
1780709768.592226,vcan0,601,7F000000
1780709768.592306,vcan0,602,00000000
1780709768.608156,vcan0,600,FF000000
1780709768.608289,vcan0,601,7F000000
1780709768.608376,vcan0,602,00000000
1780709768.627278,vcan0,600,FF000000
1780709768.627527,vcan0,601,7F000000
1780709768.627656,vcan0,602,00000000
1780709768.627766,vcan0,603,01000000
1780709768.627888,vcan0,604,00
1780709768.627983,vcan0,605,00
1780709768.642926,vcan0,600,FF000000
1780709768.643111,vcan0,601,7F000000
1780709768.643214,vcan0,602,00000000
1780709768.659100,vcan0,600,FF000000
1780709768.659262,vcan0,601,7F000000
1780709768.659369,vcan0,602,00000000
1780709768.674872,vcan0,600,FF000000
1780709768.674970,vcan0,601,7F000000
1780709768.675043,vcan0,602,00000000
1780709768.693126,vcan0,600,FF000000
1780709768.693952,vcan0,601,7F000000
1780709768.694155,vcan0,602,00000000
1780709768.694296,vcan0,603,01000000
1780709768.694413,vcan0,604,00
1780709768.694700,vcan0,605,00
1780709768.694810,vcan0,607,00
1780709768.707992,vcan0,600,FF000000
1780709768.708136,vcan0,601,7F000000
1780709768.708238,vcan0,602,00000000
1780709768.724064,vcan0,600,FF000000
1780709768.724175,vcan0,601,7F000000
1780709768.724253,vcan0,602,00000000
1780709768.740014,vcan0,600,FF000000
1780709768.740130,vcan0,601,7F000000
1780709768.740199,vcan0,602,00000000
1780709768.759004,vcan0,600,FF000000
1780709768.759165,vcan0,601,7F000000
1780709768.759293,vcan0,602,00000000
1780709768.759395,vcan0,603,01000000
1780709768.759515,vcan0,604,00
1780709768.759609,vcan0,605,00
1780709768.773875,vcan0,600,FF000000
1780709768.773984,vcan0,601,7F000000
1780709768.774055,vcan0,602,00000000
1780709768.790056,vcan0,600,FF000000
1780709768.790197,vcan0,601,7F000000
1780709768.790274,vcan0,602,00000000
1780709768.806109,vcan0,600,FF000000
1780709768.806243,vcan0,601,7F000000
1780709768.806327,vcan0,602,00000000
1780709768.806407,vcan0,607,00
1780709768.825034,vcan0,600,FF000000
1780709768.825167,vcan0,601,7F000000
1780709768.825263,vcan0,602,00000000
1780709768.825350,vcan0,603,01000000
1780709768.825423,vcan0,604,00
1780709768.825538,vcan0,605,00
1780709768.841323,vcan0,600,FF000000
1780709768.841521,vcan0,601,7F000000
1780709768.841644,vcan0,602,00000000
1780709768.857157,vcan0,600,FF000000
1780709768.857334,vcan0,601,7F000000
1780709768.857479,vcan0,602,00000000
1780709768.885317,vcan0,600,FF000000
1780709768.885481,vcan0,601,7F000000
1780709768.885573,vcan0,602,00000000
1780709768.885660,vcan0,603,01000000
1780709768.885743,vcan0,604,00
1780709768.885824,vcan0,605,00
1780709768.901521,vcan0,600,FF000000
1780709768.901666,vcan0,601,7F000000
1780709768.901744,vcan0,602,00000000
1780709768.916946,vcan0,600,FF000000
1780709768.917062,vcan0,601,7F000000
1780709768.917135,vcan0,602,00000000
1780709768.917344,vcan0,607,00
1780709768.933189,vcan0,600,FF000000
1780709768.933303,vcan0,601,7F000000
1780709768.933376,vcan0,602,00000000
1780709768.955597,vcan0,600,FF000000
1780709768.955820,vcan0,601,7F000000
1780709768.955937,vcan0,602,00000000
1780709768.956045,vcan0,603,01000000
1780709768.956142,vcan0,604,00
1780709768.956237,vcan0,605,00
1780709768.970263,vcan0,600,FF000000
1780709768.970418,vcan0,601,7F000000
1780709768.970554,vcan0,602,00000000
1780709768.986109,vcan0,600,FF000000
1780709768.986263,vcan0,601,7F000000
1780709768.986373,vcan0,602,00000000
1780709769.001875,vcan0,600,FF000000
1780709769.002009,vcan0,601,7F000000
1780709769.002119,vcan0,602,00000000
1780709769.020521,vcan0,600,FF000000
1780709769.020663,vcan0,601,7F000000
1780709769.020761,vcan0,602,00000000
1780709769.020857,vcan0,603,01000000
1780709769.020951,vcan0,604,00
1780709769.021043,vcan0,605,00
1780709769.021157,vcan0,607,00
1780709769.036072,vcan0,600,FF000000
1780709769.036236,vcan0,601,7F000000
1780709769.036312,vcan0,602,00000000
1780709769.052069,vcan0,600,FF000000
1780709769.052206,vcan0,601,7F000000
1780709769.052289,vcan0,602,00000000
1780709769.067894,vcan0,600,FF000000
1780709769.068016,vcan0,601,7F000000
1780709769.068119,vcan0,602,00000000
1780709769.088371,vcan0,600,FF000000
1780709769.089436,vcan0,601,7F000000
1780709769.089608,vcan0,602,00000000
1780709769.089708,vcan0,603,01000000
1780709769.089801,vcan0,604,00
1780709769.089888,vcan0,605,00
1780709769.103921,vcan0,600,FF000000
1780709769.104006,vcan0,601,7F000000
1780709769.104060,vcan0,602,00000000
1780709769.120093,vcan0,600,FF000000
1780709769.120207,vcan0,601,7F000000
1780709769.120279,vcan0,602,00000000
1780709769.159182,vcan0,600,FF000000
1780709769.159358,vcan0,601,7F000000
1780709769.159500,vcan0,602,00000000
1780709769.159631,vcan0,603,01000000
1780709769.159729,vcan0,604,00
1780709769.159831,vcan0,605,00
1780709769.159917,vcan0,607,00
1780709769.174273,vcan0,600,FF000000
1780709769.174512,vcan0,601,7F000000
1780709769.174628,vcan0,602,00000000
1780709769.189919,vcan0,600,FF000000
1780709769.190011,vcan0,601,7F000000
1780709769.190062,vcan0,602,00000000
1780709769.206093,vcan0,600,FF000000
1780709769.206207,vcan0,601,7F000000
1780709769.206285,vcan0,602,00000000
1780709769.229176,vcan0,600,FF000000
1780709769.229331,vcan0,601,7F000000
1780709769.229489,vcan0,602,00000000
1780709769.229611,vcan0,603,01000000
1780709769.229725,vcan0,604,00
1780709769.229826,vcan0,605,00
1780709769.244148,vcan0,600,FF000000
1780709769.244269,vcan0,601,7F000000
1780709769.244341,vcan0,602,00000000
1780709769.260192,vcan0,600,FF000000
1780709769.260319,vcan0,601,7F000000
1780709769.260395,vcan0,602,00000000
1780709769.260494,vcan0,607,00
1780709769.276080,vcan0,600,FF000000
1780709769.276208,vcan0,601,7F000000
1780709769.276286,vcan0,602,00000000
1780709769.296422,vcan0,600,FF000000
1780709769.296631,vcan0,601,7F000000
1780709769.296743,vcan0,602,00000000
1780709769.296823,vcan0,603,01000000
1780709769.296892,vcan0,604,00
1780709769.296957,vcan0,605,00
1780709769.312012,vcan0,600,FF000000
1780709769.312170,vcan0,601,7F000000
1780709769.312277,vcan0,602,00000000
1780709769.328072,vcan0,600,FF000000
1780709769.328187,vcan0,601,7F000000
1780709769.328259,vcan0,602,00000000
1780709769.343833,vcan0,600,FF000000
1780709769.343952,vcan0,601,7F000000
1780709769.344019,vcan0,602,00000000
1780709769.367199,vcan0,600,FF000000
1780709769.367386,vcan0,601,7F000000
1780709769.367528,vcan0,602,00000000
1780709769.367672,vcan0,603,01000000
1780709769.367806,vcan0,604,00
1780709769.367935,vcan0,605,00
1780709769.368050,vcan0,607,00
1780709769.383128,vcan0,600,FF000000
1780709769.383224,vcan0,601,7F000000
1780709769.383292,vcan0,602,00000000
1780709769.399028,vcan0,600,FF000000
1780709769.399157,vcan0,601,7F000000
1780709769.399231,vcan0,602,00000000
1780709769.414898,vcan0,60D,00000000
1780709769.415004,vcan0,600,00000000
1780709769.415078,vcan0,601,7F000000
1780709769.415149,vcan0,602,00000000
1780709769.432347,vcan0,600,00000000
1780709769.432571,vcan0,601,7F000000
1780709769.432693,vcan0,602,00000000
1780709769.432802,vcan0,603,01000000
1780709769.432904,vcan0,604,00
1780709769.433024,vcan0,605,00
1780709769.447904,vcan0,600,00000000
1780709769.448016,vcan0,601,7F000000
1780709769.448095,vcan0,602,00000000
1780709769.463969,vcan0,600,00000000
1780709769.464086,vcan0,601,7F000000
1780709769.464162,vcan0,602,00000000
1780709769.479865,vcan0,600,00000000
1780709769.479973,vcan0,601,7F000000
1780709769.480048,vcan0,602,00000000
1780709769.480119,vcan0,607,00
1780709769.499130,vcan0,600,00000000
1780709769.499338,vcan0,601,7F000000
1780709769.499429,vcan0,602,00000000
1780709769.499540,vcan0,603,01000000
1780709769.499678,vcan0,604,00
1780709769.499779,vcan0,605,00
1780709769.514109,vcan0,600,00000000
1780709769.514221,vcan0,601,7F000000
1780709769.514294,vcan0,602,00000000
1780709769.530063,vcan0,600,00000000
1780709769.530197,vcan0,601,7F000000
1780709769.530271,vcan0,602,00000000
1780709769.546002,vcan0,600,00000000
1780709769.546109,vcan0,601,7F000000
1780709769.546186,vcan0,602,00000000
1780709769.565091,vcan0,600,00000000
1780709769.565262,vcan0,601,7F000000
1780709769.565370,vcan0,602,00000000
1780709769.565514,vcan0,603,01000000
1780709769.565639,vcan0,604,00
1780709769.565736,vcan0,605,00
1780709769.580956,vcan0,600,00000000
1780709769.581111,vcan0,601,7F000000
1780709769.581219,vcan0,602,00000000
1780709769.581319,vcan0,607,00
1780709769.597054,vcan0,600,00000000
1780709769.597189,vcan0,601,7F000000
1780709769.597263,vcan0,602,00000000
1780709769.622133,vcan0,600,00000000
1780709769.622245,vcan0,601,7F000000
1780709769.622320,vcan0,602,00000000
1780709769.622391,vcan0,603,01000000
1780709769.622490,vcan0,604,00
1780709769.622572,vcan0,605,00
1780709769.638083,vcan0,600,00000000
1780709769.638226,vcan0,601,7F000000
1780709769.638300,vcan0,602,00000000
1780709769.653968,vcan0,600,00000000
1780709769.654102,vcan0,601,7F000000
1780709769.654188,vcan0,602,00000000
1780709769.669960,vcan0,600,00000000
1780709769.670085,vcan0,601,7F000000
1780709769.670182,vcan0,602,00000000
1780709769.694750,vcan0,600,00000000
1780709769.694935,vcan0,601,7F000000
1780709769.695042,vcan0,602,00000000
1780709769.695152,vcan0,603,01000000
1780709769.695254,vcan0,604,00
1780709769.695386,vcan0,605,00
1780709769.695520,vcan0,607,00
1780709769.710059,vcan0,600,00000000
1780709769.710247,vcan0,601,7F000000
1780709769.710401,vcan0,602,00000000
1780709769.726034,vcan0,600,00000000
1780709769.726301,vcan0,601,7F000000
1780709769.726478,vcan0,602,00000000
1780709769.751783,vcan0,600,00000000
1780709769.751890,vcan0,601,7F000000
1780709769.751964,vcan0,602,00000000
1780709769.752031,vcan0,603,01000000
1780709769.752107,vcan0,604,00
1780709769.752176,vcan0,605,00
1780709769.767079,vcan0,600,00000000
1780709769.767252,vcan0,601,7F000000
1780709769.767345,vcan0,602,00000000
1780709769.783072,vcan0,600,00000000
1780709769.783204,vcan0,601,7F000000
1780709769.783290,vcan0,602,00000000
1780709769.799041,vcan0,600,00000000
1780709769.799156,vcan0,601,7F000000
1780709769.799241,vcan0,602,00000000
1780709769.799319,vcan0,607,00
1780709769.821294,vcan0,60D,08000000
1780709769.821505,vcan0,600,33000000
1780709769.821640,vcan0,601,7F000000
1780709769.821744,vcan0,602,00000000
1780709769.821842,vcan0,603,01000000
1780709769.821938,vcan0,604,00
1780709769.822034,vcan0,605,00
1780709769.836951,vcan0,600,66000000
1780709769.837096,vcan0,601,7F000000
1780709769.837204,vcan0,602,00000000
1780709769.853007,vcan0,600,99000000
1780709769.853158,vcan0,601,7F000000
1780709769.853278,vcan0,602,00000000
1780709769.869018,vcan0,600,CC000000
1780709769.869142,vcan0,601,7F000000
1780709769.869218,vcan0,602,00000000
1780709769.889522,vcan0,600,FF000000
1780709769.889698,vcan0,601,7F000000
1780709769.889810,vcan0,602,00000000
1780709769.889930,vcan0,603,01000000
1780709769.890058,vcan0,604,00
1780709769.890186,vcan0,605,00
1780709769.905048,vcan0,600,FF000000
1780709769.905211,vcan0,601,7F000000
1780709769.905323,vcan0,602,00000000
1780709769.905459,vcan0,607,00
1780709769.921056,vcan0,600,FF000000
1780709769.921284,vcan0,601,7F000000
1780709769.921482,vcan0,602,00000000
1780709769.946994,vcan0,600,FF000000
1780709769.947095,vcan0,601,7F000000
1780709769.947167,vcan0,602,00000000
1780709769.947233,vcan0,603,01000000
1780709769.947302,vcan0,604,00
1780709769.947366,vcan0,605,00
1780709769.963088,vcan0,600,FF000000
1780709769.963205,vcan0,601,7F000000
1780709769.963282,vcan0,602,00000000
1780709769.977998,vcan0,600,FF000000
1780709769.978108,vcan0,601,7F000000
1780709769.978192,vcan0,602,00000000
1780709769.994034,vcan0,600,FF000000
1780709769.994178,vcan0,601,7F000000
1780709769.994257,vcan0,602,00000000
1780709770.016598,vcan0,600,FF000000
1780709770.016760,vcan0,601,7F000000
1780709770.016867,vcan0,602,00000000
1780709770.016966,vcan0,603,01000000
1780709770.017068,vcan0,604,00
1780709770.017188,vcan0,605,00
1780709770.017292,vcan0,607,00
1780709770.032047,vcan0,600,FF000000
1780709770.032212,vcan0,601,7F000000
1780709770.032300,vcan0,602,00000000
1780709770.048053,vcan0,600,FF000000
1780709770.048199,vcan0,601,7F000000
1780709770.048290,vcan0,602,00000000
1780709770.063980,vcan0,600,FF000000
1780709770.064095,vcan0,601,7F000000
1780709770.064165,vcan0,602,00000000
1780709770.081281,vcan0,600,FF000000
1780709770.081470,vcan0,601,7F000000
1780709770.081608,vcan0,602,00000000
1780709770.081729,vcan0,603,01000000
1780709770.081926,vcan0,604,00
1780709770.082190,vcan0,605,00
1780709770.096906,vcan0,600,FF000000
1780709770.097033,vcan0,601,7F000000
1780709770.097124,vcan0,602,00000000
1780709770.113040,vcan0,600,FF000000
1780709770.113180,vcan0,601,7F000000
1780709770.113250,vcan0,602,00000000
1780709770.138550,vcan0,600,FF000000
1780709770.138659,vcan0,601,7F000000
1780709770.138732,vcan0,602,00000000
1780709770.138801,vcan0,603,01000000
1780709770.138873,vcan0,604,00
1780709770.138939,vcan0,605,00
1780709770.139014,vcan0,607,00
1780709770.154041,vcan0,600,FF000000
1780709770.154138,vcan0,601,7F000000
1780709770.154204,vcan0,602,00000000
1780709770.170074,vcan0,600,FF000000
1780709770.170212,vcan0,601,7F000000
1780709770.170299,vcan0,602,00000000
1780709770.186139,vcan0,600,FF000000
1780709770.186298,vcan0,601,7F000000
1780709770.186401,vcan0,602,00000000
1780709770.210502,vcan0,600,FF000000
1780709770.210660,vcan0,601,7F000000
1780709770.210752,vcan0,602,00000000
1780709770.210849,vcan0,603,01000000
1780709770.210971,vcan0,604,00
1780709770.211095,vcan0,605,00
1780709770.225892,vcan0,60D,00000000
1780709770.226053,vcan0,600,00000000
1780709770.226133,vcan0,601,7F000000
1780709770.226204,vcan0,602,00000000
1780709770.241986,vcan0,600,00000000
1780709770.242105,vcan0,601,7F000000
1780709770.242174,vcan0,602,00000000
1780709770.242248,vcan0,607,00
1780709770.257929,vcan0,600,00000000
1780709770.258044,vcan0,601,7F000000
1780709770.258120,vcan0,602,00000000
1780709770.279334,vcan0,600,00000000
1780709770.279556,vcan0,601,7F000000
1780709770.279671,vcan0,602,00000000
1780709770.279773,vcan0,603,01000000
1780709770.279874,vcan0,604,00
1780709770.279978,vcan0,605,00
1780709770.293802,vcan0,600,00000000
1780709770.293883,vcan0,601,7F000000
1780709770.293937,vcan0,602,00000000
1780709770.309971,vcan0,600,00000000
1780709770.310082,vcan0,601,7F000000
1780709770.310162,vcan0,602,00000000
1780709770.325895,vcan0,600,00000000
1780709770.326000,vcan0,601,7F000000
1780709770.326083,vcan0,602,00000000
1780709770.342798,vcan0,600,00000000
1780709770.342971,vcan0,601,7F000000
1780709770.343074,vcan0,602,00000000
1780709770.343175,vcan0,603,01000000
1780709770.343271,vcan0,604,00
1780709770.343377,vcan0,605,00
1780709770.343528,vcan0,607,00
1780709770.358091,vcan0,600,00000000
1780709770.358235,vcan0,601,7F000000
1780709770.358310,vcan0,602,00000000
1780709770.375005,vcan0,600,00000000
1780709770.375123,vcan0,601,7F000000
1780709770.375200,vcan0,602,00000000
1780709770.390941,vcan0,600,00000000
1780709770.391060,vcan0,601,7F000000
1780709770.391139,vcan0,602,00000000
1780709770.409992,vcan0,600,00000000
1780709770.410162,vcan0,601,7F000000
1780709770.410265,vcan0,602,00000000
1780709770.410363,vcan0,603,01000000
1780709770.410484,vcan0,604,00
1780709770.410586,vcan0,605,00
1780709770.424906,vcan0,600,00000000
1780709770.425018,vcan0,601,7F000000
1780709770.425092,vcan0,602,00000000
1780709770.441042,vcan0,600,00000000
1780709770.441167,vcan0,601,7F000000
1780709770.441241,vcan0,602,00000000
1780709770.456868,vcan0,600,00000000
1780709770.456978,vcan0,601,72000000
1780709770.457051,vcan0,602,00000000
1780709770.457126,vcan0,607,00
1780709770.473720,vcan0,600,00000000
1780709770.473985,vcan0,601,72000000
1780709770.474085,vcan0,602,00000000
1780709770.474206,vcan0,603,01000000
1780709770.474322,vcan0,604,00
1780709770.474421,vcan0,605,00
1780709770.488835,vcan0,600,00000000
1780709770.488943,vcan0,601,72000000
1780709770.489014,vcan0,602,00000000
1780709770.505042,vcan0,600,00000000
1780709770.505168,vcan0,601,72000000
1780709770.505241,vcan0,602,00000000
1780709770.520823,vcan0,600,00000000
1780709770.520939,vcan0,601,72000000
1780709770.521007,vcan0,602,00000000
1780709770.538089,vcan0,600,00000000
1780709770.538259,vcan0,601,72000000
1780709770.538367,vcan0,602,00000000
1780709770.538510,vcan0,603,01000000
1780709770.538652,vcan0,604,00
1780709770.538757,vcan0,605,00
1780709770.553112,vcan0,600,00000000
1780709770.553286,vcan0,601,72000000
1780709770.553396,vcan0,602,00000000
1780709770.569044,vcan0,600,00000000
1780709770.569161,vcan0,601,72000000
1780709770.569237,vcan0,602,00000000
1780709770.569313,vcan0,607,00
1780709770.585000,vcan0,600,00000000
1780709770.585102,vcan0,601,72000000
1780709770.585177,vcan0,602,00000000
1780709770.603664,vcan0,600,00000000
1780709770.603833,vcan0,601,72000000
1780709770.603940,vcan0,602,00000000
1780709770.604055,vcan0,603,01000000
1780709770.604168,vcan0,604,00
1780709770.604267,vcan0,605,00
1780709770.618940,vcan0,600,00000000
1780709770.619065,vcan0,601,72000000
1780709770.619139,vcan0,602,00000000
1780709770.635079,vcan0,600,00000000
1780709770.635206,vcan0,601,72000000
1780709770.635279,vcan0,602,00000000
1780709770.651171,vcan0,600,00000000
1780709770.651313,vcan0,601,65000000
1780709770.651390,vcan0,602,00000000
1780709770.668797,vcan0,600,00000000
1780709770.668941,vcan0,601,65000000
1780709770.669041,vcan0,602,00000000
1780709770.669157,vcan0,603,01000000
1780709770.669291,vcan0,604,00
1780709770.669369,vcan0,605,00
1780709770.684058,vcan0,600,00000000
1780709770.684165,vcan0,601,65000000
1780709770.684235,vcan0,602,00000000
1780709770.684307,vcan0,607,00
1780709770.700023,vcan0,600,00000000
1780709770.700134,vcan0,601,7F000000
1780709770.700234,vcan0,602,00000000
1780709770.715888,vcan0,600,00000000
1780709770.716011,vcan0,601,7F000000
1780709770.716113,vcan0,602,00000000
1780709770.733295,vcan0,600,00000000
1780709770.733535,vcan0,601,7F000000
1780709770.733631,vcan0,602,00000000
1780709770.733731,vcan0,603,01000000
1780709770.733975,vcan0,604,00
1780709770.734080,vcan0,605,00
1780709770.748940,vcan0,600,00000000
1780709770.749121,vcan0,601,7F000000
1780709770.749218,vcan0,602,00000000
1780709770.765074,vcan0,600,00000000
1780709770.765191,vcan0,601,7F000000
1780709770.765264,vcan0,602,00000000
1780709770.780931,vcan0,600,00000000
1780709770.781036,vcan0,601,7F000000
1780709770.781133,vcan0,602,00000000
1780709770.797607,vcan0,600,00000000
1780709770.797823,vcan0,601,7F000000
1780709770.797911,vcan0,602,00000000
1780709770.798023,vcan0,603,01000000
1780709770.798120,vcan0,604,00
1780709770.798221,vcan0,605,00
1780709770.798333,vcan0,607,00
1780709770.812855,vcan0,600,00000000
1780709770.812970,vcan0,601,7F000000
1780709770.813034,vcan0,602,00000000
1780709770.828976,vcan0,600,00000000
1780709770.829089,vcan0,601,7F000000
1780709770.829159,vcan0,602,00000000
1780709770.853058,vcan0,600,00000000
1780709770.853198,vcan0,601,7F000000
1780709770.853279,vcan0,602,00000000
1780709770.853351,vcan0,603,01000000
1780709770.853419,vcan0,604,00
1780709770.853530,vcan0,605,00
1780709770.868952,vcan0,600,00000000
1780709770.869049,vcan0,601,7F000000
1780709770.869102,vcan0,602,00000000
1780709770.885051,vcan0,600,00000000
1780709770.885217,vcan0,601,7F000000
1780709770.885336,vcan0,602,00000000
1780709770.901305,vcan0,600,00000000
1780709770.901414,vcan0,601,7F000000
1780709770.901524,vcan0,602,00000000
1780709770.901604,vcan0,607,00
1780709770.925703,vcan0,600,00000000
1780709770.925889,vcan0,601,7F000000
1780709770.925998,vcan0,602,00000000
1780709770.926106,vcan0,603,01000000
1780709770.926207,vcan0,604,00
1780709770.926303,vcan0,605,00
1780709770.940954,vcan0,600,00000000
1780709770.941054,vcan0,601,7F000000
1780709770.941127,vcan0,602,00000000
1780709770.956982,vcan0,600,00000000
1780709770.957098,vcan0,601,7F000000
1780709770.957175,vcan0,602,00000000
1780709770.971858,vcan0,600,00000000
1780709770.971962,vcan0,601,7F000000
1780709770.972032,vcan0,602,00000000
1780709770.989313,vcan0,600,00000000
1780709770.989528,vcan0,601,7F000000
1780709770.989662,vcan0,602,00000000
1780709770.989763,vcan0,603,01000000
1780709770.989857,vcan0,604,00
1780709770.989946,vcan0,605,00
1780709771.004804,vcan0,600,00000000
1780709771.004908,vcan0,601,7F000000
1780709771.004980,vcan0,602,00000000
1780709771.005056,vcan0,607,00
1780709771.020920,vcan0,600,00000000
1780709771.021034,vcan0,601,7F000000
1780709771.021111,vcan0,602,00000000
1780709771.036990,vcan0,600,00000000
1780709771.037086,vcan0,601,7F000000
1780709771.037159,vcan0,602,00000000
1780709771.055898,vcan0,600,00000000
1780709771.056042,vcan0,601,7F000000
1780709771.056134,vcan0,602,00000000
1780709771.056212,vcan0,603,01000000
1780709771.056313,vcan0,604,00
1780709771.056413,vcan0,605,00
1780709771.071059,vcan0,60D,08000000
1780709771.071188,vcan0,600,33000000
1780709771.071266,vcan0,601,7F000000
1780709771.071334,vcan0,602,00000000
1780709771.086933,vcan0,600,66000000
1780709771.087026,vcan0,601,7F000000
1780709771.087087,vcan0,602,00000000
1780709771.102816,vcan0,600,99000000
1780709771.102929,vcan0,601,7F000000
1780709771.103000,vcan0,602,00000000
1780709771.120013,vcan0,600,CC000000
1780709771.120156,vcan0,601,7F000000
1780709771.120274,vcan0,602,00000000
1780709771.120385,vcan0,603,01000000
1780709771.120511,vcan0,604,00
1780709771.120618,vcan0,605,00
1780709771.120714,vcan0,607,00
1780709771.136009,vcan0,600,FF000000
1780709771.136140,vcan0,601,7F000000
1780709771.136211,vcan0,602,00000000
1780709771.151939,vcan0,600,FF000000
1780709771.152062,vcan0,601,7F000000
1780709771.152150,vcan0,602,00000000
1780709771.167870,vcan0,600,FF000000
1780709771.168004,vcan0,601,7F000000
1780709771.168119,vcan0,602,00000000
1780709771.187003,vcan0,600,FF000000
1780709771.187147,vcan0,601,7F000000
1780709771.187240,vcan0,602,00000000
1780709771.187332,vcan0,603,01000000
1780709771.187416,vcan0,604,00
1780709771.187527,vcan0,605,00
1780709771.201872,vcan0,600,FF000000
1780709771.201986,vcan0,601,7F000000
1780709771.202073,vcan0,602,00000000
1780709771.218067,vcan0,600,FF000000
1780709771.218204,vcan0,601,7F000000
1780709771.218292,vcan0,602,00000000
1780709771.233908,vcan0,600,FF000000
1780709771.234042,vcan0,601,7F000000
1780709771.234145,vcan0,602,00000000
1780709771.234252,vcan0,607,00
1780709771.256503,vcan0,600,FF000000
1780709771.256653,vcan0,601,7F000000
1780709771.256734,vcan0,602,00000000
1780709771.256809,vcan0,603,01000000
1780709771.256906,vcan0,604,00
1780709771.257001,vcan0,605,00
1780709771.271903,vcan0,600,FF000000
1780709771.272009,vcan0,601,7F000000
1780709771.272085,vcan0,602,00000000
1780709771.287875,vcan0,600,FF000000
1780709771.287961,vcan0,601,7F000000
1780709771.288016,vcan0,602,00000000
1780709771.303832,vcan0,600,FF000000
1780709771.303914,vcan0,601,7F000000
1780709771.303965,vcan0,602,00000000
1780709771.322266,vcan0,600,FF000000
1780709771.322419,vcan0,601,7F000000
1780709771.322567,vcan0,602,00000000
1780709771.322667,vcan0,603,01000000
1780709771.322760,vcan0,604,00
1780709771.322853,vcan0,605,00
1780709771.337760,vcan0,600,FF000000
1780709771.337827,vcan0,601,7F000000
1780709771.337872,vcan0,602,00000000
1780709771.337920,vcan0,607,00
1780709771.353953,vcan0,600,FF000000
1780709771.354035,vcan0,601,7F000000
1780709771.354081,vcan0,602,00000000
1780709771.370888,vcan0,600,FF000000
1780709771.370966,vcan0,601,7F000000
1780709771.371005,vcan0,602,00000000
1780709771.391978,vcan0,600,FF000000
1780709771.392132,vcan0,601,7F000000
1780709771.392234,vcan0,602,00000000
1780709771.392336,vcan0,603,01000000
1780709771.392466,vcan0,604,00
1780709771.392591,vcan0,605,00
1780709771.406918,vcan0,600,FF000000
1780709771.407009,vcan0,601,7F000000
1780709771.407065,vcan0,602,00000000
1780709771.422842,vcan0,600,FF000000
1780709771.422916,vcan0,601,7F000000
1780709771.422960,vcan0,602,00000000
1780709771.438944,vcan0,60D,00000000
1780709771.439030,vcan0,600,00000000
1780709771.439079,vcan0,601,7F000000
1780709771.439125,vcan0,602,00000000
1780709771.439187,vcan0,607,00
1780709771.455064,vcan0,600,00000000
1780709771.455215,vcan0,601,7F000000
1780709771.455310,vcan0,602,00000000
1780709771.455420,vcan0,603,01000000
1780709771.455549,vcan0,604,00
1780709771.455659,vcan0,605,00
1780709771.470957,vcan0,600,00000000
1780709771.471060,vcan0,601,7F000000
1780709771.471127,vcan0,602,00000000
1780709771.486900,vcan0,600,00000000
1780709771.486999,vcan0,601,7F000000
1780709771.487051,vcan0,602,00000000
1780709771.502875,vcan0,600,00000000
1780709771.502975,vcan0,601,7F000000
1780709771.503050,vcan0,602,00000000
1780709771.519499,vcan0,600,00000000
1780709771.519642,vcan0,601,7F000000
1780709771.519717,vcan0,602,00000000
1780709771.519790,vcan0,603,01000000
1780709771.519875,vcan0,604,00
1780709771.519960,vcan0,605,00
1780709771.534951,vcan0,600,00000000
1780709771.535064,vcan0,601,7F000000
1780709771.535132,vcan0,602,00000000
1780709771.550883,vcan0,600,00000000
1780709771.550980,vcan0,601,7F000000
1780709771.551037,vcan0,602,00000000
1780709771.551102,vcan0,607,00
1780709771.566891,vcan0,600,00000000
1780709771.566991,vcan0,601,7F000000
1780709771.567059,vcan0,602,00000000
1780709771.583527,vcan0,600,00000000
1780709771.583717,vcan0,601,7F000000
1780709771.583814,vcan0,602,00000000
1780709771.583903,vcan0,603,01000000
1780709771.583980,vcan0,604,00
1780709771.584067,vcan0,605,00
1780709771.598859,vcan0,600,00000000
1780709771.598968,vcan0,601,7F000000
1780709771.599030,vcan0,602,00000000
1780709771.614891,vcan0,600,00000000
1780709771.614975,vcan0,601,7F000000
1780709771.615030,vcan0,602,00000000
1780709771.630740,vcan0,600,00000000
1780709771.630806,vcan0,601,7F000000
1780709771.630846,vcan0,602,00000000
1780709771.648105,vcan0,600,00000000
1780709771.648281,vcan0,601,7F000000
1780709771.648374,vcan0,602,00000000
1780709771.648474,vcan0,603,01000000
1780709771.648571,vcan0,604,00
1780709771.648683,vcan0,605,00
1780709771.662846,vcan0,600,00000000
1780709771.662947,vcan0,601,7F000000
1780709771.663018,vcan0,602,00000000
1780709771.663111,vcan0,607,00
1780709771.678836,vcan0,600,00000000
1780709771.678914,vcan0,601,7F000000
1780709771.678960,vcan0,602,00000000
1780709771.694738,vcan0,600,00000000
1780709771.694797,vcan0,601,7F000000
1780709771.694835,vcan0,602,00000000
1780709771.713114,vcan0,600,00000000
1780709771.713299,vcan0,601,7F000000
1780709771.713420,vcan0,602,00000000
1780709771.713561,vcan0,603,01000000
1780709771.713672,vcan0,604,00
1780709771.713778,vcan0,605,00
1780709771.727828,vcan0,600,00000000
1780709771.727935,vcan0,601,7F000000
1780709771.728008,vcan0,602,00000000
1780709771.743863,vcan0,600,00000000
1780709771.743948,vcan0,601,7F000000
1780709771.743996,vcan0,602,00000000
1780709771.759851,vcan0,600,00000000
1780709771.759933,vcan0,601,7F000000
1780709771.759979,vcan0,602,00000000
1780709771.776274,vcan0,600,00000000
1780709771.776627,vcan0,601,7F000000
1780709771.776743,vcan0,602,00000000
1780709771.776857,vcan0,603,01000000
1780709771.776947,vcan0,604,00
1780709771.777030,vcan0,605,00
1780709771.777120,vcan0,607,00
1780709771.791754,vcan0,600,00000000
1780709771.791850,vcan0,601,7F000000
1780709771.791912,vcan0,602,00000000
1780709771.807844,vcan0,600,00000000
1780709771.807938,vcan0,601,7F000000
1780709771.807997,vcan0,602,00000000
1780709771.832510,vcan0,600,00000000
1780709771.832646,vcan0,601,7F000000
1780709771.832734,vcan0,602,00000000
1780709771.832819,vcan0,603,01000000
1780709771.832903,vcan0,604,00
1780709771.832995,vcan0,605,00
1780709771.847982,vcan0,600,00000000
1780709771.848075,vcan0,601,7F000000
1780709771.848131,vcan0,602,00000000
1780709771.864011,vcan0,600,00000000
1780709771.864128,vcan0,601,7F000000
1780709771.864206,vcan0,602,00000000
1780709771.879827,vcan0,600,00000000
1780709771.879937,vcan0,601,7F000000
1780709771.880004,vcan0,602,00000000
1780709771.880094,vcan0,607,00
1780709771.902710,vcan0,600,00000000
1780709771.902904,vcan0,601,7F000000
1780709771.903015,vcan0,602,00000000
1780709771.903117,vcan0,603,01000000
1780709771.903212,vcan0,604,00
1780709771.903309,vcan0,605,00
1780709771.917970,vcan0,600,00000000
1780709771.918120,vcan0,601,7F000000
1780709771.918217,vcan0,602,00000000
1780709771.934003,vcan0,600,00000000
1780709771.934157,vcan0,601,7F000000
1780709771.934254,vcan0,602,00000000
1780709771.949998,vcan0,600,00000000
1780709771.950146,vcan0,601,7F000000
1780709771.950242,vcan0,602,00000000
1780709771.974719,vcan0,600,00000000
1780709771.974910,vcan0,601,7F000000
1780709771.975024,vcan0,602,00000000
1780709771.975132,vcan0,603,01000000
1780709771.975224,vcan0,604,00
1780709771.975322,vcan0,605,00
1780709771.989866,vcan0,600,00000000
1780709771.989997,vcan0,601,7F000000
1780709771.990226,vcan0,602,00000000
1780709771.990349,vcan0,607,00
1780709772.005969,vcan0,60C,01
1780709772.006349,vcan0,600,00000000
1780709772.006434,vcan0,601,7F000000
1780709772.006552,vcan0,602,00000000
1780709772.022112,vcan0,600,00000000
1780709772.022266,vcan0,601,7F000000
1780709772.022372,vcan0,602,00000000
1780709772.042735,vcan0,600,00000000
1780709772.042906,vcan0,601,7F000000
1780709772.043015,vcan0,602,00000000
1780709772.043116,vcan0,603,01000000
1780709772.043217,vcan0,604,00
1780709772.043324,vcan0,605,00
1780709772.057939,vcan0,600,00000000
1780709772.058052,vcan0,601,7F000000
1780709772.058117,vcan0,602,00000000
1780709772.074000,vcan0,600,00000000
1780709772.074141,vcan0,601,7F000000
1780709772.074220,vcan0,602,00000000
1780709772.099232,vcan0,600,00000000
1780709772.099502,vcan0,601,7F000000
1780709772.099643,vcan0,602,00000000
1780709772.099767,vcan0,603,01000000
1780709772.099889,vcan0,604,00
1780709772.100005,vcan0,605,00
1780709772.100130,vcan0,607,00
1780709772.114827,vcan0,600,00000000
1780709772.114950,vcan0,601,7F000000
1780709772.115024,vcan0,602,00000000
1780709772.130894,vcan0,600,00000000
1780709772.131018,vcan0,601,7F000000
1780709772.131093,vcan0,602,00000000
1780709772.146934,vcan0,600,00000000
1780709772.147055,vcan0,601,7F000000
1780709772.147137,vcan0,602,00000000
1780709772.171033,vcan0,600,00000000
1780709772.171180,vcan0,601,7F000000
1780709772.171286,vcan0,602,00000000
1780709772.171394,vcan0,603,01000000
1780709772.171692,vcan0,604,00
1780709772.171776,vcan0,605,00
1780709772.186832,vcan0,600,00000000
1780709772.186958,vcan0,601,7F000000
1780709772.187028,vcan0,602,00000000
1780709772.202969,vcan0,600,00000000
1780709772.203105,vcan0,601,7F000000
1780709772.203184,vcan0,602,00000000
1780709772.203263,vcan0,607,00
1780709772.218946,vcan0,600,00000000
1780709772.219099,vcan0,601,7F000000
1780709772.219182,vcan0,602,00000000
1780709772.235656,vcan0,600,00000000
1780709772.235934,vcan0,601,7F000000
1780709772.236052,vcan0,602,00000000
1780709772.236190,vcan0,603,01000000
1780709772.236299,vcan0,604,00
1780709772.236396,vcan0,605,00
1780709772.250996,vcan0,600,00000000
1780709772.251117,vcan0,601,7F000000
1780709772.251193,vcan0,602,00000000
1780709772.266958,vcan0,600,00000000
1780709772.267076,vcan0,601,7F000000
1780709772.267155,vcan0,602,00000000
1780709772.282970,vcan0,600,00000000
1780709772.283085,vcan0,601,7F000000
1780709772.283158,vcan0,602,00000000
1780709772.302717,vcan0,600,00000000
1780709772.302912,vcan0,601,7F000000
1780709772.303024,vcan0,602,00000000
1780709772.303139,vcan0,603,01000000
1780709772.303261,vcan0,604,00
1780709772.303362,vcan0,605,00
1780709772.317857,vcan0,600,00000000
1780709772.318001,vcan0,601,7F000000
1780709772.318094,vcan0,602,00000000
1780709772.318188,vcan0,607,00
1780709772.333895,vcan0,600,00000000
1780709772.334032,vcan0,601,7F000000
1780709772.334126,vcan0,602,00000000
1780709772.349794,vcan0,600,00000000
1780709772.349915,vcan0,601,7F000000
1780709772.350011,vcan0,602,00000000
1780709772.367140,vcan0,600,00000000
1780709772.367291,vcan0,601,7F000000
1780709772.367393,vcan0,602,00000000
1780709772.367513,vcan0,603,01000000
1780709772.367608,vcan0,604,00
1780709772.367692,vcan0,605,00
1780709772.383985,vcan0,600,00000000
1780709772.384113,vcan0,601,7F000000
1780709772.384198,vcan0,602,00000000
1780709772.400138,vcan0,600,00000000
1780709772.400327,vcan0,601,7F000000
1780709772.400468,vcan0,602,00000000
1780709772.415943,vcan0,600,00000000
1780709772.416054,vcan0,601,7F000000
1780709772.416123,vcan0,602,00000000
1780709772.435201,vcan0,600,00000000
1780709772.435322,vcan0,601,7F000000
1780709772.435394,vcan0,602,00000000
1780709772.435498,vcan0,603,01000000
1780709772.435581,vcan0,604,00
1780709772.435672,vcan0,605,00
1780709772.435768,vcan0,607,00
1780709772.450820,vcan0,600,00000000
1780709772.450928,vcan0,601,7F000000
1780709772.451007,vcan0,602,00000000
1780709772.466947,vcan0,60C,01
1780709772.467217,vcan0,600,00000000
1780709772.467313,vcan0,601,7F000000
1780709772.467429,vcan0,602,00000000
1780709772.482811,vcan0,600,00000000
1780709772.482908,vcan0,601,7F000000
1780709772.482979,vcan0,602,00000000
1780709772.505424,vcan0,600,00000000
1780709772.505655,vcan0,601,7F000000
1780709772.505778,vcan0,602,00000000
1780709772.505881,vcan0,603,01000000
1780709772.505997,vcan0,604,00
1780709772.506104,vcan0,605,00
1780709772.520958,vcan0,600,00000000
1780709772.521133,vcan0,601,7F000000
1780709772.521229,vcan0,602,00000000
1780709772.537026,vcan0,600,00000000
1780709772.537188,vcan0,601,7F000000
1780709772.537283,vcan0,602,00000000
1780709772.537376,vcan0,607,00
1780709772.552883,vcan0,600,00000000
1780709772.552986,vcan0,601,7F000000
1780709772.553053,vcan0,602,00000000
1780709772.570818,vcan0,600,00000000
1780709772.570982,vcan0,601,7F000000
1780709772.571071,vcan0,602,00000000
1780709772.571162,vcan0,603,01000000
1780709772.571244,vcan0,604,00
1780709772.571324,vcan0,605,00
1780709772.585884,vcan0,600,00000000
1780709772.586027,vcan0,601,7F000000
1780709772.586100,vcan0,602,00000000
1780709772.601975,vcan0,600,00000000
1780709772.602131,vcan0,601,7F000000
1780709772.602251,vcan0,602,00000000
1780709772.617834,vcan0,600,00000000
1780709772.617970,vcan0,601,7F000000
1780709772.618070,vcan0,602,00000000
1780709772.634921,vcan0,600,00000000
1780709772.635113,vcan0,601,7F000000
1780709772.635220,vcan0,602,00000000
1780709772.635329,vcan0,603,01000000
1780709772.635419,vcan0,604,00
1780709772.635531,vcan0,605,00
1780709772.649820,vcan0,600,00000000
1780709772.649951,vcan0,601,7F000000
1780709772.650037,vcan0,602,00000000
1780709772.650128,vcan0,607,00
1780709772.665975,vcan0,600,00000000
1780709772.666113,vcan0,601,7F000000
1780709772.666213,vcan0,602,00000000
1780709772.681800,vcan0,600,00000000
1780709772.681910,vcan0,601,7F000000
1780709772.681981,vcan0,602,00000000
1780709772.698565,vcan0,600,00000000
1780709772.698719,vcan0,601,7F000000
1780709772.698822,vcan0,602,00000000
1780709772.698926,vcan0,603,01000000
1780709772.699052,vcan0,604,00
1780709772.699181,vcan0,605,00
1780709772.713923,vcan0,600,00000000
1780709772.714046,vcan0,601,7F000000
1780709772.714119,vcan0,602,00000000
1780709772.729891,vcan0,600,00000000
1780709772.729983,vcan0,601,7F000000
1780709772.730039,vcan0,602,00000000
1780709772.745752,vcan0,600,00000000
1780709772.745838,vcan0,601,7F000000
1780709772.745894,vcan0,602,00000000
1780709772.763476,vcan0,600,00000000
1780709772.763646,vcan0,601,7F000000
1780709772.763754,vcan0,602,00000000
1780709772.763867,vcan0,603,01000000
1780709772.763968,vcan0,604,00
1780709772.764071,vcan0,605,00
1780709772.764181,vcan0,607,00
1780709772.778826,vcan0,600,00000000
1780709772.778941,vcan0,601,7F000000
1780709772.779010,vcan0,602,00000000
1780709772.794981,vcan0,600,00000000
1780709772.795073,vcan0,601,7F000000
1780709772.795131,vcan0,602,00000000
1780709772.820254,vcan0,600,00000000
1780709772.820363,vcan0,601,7F000000
1780709772.820440,vcan0,602,00000000
1780709772.820562,vcan0,603,01000000
1780709772.820634,vcan0,604,00
1780709772.820701,vcan0,605,00
1780709772.836025,vcan0,600,00000000
1780709772.836152,vcan0,601,7F000000
1780709772.836226,vcan0,602,00000000
1780709772.852027,vcan0,600,00000000
1780709772.852155,vcan0,601,7F000000
1780709772.852228,vcan0,602,00000000
1780709772.868056,vcan0,600,00000000
1780709772.868187,vcan0,601,7F000000
1780709772.868264,vcan0,602,00000000
1780709772.868346,vcan0,607,00
1780709772.887349,vcan0,600,00000000
1780709772.887570,vcan0,601,7F000000
1780709772.887658,vcan0,602,00000000
1780709772.887752,vcan0,603,01000000
1780709772.887851,vcan0,604,00
1780709772.887944,vcan0,605,00
1780709772.902893,vcan0,600,00000000
1780709772.903007,vcan0,601,7F000000
1780709772.903078,vcan0,602,00000000
1780709772.919066,vcan0,600,00000000
1780709772.919230,vcan0,601,7F000000
1780709772.919330,vcan0,602,00000000
1780709772.934790,vcan0,600,00000000
1780709772.934888,vcan0,601,7F000000
1780709772.934957,vcan0,602,00000000
1780709772.952818,vcan0,600,00000000
1780709772.953034,vcan0,601,7F000000
1780709772.953162,vcan0,602,00000000
1780709772.953310,vcan0,603,01000000
1780709772.953527,vcan0,604,00
1780709772.953653,vcan0,605,00
1780709772.968032,vcan0,600,00000000
1780709772.968161,vcan0,601,7F000000
1780709772.968264,vcan0,602,00000000
1780709772.968351,vcan0,607,00
1780709772.982929,vcan0,600,00000000
1780709772.983057,vcan0,601,7F000000
1780709772.983153,vcan0,602,00000000
1780709772.998888,vcan0,600,00000000
1780709772.998999,vcan0,601,7F000000
1780709772.999082,vcan0,602,00000000
1780709773.019887,vcan0,600,00000000
1780709773.020054,vcan0,601,7F000000
1780709773.020168,vcan0,602,00000000
1780709773.020285,vcan0,603,01000000
1780709773.020386,vcan0,604,00
1780709773.020524,vcan0,605,00
1780709773.034872,vcan0,600,00000000
1780709773.034988,vcan0,601,7F000000
1780709773.035057,vcan0,602,00000000
1780709773.051056,vcan0,600,00000000
1780709773.051190,vcan0,601,7F000000
1780709773.051269,vcan0,602,00000000
1780709773.077032,vcan0,600,00000000
1780709773.077176,vcan0,601,7F000000
1780709773.077290,vcan0,602,00000000
1780709773.077397,vcan0,603,01000000
1780709773.077528,vcan0,604,00
1780709773.077651,vcan0,605,00
1780709773.077779,vcan0,607,00
1780709773.092088,vcan0,600,00000000
1780709773.092224,vcan0,601,7F000000
1780709773.092297,vcan0,602,00000000
1780709773.107906,vcan0,600,00000000
1780709773.108014,vcan0,601,7F000000
1780709773.108086,vcan0,602,00000000
1780709773.123867,vcan0,600,00000000
1780709773.123974,vcan0,601,7F000000
1780709773.124047,vcan0,602,00000000
1780709773.145104,vcan0,600,00000000
1780709773.145308,vcan0,601,7F000000
1780709773.145411,vcan0,602,00000000
1780709773.145541,vcan0,603,01000000
1780709773.145647,vcan0,604,00
1780709773.145765,vcan0,605,00
1780709773.160863,vcan0,600,00000000
1780709773.161007,vcan0,601,7F000000
1780709773.161079,vcan0,602,00000000
1780709773.177112,vcan0,600,00000000
1780709773.177249,vcan0,601,7F000000
1780709773.177327,vcan0,602,00000000
1780709773.177408,vcan0,607,00
1780709773.202741,vcan0,600,00000000
1780709773.202885,vcan0,601,7F000000
1780709773.203002,vcan0,602,00000000
1780709773.203112,vcan0,603,01000000
1780709773.203231,vcan0,604,00
1780709773.203351,vcan0,605,00
1780709773.218091,vcan0,600,00000000
1780709773.218261,vcan0,601,7F000000
1780709773.218339,vcan0,602,00000000
1780709773.233835,vcan0,600,00000000
1780709773.233955,vcan0,601,7F000000
1780709773.234029,vcan0,602,00000000
1780709773.249832,vcan0,600,00000000
1780709773.249964,vcan0,601,7F000000
1780709773.250073,vcan0,602,00000000
1780709773.271002,vcan0,60C,01
1780709773.271346,vcan0,600,00000000
1780709773.271506,vcan0,601,7F000000
1780709773.271625,vcan0,602,00000000
1780709773.271753,vcan0,603,01000000
1780709773.271875,vcan0,604,00
1780709773.271995,vcan0,605,00
1780709773.286808,vcan0,600,00000000
1780709773.286966,vcan0,601,7F000000
1780709773.287041,vcan0,602,00000000
1780709773.287112,vcan0,607,00
1780709773.303016,vcan0,600,00000000
1780709773.303167,vcan0,601,7F000000
1780709773.303244,vcan0,602,00000000
1780709773.318817,vcan0,600,00000000
1780709773.318950,vcan0,601,7F000000
1780709773.319060,vcan0,602,00000000
1780709773.337610,vcan0,600,00000000
1780709773.337871,vcan0,601,7F000000
1780709773.337970,vcan0,602,00000000
1780709773.338067,vcan0,603,01000000
1780709773.338166,vcan0,604,00
1780709773.338285,vcan0,605,00
1780709773.353012,vcan0,600,00000000
1780709773.353145,vcan0,601,7F000000
1780709773.353220,vcan0,602,00000000
1780709773.370117,vcan0,600,00000000
1780709773.370288,vcan0,601,7F000000
1780709773.370392,vcan0,602,00000000
1780709773.386023,vcan0,600,00000000
1780709773.386135,vcan0,601,7F000000
1780709773.386209,vcan0,602,00000000
1780709773.404502,vcan0,600,00000000
1780709773.404657,vcan0,601,7F000000
1780709773.404743,vcan0,602,00000000
1780709773.404814,vcan0,603,01000000
1780709773.404892,vcan0,604,00
1780709773.404978,vcan0,605,00
1780709773.405100,vcan0,607,00
1780709773.419870,vcan0,600,00000000
1780709773.419996,vcan0,601,7F000000
1780709773.420080,vcan0,602,00000000
1780709773.435991,vcan0,600,00000000
1780709773.436113,vcan0,601,7F000000
1780709773.436189,vcan0,602,00000000
1780709773.451856,vcan0,600,00000000
1780709773.451966,vcan0,601,7F000000
1780709773.452037,vcan0,602,00000000
1780709773.468289,vcan0,600,00000000
1780709773.468478,vcan0,601,7F000000
1780709773.468607,vcan0,602,00000000
1780709773.468704,vcan0,603,01000000
1780709773.468797,vcan0,604,00
1780709773.468887,vcan0,605,00
1780709773.483865,vcan0,600,00000000
1780709773.483980,vcan0,601,7F000000
1780709773.484053,vcan0,602,00000000
1780709773.499998,vcan0,600,00000000
1780709773.500121,vcan0,601,7F000000
1780709773.500195,vcan0,602,00000000
1780709773.516037,vcan0,600,00000000
1780709773.516176,vcan0,601,7F000000
1780709773.516260,vcan0,602,00000000
1780709773.516341,vcan0,607,00
1780709773.535583,vcan0,600,00000000
1780709773.535728,vcan0,601,7F000000
1780709773.535818,vcan0,602,00000000
1780709773.535908,vcan0,603,01000000
1780709773.535997,vcan0,604,00
1780709773.536097,vcan0,605,00
1780709773.550824,vcan0,600,00000000
1780709773.550952,vcan0,601,7F000000
1780709773.551029,vcan0,602,00000000
1780709773.567077,vcan0,600,00000000
1780709773.567238,vcan0,601,7F000000
1780709773.567333,vcan0,602,00000000
1780709773.583134,vcan0,600,00000000
1780709773.583289,vcan0,601,7F000000
1780709773.583372,vcan0,602,00000000
1780709773.602679,vcan0,600,00000000
1780709773.602841,vcan0,601,7F000000
1780709773.602944,vcan0,602,00000000
1780709773.603053,vcan0,603,01000000
1780709773.603171,vcan0,604,00
1780709773.603267,vcan0,605,00
1780709773.617829,vcan0,600,00000000
1780709773.617956,vcan0,601,7F000000
1780709773.618044,vcan0,602,00000000
1780709773.618139,vcan0,607,00
1780709773.633982,vcan0,600,00000000
1780709773.634118,vcan0,601,7F000000
1780709773.634209,vcan0,602,00000000
1780709773.649798,vcan0,600,00000000
1780709773.649911,vcan0,601,7F000000
1780709773.650008,vcan0,602,00000000
1780709773.670978,vcan0,600,00000000
1780709773.671131,vcan0,601,7F000000
1780709773.671225,vcan0,602,00000000
1780709773.671320,vcan0,603,01000000
1780709773.671410,vcan0,604,00
1780709773.671538,vcan0,605,00
1780709773.686295,vcan0,600,00000000
1780709773.686485,vcan0,601,7F000000
1780709773.686600,vcan0,602,00000000
1780709773.702046,vcan0,600,00000000
1780709773.702252,vcan0,601,7F000000
1780709773.702333,vcan0,602,00000000
1780709773.717937,vcan0,600,00000000
1780709773.718071,vcan0,601,7F000000
1780709773.718190,vcan0,602,00000000
1780709773.718318,vcan0,607,00
1780709773.741075,vcan0,600,00000000
1780709773.741239,vcan0,601,7F000000
1780709773.741342,vcan0,602,00000000
1780709773.741435,vcan0,603,01000000
1780709773.741566,vcan0,604,00
1780709773.741660,vcan0,605,00
1780709773.755955,vcan0,600,00000000
1780709773.756080,vcan0,601,7F000000
1780709773.756158,vcan0,602,00000000
1780709773.771989,vcan0,600,00000000
1780709773.772115,vcan0,601,7F000000
1780709773.772192,vcan0,602,00000000
1780709773.787986,vcan0,60D,00000000
1780709773.788133,vcan0,600,00000000
1780709773.788215,vcan0,601,7F000000
1780709773.788288,vcan0,602,00000000
1780709773.805961,vcan0,600,00000000
1780709773.806175,vcan0,601,7F000000
1780709773.806272,vcan0,602,00000000
1780709773.806380,vcan0,603,01000000
1780709773.806500,vcan0,604,00
1780709773.806596,vcan0,605,00
1780709773.820968,vcan0,600,00000000
1780709773.821081,vcan0,601,7F000000
1780709773.821157,vcan0,602,00000000
1780709773.821231,vcan0,607,00
1780709773.836990,vcan0,600,00000000
1780709773.837114,vcan0,601,7F000000
1780709773.837197,vcan0,602,00000000
1780709773.852780,vcan0,600,00000000
1780709773.852886,vcan0,601,7F000000
1780709773.852959,vcan0,602,00000000
1780709773.875898,vcan0,600,00000000
1780709773.876099,vcan0,601,7F000000
1780709773.876200,vcan0,602,00000000
1780709773.876304,vcan0,603,01000000
1780709773.876405,vcan0,604,00
1780709773.876529,vcan0,605,00
1780709773.890958,vcan0,600,00000000
1780709773.891077,vcan0,601,7F000000
1780709773.891146,vcan0,602,00000000
1780709773.906972,vcan0,600,00000000
1780709773.907095,vcan0,601,7F000000
1780709773.907169,vcan0,602,00000000
1780709773.922791,vcan0,600,00000000
1780709773.922898,vcan0,601,7F000000
1780709773.922973,vcan0,602,00000000
1780709773.923045,vcan0,607,00
1780709773.939883,vcan0,600,00000000
1780709773.940087,vcan0,601,7F000000
1780709773.940189,vcan0,602,00000000
1780709773.940284,vcan0,603,01000000
1780709773.940371,vcan0,604,00
1780709773.940476,vcan0,605,00
1780709773.954761,vcan0,600,00000000
1780709773.954864,vcan0,601,7F000000
1780709773.954935,vcan0,602,00000000
1780709773.970344,vcan0,600,00000000
1780709773.970489,vcan0,601,7F000000
1780709773.970566,vcan0,602,00000000
1780709773.996473,vcan0,600,00000000
1780709773.996605,vcan0,601,7F000000
1780709773.996705,vcan0,602,00000000
1780709773.996785,vcan0,603,01000000
1780709773.996856,vcan0,604,00
1780709773.996924,vcan0,605,00
1780709774.012051,vcan0,600,00000000
1780709774.012174,vcan0,601,7F000000
1780709774.012244,vcan0,602,00000000
1780709774.027898,vcan0,600,00000000
1780709774.028021,vcan0,601,7F000000
1780709774.028100,vcan0,602,00000000
1780709774.028171,vcan0,607,00
1780709774.043815,vcan0,600,00000000
1780709774.043935,vcan0,601,7F000000
1780709774.044049,vcan0,602,00000000
1780709774.064996,vcan0,600,00000000
1780709774.065178,vcan0,601,7F000000
1780709774.065277,vcan0,602,00000000
1780709774.065369,vcan0,603,01000000
1780709774.065484,vcan0,604,00
1780709774.065592,vcan0,605,00
1780709774.080803,vcan0,600,00000000
1780709774.080943,vcan0,601,7F000000
1780709774.081035,vcan0,602,00000000
1780709774.096986,vcan0,600,00000000
1780709774.097134,vcan0,601,7F000000
1780709774.097224,vcan0,602,00000000
1780709774.122177,vcan0,600,00000000
1780709774.122316,vcan0,601,7F000000
1780709774.122405,vcan0,602,00000000
1780709774.122520,vcan0,603,01000000
1780709774.122610,vcan0,604,00
1780709774.122695,vcan0,605,00
1780709774.137939,vcan0,600,00000000
1780709774.138088,vcan0,601,7F000000
1780709774.138174,vcan0,602,00000000
1780709774.138262,vcan0,607,00
1780709774.153924,vcan0,600,00000000
1780709774.154056,vcan0,601,7F000000
1780709774.154151,vcan0,602,00000000
1780709774.169810,vcan0,600,00000000
1780709774.169920,vcan0,601,7F000000
1780709774.169991,vcan0,602,00000000
1780709774.190118,vcan0,600,00000000
1780709774.190322,vcan0,601,7F000000
1780709774.190434,vcan0,602,00000000
1780709774.190617,vcan0,603,01000000
1780709774.190734,vcan0,604,00
1780709774.190858,vcan0,605,00
1780709774.205933,vcan0,600,00000000
1780709774.206085,vcan0,601,7F000000
1780709774.206162,vcan0,602,00000000
1780709774.221954,vcan0,600,00000000
1780709774.222081,vcan0,601,7F000000
1780709774.222163,vcan0,602,00000000
1780709774.237874,vcan0,600,00000000
1780709774.237994,vcan0,601,7F000000
1780709774.238068,vcan0,602,00000000
1780709774.256943,vcan0,600,00000000
1780709774.257121,vcan0,601,7F000000
1780709774.257224,vcan0,602,00000000
1780709774.257332,vcan0,603,01000000
1780709774.257466,vcan0,604,00
1780709774.258132,vcan0,605,00
1780709774.258266,vcan0,607,00
1780709774.271942,vcan0,600,00000000
1780709774.272055,vcan0,601,7F000000
1780709774.272129,vcan0,602,00000000
1780709774.287950,vcan0,600,00000000
1780709774.288074,vcan0,601,7F000000
1780709774.288152,vcan0,602,00000000
1780709774.303994,vcan0,600,00000000
1780709774.304113,vcan0,601,7F000000
1780709774.304189,vcan0,602,00000000
1780709774.321036,vcan0,600,00000000
1780709774.321258,vcan0,601,7F000000
1780709774.321365,vcan0,602,00000000
1780709774.321485,vcan0,603,01000000
1780709774.321594,vcan0,604,00
1780709774.321697,vcan0,605,00
1780709774.335898,vcan0,600,00000000
1780709774.336026,vcan0,601,7F000000
1780709774.336098,vcan0,602,00000000
1780709774.351991,vcan0,600,00000000
1780709774.352117,vcan0,601,7F000000
1780709774.352193,vcan0,602,00000000
1780709774.368982,vcan0,600,00000000
1780709774.369118,vcan0,601,7F000000
1780709774.369194,vcan0,602,00000000
1780709774.369271,vcan0,607,00
1780709774.388464,vcan0,600,00000000
1780709774.388623,vcan0,601,7F000000
1780709774.388748,vcan0,602,00000000
1780709774.388866,vcan0,603,01000000
1780709774.388969,vcan0,604,00
1780709774.389078,vcan0,605,00
1780709774.403894,vcan0,600,00000000
1780709774.404005,vcan0,601,7F000000
1780709774.404084,vcan0,602,00000000
1780709774.420068,vcan0,600,00000000
1780709774.420219,vcan0,601,7F000000
1780709774.420308,vcan0,602,00000000
1780709774.435783,vcan0,600,00000000
1780709774.435907,vcan0,601,7F000000
1780709774.435994,vcan0,602,00000000
1780709774.454066,vcan0,600,00000000
1780709774.454289,vcan0,601,7F000000
1780709774.454405,vcan0,602,00000000
1780709774.454538,vcan0,603,01000000
1780709774.454634,vcan0,604,00
1780709774.454721,vcan0,605,00
1780709774.468954,vcan0,600,00000000
1780709774.469092,vcan0,601,7F000000
1780709774.469180,vcan0,602,00000000
1780709774.485033,vcan0,600,00000000
1780709774.485138,vcan0,601,7F000000
1780709774.485211,vcan0,602,00000000
1780709774.485275,vcan0,607,00
1780709774.500964,vcan0,600,00000000
1780709774.501066,vcan0,601,7F000000
1780709774.501122,vcan0,602,00000000
1780709774.521084,vcan0,600,00000000
1780709774.521200,vcan0,601,7F000000
1780709774.521257,vcan0,602,00000000
1780709774.521310,vcan0,603,01000000
1780709774.521371,vcan0,604,00
1780709774.521425,vcan0,605,00
1780709774.535792,vcan0,600,00000000
1780709774.535866,vcan0,601,7F000000
1780709774.535902,vcan0,602,00000000
1780709774.551953,vcan0,600,00000000
1780709774.552053,vcan0,601,7F000000
1780709774.552099,vcan0,602,00000000
1780709774.578668,vcan0,600,00000000
1780709774.578755,vcan0,601,7F000000
1780709774.578799,vcan0,602,00000000
1780709774.578841,vcan0,603,01000000
1780709774.578871,vcan0,604,00
1780709774.578915,vcan0,605,00
1780709774.593919,vcan0,600,00000000
1780709774.594013,vcan0,601,7F000000
1780709774.594055,vcan0,602,00000000
1780709774.594095,vcan0,607,00
1780709774.609856,vcan0,600,00000000
1780709774.609922,vcan0,601,7F000000
1780709774.609958,vcan0,602,00000000
1780709774.625917,vcan0,600,00000000
1780709774.625992,vcan0,601,7F000000
1780709774.626024,vcan0,602,00000000
1780709774.649677,vcan0,600,00000000
1780709774.649796,vcan0,601,7F000000
1780709774.649848,vcan0,602,00000000
1780709774.649897,vcan0,603,01000000
1780709774.649947,vcan0,604,00
1780709774.649992,vcan0,605,00
1780709774.664778,vcan0,600,00000000
1780709774.664889,vcan0,601,7F000000
1780709774.664944,vcan0,602,00000000
1780709774.681163,vcan0,600,00000000
1780709774.681260,vcan0,601,7F000000
1780709774.681309,vcan0,602,00000000
1780709774.717377,vcan0,600,00000000
1780709774.717559,vcan0,601,7F000000
1780709774.717633,vcan0,602,00000000
1780709774.717699,vcan0,603,01000000
1780709774.717765,vcan0,604,00
1780709774.717831,vcan0,605,00
1780709774.717898,vcan0,607,00
1780709774.732811,vcan0,600,00000000
1780709774.732880,vcan0,601,7F000000
1780709774.732925,vcan0,602,00000000
1780709774.748893,vcan0,600,00000000
1780709774.748986,vcan0,601,7F000000
1780709774.749050,vcan0,602,00000000
1780709774.764848,vcan0,600,00000000
1780709774.764954,vcan0,601,7F000000
1780709774.765023,vcan0,602,00000000
1780709774.786112,vcan0,600,00000000
1780709774.786244,vcan0,601,7F000000
1780709774.786320,vcan0,602,00000000
1780709774.786395,vcan0,603,01000000
1780709774.786509,vcan0,604,00
1780709774.786585,vcan0,605,00
1780709774.801835,vcan0,600,00000000
1780709774.801953,vcan0,601,7F000000
1780709774.802023,vcan0,602,00000000
1780709774.817984,vcan0,600,00000000
1780709774.818113,vcan0,601,7F000000
1780709774.818187,vcan0,602,00000000
1780709774.818266,vcan0,607,00
1780709774.833958,vcan0,600,00000000
1780709774.834064,vcan0,601,7F000000
1780709774.834141,vcan0,602,00000000
1780709774.850177,vcan0,600,00000000
1780709774.850335,vcan0,601,7F000000
1780709774.850414,vcan0,602,00000000
1780709774.850521,vcan0,603,01000000
1780709774.850594,vcan0,604,00
1780709774.850663,vcan0,605,00
1780709774.865767,vcan0,600,00000000
1780709774.865876,vcan0,601,7F000000
1780709774.865949,vcan0,602,00000000
1780709774.881886,vcan0,600,00000000
1780709774.882005,vcan0,601,7F000000
1780709774.882077,vcan0,602,00000000
1780709774.906581,vcan0,600,00000000
1780709774.906741,vcan0,601,7F000000
1780709774.906846,vcan0,602,00000000
1780709774.906950,vcan0,603,01000000
1780709774.907060,vcan0,604,00
1780709774.907180,vcan0,605,00
1780709774.922106,vcan0,600,00000000
1780709774.922265,vcan0,601,7F000000
1780709774.922361,vcan0,602,00000000
1780709774.922468,vcan0,607,00
1780709774.937911,vcan0,600,00000000
1780709774.938030,vcan0,601,7F000000
1780709774.938103,vcan0,602,00000000
1780709774.953798,vcan0,600,00000000
1780709774.953932,vcan0,601,7F000000
1780709774.954045,vcan0,602,00000000
1780709774.974289,vcan0,600,00000000
1780709774.974477,vcan0,601,7F000000
1780709774.974589,vcan0,602,00000000
1780709774.974696,vcan0,603,01000000
1780709774.974799,vcan0,604,00
1780709774.974886,vcan0,605,00
1780709774.990109,vcan0,600,00000000
1780709774.990262,vcan0,601,7F000000
1780709774.990356,vcan0,602,00000000
1780709775.005966,vcan0,600,00000000
1780709775.006131,vcan0,601,7F000000
1780709775.006219,vcan0,602,00000000
1780709775.021925,vcan0,600,00000000
1780709775.022050,vcan0,601,7F000000
1780709775.022142,vcan0,602,00000000
1780709775.038007,vcan0,600,00000000
1780709775.038166,vcan0,601,7F000000
1780709775.038265,vcan0,602,00000000
1780709775.038374,vcan0,603,01000000
1780709775.038488,vcan0,604,00
1780709775.038573,vcan0,605,00
1780709775.038663,vcan0,607,00
1780709775.054407,vcan0,600,00000000
1780709775.054632,vcan0,601,7F000000
1780709775.054739,vcan0,602,00000000
1780709775.070068,vcan0,600,00000000
1780709775.070175,vcan0,601,7F000000
1780709775.070241,vcan0,602,00000000
1780709775.085788,vcan0,600,00000000
1780709775.085892,vcan0,601,7F000000
1780709775.086035,vcan0,602,00000000
1780709775.104676,vcan0,600,00000000
1780709775.105116,vcan0,601,7F000000
1780709775.105199,vcan0,602,00000000
1780709775.105276,vcan0,603,01000000
1780709775.105346,vcan0,604,00
1780709775.105417,vcan0,605,00
1780709775.119943,vcan0,600,00000000
1780709775.120066,vcan0,601,7F000000
1780709775.120139,vcan0,602,00000000
1780709775.135951,vcan0,600,00000000
1780709775.136080,vcan0,601,7F000000
1780709775.136159,vcan0,602,00000000
1780709775.160886,vcan0,600,00000000
1780709775.161027,vcan0,601,7F000000
1780709775.161099,vcan0,602,00000000
1780709775.161173,vcan0,603,01000000
1780709775.161240,vcan0,604,00
1780709775.161304,vcan0,605,00
1780709775.161370,vcan0,607,00
1780709775.176222,vcan0,600,00000000
1780709775.176418,vcan0,601,7F000000
1780709775.176569,vcan0,602,00000000
1780709775.191972,vcan0,600,00000000
1780709775.192106,vcan0,601,7F000000
1780709775.192184,vcan0,602,00000000
1780709775.207958,vcan0,600,00000000
1780709775.208077,vcan0,601,7F000000
1780709775.208156,vcan0,602,00000000
1780709775.230803,vcan0,600,00000000
1780709775.230975,vcan0,601,7F000000
1780709775.231053,vcan0,602,00000000
1780709775.231129,vcan0,603,01000000
1780709775.231201,vcan0,604,00
1780709775.231274,vcan0,605,00
1780709775.246119,vcan0,600,00000000
1780709775.246263,vcan0,601,7F000000
1780709775.246338,vcan0,602,00000000
1780709775.262073,vcan0,600,00000000
1780709775.262208,vcan0,601,7F000000
1780709775.262284,vcan0,602,00000000
1780709775.262361,vcan0,607,00
1780709775.277944,vcan0,600,00000000
1780709775.278090,vcan0,601,7F000000
1780709775.278179,vcan0,602,00000000
1780709775.297386,vcan0,600,00000000
1780709775.297554,vcan0,601,7F000000
1780709775.297665,vcan0,602,00000000
1780709775.297763,vcan0,603,01000000
1780709775.297886,vcan0,604,00
1780709775.297984,vcan0,605,00
1780709775.312995,vcan0,600,00000000
1780709775.313150,vcan0,601,7F000000
1780709775.313267,vcan0,602,00000000
1780709775.329029,vcan0,600,00000000
1780709775.329141,vcan0,601,7F000000
1780709775.329219,vcan0,602,00000000
1780709775.344876,vcan0,600,00000000
1780709775.344977,vcan0,601,7F000000
1780709775.345059,vcan0,602,00000000
1780709775.361412,vcan0,600,00000000
1780709775.361572,vcan0,601,7F000000
1780709775.361667,vcan0,602,00000000
1780709775.361763,vcan0,603,01000000
1780709775.361856,vcan0,604,00
1780709775.361944,vcan0,605,00
1780709775.377886,vcan0,600,00000000
1780709775.378053,vcan0,601,7F000000
1780709775.378176,vcan0,602,00000000
1780709775.378268,vcan0,607,00
1780709775.393937,vcan0,600,00000000
1780709775.394028,vcan0,601,7F000000
1780709775.394088,vcan0,602,00000000
1780709775.409800,vcan0,600,00000000
1780709775.409882,vcan0,601,7F000000
1780709775.409934,vcan0,602,00000000
1780709775.428174,vcan0,600,00000000
1780709775.428352,vcan0,601,7F000000
1780709775.428490,vcan0,602,00000000
1780709775.428593,vcan0,603,01000000
1780709775.428690,vcan0,604,00
1780709775.428783,vcan0,605,00
1780709775.442959,vcan0,600,00000000
1780709775.443110,vcan0,601,7F000000
1780709775.443225,vcan0,602,00000000
1780709775.458941,vcan0,600,00000000
1780709775.459035,vcan0,601,7F000000
1780709775.459087,vcan0,602,00000000
1780709775.474730,vcan0,600,00000000
1780709775.474808,vcan0,601,7F000000
1780709775.474856,vcan0,602,00000000
1780709775.495523,vcan0,600,00000000
1780709775.495718,vcan0,601,7F000000
1780709775.495814,vcan0,602,00000000
1780709775.495892,vcan0,603,01000000
1780709775.495961,vcan0,604,00
1780709775.496030,vcan0,605,00
1780709775.496117,vcan0,607,00
1780709775.510861,vcan0,600,00000000
1780709775.511023,vcan0,601,7F000000
1780709775.511136,vcan0,602,00000000
1780709775.526949,vcan0,600,00000000
1780709775.527049,vcan0,601,7F000000
1780709775.527119,vcan0,602,00000000
1780709775.542800,vcan0,600,00000000
1780709775.542918,vcan0,601,7F000000
1780709775.543014,vcan0,602,00000000
1780709775.559708,vcan0,600,00000000
1780709775.559915,vcan0,601,7F000000
1780709775.560013,vcan0,602,00000000
1780709775.560104,vcan0,603,01000000
1780709775.560194,vcan0,604,00
1780709775.560288,vcan0,605,00
1780709775.575069,vcan0,600,00000000
1780709775.575243,vcan0,601,7F000000
1780709775.575363,vcan0,602,00000000
1780709775.590908,vcan0,600,00000000
1780709775.590997,vcan0,601,7F000000
1780709775.591060,vcan0,602,00000000
1780709775.606709,vcan0,600,00000000
1780709775.606785,vcan0,601,7F000000
1780709775.606839,vcan0,602,00000000
1780709775.606898,vcan0,607,00
1780709775.623788,vcan0,600,00000000
1780709775.624001,vcan0,601,7F000000
1780709775.624133,vcan0,602,00000000
1780709775.624266,vcan0,603,01000000
1780709775.624430,vcan0,604,00
1780709775.624622,vcan0,605,00
1780709775.639031,vcan0,600,00000000
1780709775.639170,vcan0,601,7F000000
1780709775.639261,vcan0,602,00000000
1780709775.655032,vcan0,600,00000000
1780709775.655175,vcan0,601,7F000000
1780709775.655265,vcan0,602,00000000
1780709775.670955,vcan0,60D,01000000
1780709775.671094,vcan0,600,00000000
1780709775.671187,vcan0,601,7F000000
1780709775.671272,vcan0,602,00000000
1780709775.687043,vcan0,600,00000000
1780709775.687232,vcan0,601,7F000000
1780709775.687341,vcan0,602,00000000
1780709775.687438,vcan0,603,01000000
1780709775.687597,vcan0,604,00
1780709775.687666,vcan0,605,00
1780709775.702881,vcan0,600,00000000
1780709775.702989,vcan0,601,7F000000
1780709775.703063,vcan0,602,00000000
1780709775.718942,vcan0,600,00000000
1780709775.719071,vcan0,601,7F000000
1780709775.719165,vcan0,602,00000000
1780709775.719245,vcan0,607,00
1780709775.745371,vcan0,600,00000000
1780709775.745547,vcan0,601,7F000000
1780709775.745638,vcan0,602,00000000
1780709775.745708,vcan0,603,01000000
1780709775.745773,vcan0,604,00
1780709775.745839,vcan0,605,00
1780709775.761614,vcan0,600,00000000
1780709775.761818,vcan0,601,7F000000
1780709775.761927,vcan0,602,00000000
1780709775.776888,vcan0,600,00000000
1780709775.777007,vcan0,601,7F000000
1780709775.777094,vcan0,602,00000000
1780709775.793091,vcan0,600,00000000
1780709775.793221,vcan0,601,7F000000
1780709775.793307,vcan0,602,00000000
1780709775.821462,vcan0,600,00000000
1780709775.821620,vcan0,601,7F000000
1780709775.821696,vcan0,602,00000000
1780709775.821768,vcan0,603,01000000
1780709775.821843,vcan0,604,00
1780709775.821939,vcan0,605,00
1780709775.822018,vcan0,607,00
1780709775.837037,vcan0,600,00000000
1780709775.837177,vcan0,601,7F000000
1780709775.837253,vcan0,602,00000000
1780709775.852713,vcan0,60D,03000000
1780709775.852769,vcan0,600,00000000
1780709775.852803,vcan0,601,7F000000
1780709775.852833,vcan0,602,00000000
1780709775.868871,vcan0,600,00000000
1780709775.868956,vcan0,601,7F000000
1780709775.868993,vcan0,602,00000000
1780709775.884741,vcan0,600,00000000
1780709775.884786,vcan0,601,7F000000
1780709775.884814,vcan0,602,00000000
1780709775.884840,vcan0,603,01000000
1780709775.884868,vcan0,604,00
1780709775.884892,vcan0,605,00
1780709775.900665,vcan0,600,00000000
1780709775.900713,vcan0,601,7F000000
1780709775.900743,vcan0,602,00000000
1780709775.941955,vcan0,600,00000000
1780709775.942094,vcan0,601,7F000000
1780709775.942193,vcan0,602,00000000
1780709775.942300,vcan0,603,01000000
1780709775.942398,vcan0,604,00
1780709775.942525,vcan0,605,00
1780709775.942622,vcan0,607,00
1780709775.956742,vcan0,600,00000000
1780709775.956823,vcan0,601,7F000000
1780709775.956872,vcan0,602,00000000
1780709775.971826,vcan0,600,00000000
1780709775.971905,vcan0,601,7F000000
1780709775.971954,vcan0,602,00000000
1780709775.987776,vcan0,600,00000000
1780709775.987878,vcan0,601,7F000000
1780709775.987950,vcan0,602,00000000
1780709776.006167,vcan0,600,00000000
1780709776.006352,vcan0,601,7F000000
1780709776.006467,vcan0,602,00000000
1780709776.006552,vcan0,603,01000000
1780709776.006656,vcan0,604,00
1780709776.006781,vcan0,605,00
1780709776.021938,vcan0,600,00000000
1780709776.022108,vcan0,601,7F000000
1780709776.022225,vcan0,602,00000000
1780709776.037753,vcan0,60D,83000000
1780709776.037817,vcan0,600,00000000
1780709776.037867,vcan0,601,7F000000
1780709776.037907,vcan0,602,00000000
1780709776.053910,vcan0,600,00000000
1780709776.053980,vcan0,601,7F000000
1780709776.054013,vcan0,602,00000000
1780709776.054049,vcan0,607,00
1780709776.069929,vcan0,600,00000000
1780709776.070009,vcan0,601,7F000000
1780709776.070049,vcan0,602,00000000
1780709776.070098,vcan0,603,01000000
1780709776.070138,vcan0,604,00
1780709776.070174,vcan0,605,00
1780709776.093919,vcan0,600,00000000
1780709776.094049,vcan0,601,7F000000
1780709776.094160,vcan0,602,00000000
1780709776.108875,vcan0,600,00000000
1780709776.109016,vcan0,601,7F000000
1780709776.109104,vcan0,602,00000000
1780709776.124961,vcan0,600,00000000
1780709776.125091,vcan0,601,7F000000
1780709776.125164,vcan0,602,00000000
1780709776.125234,vcan0,603,01000000
1780709776.125301,vcan0,604,00
1780709776.125366,vcan0,605,00
1780709776.140719,vcan0,600,00000000
1780709776.140816,vcan0,601,7F000000
1780709776.140898,vcan0,602,00000000
1780709776.164343,vcan0,600,00000000
1780709776.164556,vcan0,601,7F000000
1780709776.164668,vcan0,602,00000000
1780709776.164781,vcan0,607,00
1780709776.179876,vcan0,600,00000000
1780709776.179985,vcan0,601,7F000000
1780709776.180061,vcan0,602,00000000
1780709776.180143,vcan0,603,01000000
1780709776.180213,vcan0,604,00
1780709776.180279,vcan0,605,00
1780709776.195923,vcan0,600,00000000
1780709776.196042,vcan0,601,7F000000
1780709776.196121,vcan0,602,00000000
1780709776.211873,vcan0,600,00000000
1780709776.211961,vcan0,601,7F000000
1780709776.212028,vcan0,602,00000000
1780709776.231820,vcan0,600,00000000
1780709776.231950,vcan0,601,7F000000
1780709776.232025,vcan0,602,00000000
1780709776.232099,vcan0,603,01000000
1780709776.232168,vcan0,604,00
1780709776.232239,vcan0,605,00
1780709776.246988,vcan0,600,00000000
1780709776.247113,vcan0,601,7F000000
1780709776.247186,vcan0,602,00000000
1780709776.262954,vcan0,600,00000000
1780709776.263072,vcan0,601,7F000000
1780709776.263150,vcan0,602,00000000
1780709776.278809,vcan0,600,00000000
1780709776.278911,vcan0,601,7F000000
1780709776.278982,vcan0,602,00000000
1780709776.279050,vcan0,607,00
1780709776.302887,vcan0,600,00000000
1780709776.303052,vcan0,601,7F000000
1780709776.303144,vcan0,602,00000000
1780709776.303233,vcan0,603,01000000
1780709776.303325,vcan0,604,00
1780709776.303417,vcan0,605,00
1780709776.317793,vcan0,600,00000000
1780709776.317893,vcan0,601,7F000000
1780709776.317965,vcan0,602,00000000
1780709776.333902,vcan0,600,00000000
1780709776.334035,vcan0,601,7F000000
1780709776.334116,vcan0,602,00000000
1780709776.349932,vcan0,600,00000000
1780709776.350072,vcan0,601,7F000000
1780709776.350149,vcan0,602,00000000
1780709776.370906,vcan0,600,00000000
1780709776.371067,vcan0,601,7F000000
1780709776.371147,vcan0,602,00000000
1780709776.371221,vcan0,603,01000000
1780709776.371288,vcan0,604,00
1780709776.371364,vcan0,605,00
1780709776.385977,vcan0,600,00000000
1780709776.386104,vcan0,601,7F000000
1780709776.386180,vcan0,602,00000000
1780709776.386259,vcan0,607,00
1780709776.401910,vcan0,600,00000000
1780709776.402032,vcan0,601,7F000000
1780709776.402111,vcan0,602,00000000
1780709776.417771,vcan0,600,00000000
1780709776.417869,vcan0,601,7F000000
1780709776.417949,vcan0,602,00000000
1780709776.439358,vcan0,600,00000000
1780709776.439538,vcan0,601,7F000000
1780709776.439639,vcan0,602,00000000
1780709776.439720,vcan0,603,01000000
1780709776.439789,vcan0,604,00
1780709776.439860,vcan0,605,00
1780709776.454796,vcan0,600,00000000
1780709776.454924,vcan0,601,7F000000
1780709776.455009,vcan0,602,00000000
1780709776.470872,vcan0,600,00000000
1780709776.471001,vcan0,601,7F000000
1780709776.471085,vcan0,602,00000000
1780709776.486761,vcan0,600,00000000
1780709776.486874,vcan0,601,7F000000
1780709776.486958,vcan0,602,00000000
1780709776.487045,vcan0,607,00
1780709776.509566,vcan0,600,00000000
1780709776.509779,vcan0,601,7F000000
1780709776.509926,vcan0,602,00000000
1780709776.510061,vcan0,603,01000000
1780709776.510193,vcan0,604,00
1780709776.510322,vcan0,605,00
1780709776.524840,vcan0,600,00000000
1780709776.524951,vcan0,601,7F000000
1780709776.525026,vcan0,602,00000000
1780709776.540902,vcan0,600,00000000
1780709776.541026,vcan0,601,7F000000
1780709776.541101,vcan0,602,00000000
1780709776.556798,vcan0,600,00000000
1780709776.556904,vcan0,601,7F000000
1780709776.556976,vcan0,602,00000000
1780709776.579958,vcan0,600,00000000
1780709776.580077,vcan0,601,7F000000
1780709776.580167,vcan0,602,00000000
1780709776.580257,vcan0,603,01000000
1780709776.580349,vcan0,604,00
1780709776.580490,vcan0,605,00
1780709776.594917,vcan0,600,00000000
1780709776.595036,vcan0,601,7F000000
1780709776.595121,vcan0,602,00000000
1780709776.595194,vcan0,607,00
1780709776.610879,vcan0,600,00000000
1780709776.610989,vcan0,601,7F000000
1780709776.611066,vcan0,602,00000000
1780709776.626941,vcan0,600,00000000
1780709776.627051,vcan0,601,7F000000
1780709776.627132,vcan0,602,00000000
1780709776.648566,vcan0,600,00000000
1780709776.648722,vcan0,601,7F000000
1780709776.648824,vcan0,602,00000000
1780709776.648931,vcan0,603,01000000
1780709776.649025,vcan0,604,00
1780709776.649140,vcan0,605,00
1780709776.663855,vcan0,600,00000000
1780709776.664000,vcan0,601,7F000000
1780709776.664118,vcan0,602,00000000
1780709776.679958,vcan0,600,00000000
1780709776.680100,vcan0,601,7F000000
1780709776.680209,vcan0,602,00000000
1780709776.695735,vcan0,600,00000000
1780709776.695870,vcan0,601,7F000000
1780709776.695987,vcan0,602,00000000
1780709776.696112,vcan0,607,00
1780709776.719949,vcan0,600,00000000
1780709776.720180,vcan0,601,7F000000
1780709776.720296,vcan0,602,00000000
1780709776.720398,vcan0,603,01000000
1780709776.720558,vcan0,604,00
1780709776.720660,vcan0,605,00
1780709776.734935,vcan0,600,00000000
1780709776.735058,vcan0,601,7F000000
1780709776.735144,vcan0,602,00000000
1780709776.750897,vcan0,600,00000000
1780709776.751018,vcan0,601,7F000000
1780709776.751096,vcan0,602,00000000
1780709776.766784,vcan0,600,00000000
1780709776.766888,vcan0,601,7F000000
1780709776.766958,vcan0,602,00000000
1780709776.786273,vcan0,600,00000000
1780709776.786522,vcan0,601,7F000000
1780709776.786604,vcan0,602,00000000
1780709776.786677,vcan0,603,01000000
1780709776.786767,vcan0,604,00
1780709776.786859,vcan0,605,00
1780709776.801196,vcan0,600,00000000
1780709776.801366,vcan0,601,7F000000
1780709776.801501,vcan0,602,00000000
1780709776.801625,vcan0,607,00
1780709776.816883,vcan0,600,00000000
1780709776.816990,vcan0,601,7F000000
1780709776.817071,vcan0,602,00000000
1780709776.832907,vcan0,600,00000000
1780709776.833025,vcan0,601,7F000000
1780709776.833108,vcan0,602,00000000
1780709776.859712,vcan0,600,00000000
1780709776.859975,vcan0,601,7F000000
1780709776.860092,vcan0,602,00000000
1780709776.860201,vcan0,603,01000000
1780709776.860304,vcan0,604,00
1780709776.860397,vcan0,605,00
1780709776.874987,vcan0,600,00000000
1780709776.875117,vcan0,601,7F000000
1780709776.875217,vcan0,602,00000000
1780709776.890917,vcan0,600,00000000
1780709776.891032,vcan0,601,7F000000
1780709776.891105,vcan0,602,00000000
1780709776.906936,vcan0,600,00000000
1780709776.907049,vcan0,601,7F000000
1780709776.907138,vcan0,602,00000000
1780709776.907218,vcan0,607,00
1780709776.935135,vcan0,600,00000000
1780709776.935415,vcan0,601,7F000000
1780709776.935538,vcan0,602,00000000
1780709776.935633,vcan0,603,01000000
1780709776.935721,vcan0,604,00
1780709776.935810,vcan0,605,00
1780709776.949893,vcan0,600,00000000
1780709776.950015,vcan0,601,7F000000
1780709776.950103,vcan0,602,00000000
1780709776.966002,vcan0,600,00000000
1780709776.966161,vcan0,601,7F000000
1780709776.966254,vcan0,602,00000000
1780709776.980771,vcan0,600,00000000
1780709776.980895,vcan0,601,7F000000
1780709776.980969,vcan0,602,00000000
1780709777.004147,vcan0,600,00000000
1780709777.004302,vcan0,601,7F000000
1780709777.004391,vcan0,602,00000000
1780709777.004506,vcan0,603,01000000
1780709777.004594,vcan0,604,00
1780709777.004679,vcan0,605,00
1780709777.019828,vcan0,600,00000000
1780709777.019972,vcan0,601,7F000000
1780709777.020088,vcan0,602,00000000
1780709777.020212,vcan0,607,00
1780709777.035952,vcan0,600,00000000
1780709777.036096,vcan0,601,7F000000
1780709777.036187,vcan0,602,00000000
1780709777.051835,vcan0,600,00000000
1780709777.051966,vcan0,601,7F000000
1780709777.052062,vcan0,602,00000000
1780709777.073062,vcan0,600,00000000
1780709777.073255,vcan0,601,7F000000
1780709777.073335,vcan0,602,00000000
1780709777.073414,vcan0,603,01000000
1780709777.073530,vcan0,604,00
1780709777.073597,vcan0,605,00
1780709777.088826,vcan0,600,00000000
1780709777.088920,vcan0,601,7F000000
1780709777.088982,vcan0,602,00000000
1780709777.105029,vcan0,600,00000000
1780709777.105131,vcan0,601,7F000000
1780709777.105183,vcan0,602,00000000
1780709777.120879,vcan0,600,00000000
1780709777.121010,vcan0,601,7F000000
1780709777.121112,vcan0,602,00000000
1780709777.121223,vcan0,607,00
1780709777.146617,vcan0,600,00000000
1780709777.146754,vcan0,601,7F000000
1780709777.146843,vcan0,602,00000000
1780709777.146935,vcan0,603,01000000
1780709777.147013,vcan0,604,00
1780709777.147090,vcan0,605,00
1780709777.161689,vcan0,600,00000000
1780709777.161759,vcan0,601,7F000000
1780709777.161799,vcan0,602,00000000
1780709777.178011,vcan0,600,00000000
1780709777.178104,vcan0,601,7F000000
1780709777.178146,vcan0,602,00000000
1780709777.193883,vcan0,600,00000000
1780709777.193997,vcan0,601,7F000000
1780709777.194068,vcan0,602,00000000
1780709777.213822,vcan0,600,00000000
1780709777.213986,vcan0,601,7F000000
1780709777.214086,vcan0,602,00000000
1780709777.214194,vcan0,603,01000000
1780709777.214275,vcan0,604,00
1780709777.214368,vcan0,605,00
1780709777.228974,vcan0,600,00000000
1780709777.229107,vcan0,601,7F000000
1780709777.229182,vcan0,602,00000000
1780709777.229259,vcan0,607,00
1780709777.244990,vcan0,600,00000000
1780709777.245131,vcan0,601,7F000000
1780709777.245215,vcan0,602,00000000
1780709777.260845,vcan0,600,00000000
1780709777.260973,vcan0,601,7F000000
1780709777.261052,vcan0,602,00000000
1780709777.283998,vcan0,600,00000000
1780709777.284186,vcan0,601,7F000000
1780709777.284292,vcan0,602,00000000
1780709777.284379,vcan0,603,01000000
1780709777.284496,vcan0,604,00
1780709777.284587,vcan0,605,00
1780709777.298874,vcan0,60D,00000000
1780709777.299007,vcan0,600,00000000
1780709777.299096,vcan0,601,7F000000
1780709777.299179,vcan0,602,00000000
1780709777.314974,vcan0,600,00000000
1780709777.315111,vcan0,601,7F000000
1780709777.315196,vcan0,602,00000000
1780709777.330787,vcan0,600,00000000
1780709777.330885,vcan0,601,7F000000
1780709777.330952,vcan0,602,00000000
1780709777.331024,vcan0,607,00
1780709777.350540,vcan0,600,00000000
1780709777.350721,vcan0,601,7F000000
1780709777.350827,vcan0,602,00000000
1780709777.350920,vcan0,603,01000000
1780709777.351008,vcan0,604,00
1780709777.351098,vcan0,605,00
1780709777.365858,vcan0,600,00000000
1780709777.365986,vcan0,601,7F000000
1780709777.366074,vcan0,602,00000000
1780709777.382891,vcan0,600,00000000
1780709777.383020,vcan0,601,7F000000
1780709777.383102,vcan0,602,00000000
1780709777.398894,vcan0,600,00000000
1780709777.399007,vcan0,601,7F000000
1780709777.399077,vcan0,602,00000000
1780709777.419677,vcan0,600,00000000
1780709777.419835,vcan0,601,7F000000
1780709777.419940,vcan0,602,00000000
1780709777.420043,vcan0,603,01000000
1780709777.420136,vcan0,604,00
1780709777.420221,vcan0,605,00
1780709777.435068,vcan0,600,00000000
1780709777.435205,vcan0,601,7F000000
1780709777.435276,vcan0,602,00000000
1780709777.435346,vcan0,607,00
1780709777.450966,vcan0,600,00000000
1780709777.451111,vcan0,601,7F000000
1780709777.451197,vcan0,602,00000000
1780709777.476380,vcan0,600,00000000
1780709777.476594,vcan0,601,7F000000
1780709777.476683,vcan0,602,00000000
1780709777.476761,vcan0,603,01000000
1780709777.476832,vcan0,604,00
1780709777.476903,vcan0,605,00
1780709777.491911,vcan0,600,00000000
1780709777.492035,vcan0,601,7F000000
1780709777.492113,vcan0,602,00000000
1780709777.507956,vcan0,600,00000000
1780709777.508080,vcan0,601,7F000000
1780709777.508159,vcan0,602,00000000
1780709777.524097,vcan0,600,00000000
1780709777.524213,vcan0,601,7F000000
1780709777.524285,vcan0,602,00000000
1780709777.547408,vcan0,600,00000000
1780709777.547624,vcan0,601,7F000000
1780709777.547728,vcan0,602,00000000
1780709777.547825,vcan0,603,01000000
1780709777.547917,vcan0,604,00
1780709777.548009,vcan0,605,00
1780709777.548138,vcan0,607,00
1780709777.562831,vcan0,600,00000000
1780709777.562934,vcan0,601,7F000000
1780709777.563003,vcan0,602,00000000
1780709777.578962,vcan0,600,00000000
1780709777.579118,vcan0,601,7F000000
1780709777.579208,vcan0,602,00000000
1780709777.594909,vcan0,600,00000000
1780709777.595007,vcan0,601,7F000000
1780709777.595080,vcan0,602,00000000
1780709777.613149,vcan0,600,00000000
1780709777.613314,vcan0,601,7F000000
1780709777.613410,vcan0,602,00000000
1780709777.613524,vcan0,603,01000000
1780709777.613616,vcan0,604,00
1780709777.613701,vcan0,605,00
1780709777.627749,vcan0,600,00000000
1780709777.627866,vcan0,601,7F000000
1780709777.627948,vcan0,602,00000000
1780709777.644003,vcan0,600,00000000
1780709777.644135,vcan0,601,7F000000
1780709777.644222,vcan0,602,00000000
1780709777.660014,vcan0,60D,01000000
1780709777.660158,vcan0,600,00000000
1780709777.660259,vcan0,601,7F000000
1780709777.660349,vcan0,602,00000000
1780709777.660438,vcan0,607,00
1780709777.678162,vcan0,600,00000000
1780709777.678329,vcan0,601,7F000000
1780709777.678408,vcan0,602,00000000
1780709777.678514,vcan0,603,01000000
1780709777.678593,vcan0,604,00
1780709777.678676,vcan0,605,00
1780709777.693943,vcan0,600,00000000
1780709777.694092,vcan0,601,7F000000
1780709777.694196,vcan0,602,00000000
1780709777.709970,vcan0,600,00000000
1780709777.710108,vcan0,601,7F000000
1780709777.710197,vcan0,602,00000000
1780709777.725906,vcan0,600,00000000
1780709777.726035,vcan0,601,7F000000
1780709777.726116,vcan0,602,00000000
1780709777.742077,vcan0,600,00000000
1780709777.742249,vcan0,601,7F000000
1780709777.742348,vcan0,602,00000000
1780709777.742488,vcan0,603,01000000
1780709777.742599,vcan0,604,00
1780709777.742705,vcan0,605,00
1780709777.758026,vcan0,600,00000000
1780709777.758151,vcan0,601,7F000000
1780709777.758226,vcan0,602,00000000
1780709777.773919,vcan0,600,00000000
1780709777.774036,vcan0,601,7F000000
1780709777.774119,vcan0,602,00000000
1780709777.774186,vcan0,607,00
1780709777.802324,vcan0,600,00000000
1780709777.802512,vcan0,601,7F000000
1780709777.802605,vcan0,602,00000000
1780709777.802678,vcan0,603,01000000
1780709777.802747,vcan0,604,00
1780709777.802815,vcan0,605,00
1780709777.818148,vcan0,600,00000000
1780709777.818296,vcan0,601,7F000000
1780709777.818386,vcan0,602,00000000
1780709777.834001,vcan0,600,00000000
1780709777.834136,vcan0,601,7F000000
1780709777.834226,vcan0,602,00000000
1780709777.849885,vcan0,600,00000000
1780709777.850013,vcan0,601,7F000000
1780709777.850087,vcan0,602,00000000
1780709777.870770,vcan0,600,00000000
1780709777.870948,vcan0,601,7F000000
1780709777.871050,vcan0,602,00000000
1780709777.871153,vcan0,603,01000000
1780709777.871234,vcan0,604,00
1780709777.871307,vcan0,605,00
1780709777.885873,vcan0,600,00000000
1780709777.886011,vcan0,601,7F000000
1780709777.886102,vcan0,602,00000000
1780709777.886204,vcan0,607,00
1780709777.901917,vcan0,600,00000000
1780709777.902064,vcan0,601,7F000000
1780709777.902179,vcan0,602,00000000
1780709777.917893,vcan0,600,00000000
1780709777.918042,vcan0,601,7F000000
1780709777.918158,vcan0,602,00000000
1780709777.939860,vcan0,600,00000000
1780709777.940070,vcan0,601,7F000000
1780709777.940162,vcan0,602,00000000
1780709777.940254,vcan0,603,01000000
1780709777.940342,vcan0,604,00
1780709777.940426,vcan0,605,00
1780709777.954861,vcan0,600,00000000
1780709777.955025,vcan0,601,7F000000
1780709777.955120,vcan0,602,00000000
1780709777.970400,vcan0,600,00000000
1780709777.970576,vcan0,601,7F000000
1780709777.970672,vcan0,602,00000000
1780709777.985783,vcan0,600,00000000
1780709777.985879,vcan0,601,7F000000
1780709777.985949,vcan0,602,00000000
1780709778.009000,vcan0,600,00000000
1780709778.009291,vcan0,601,7F000000
1780709778.009405,vcan0,602,00000000
1780709778.009526,vcan0,603,01000000
1780709778.009622,vcan0,604,00
1780709778.009721,vcan0,605,00
1780709778.009819,vcan0,607,00
1780709778.023959,vcan0,600,00000000
1780709778.024107,vcan0,601,7F000000
1780709778.024198,vcan0,602,00000000
1780709778.040187,vcan0,600,00000000
1780709778.040334,vcan0,601,7F000000
1780709778.040429,vcan0,602,00000000
1780709778.055956,vcan0,600,00000000
1780709778.056070,vcan0,601,7F000000
1780709778.056143,vcan0,602,00000000
1780709778.079055,vcan0,600,00000000
1780709778.079266,vcan0,601,7F000000
1780709778.079374,vcan0,602,00000000
1780709778.079520,vcan0,603,01000000
1780709778.079617,vcan0,604,00
1780709778.079711,vcan0,605,00
1780709778.093875,vcan0,600,00000000
1780709778.094015,vcan0,601,7F000000
1780709778.094111,vcan0,602,00000000
1780709778.110101,vcan0,600,00000000
1780709778.110242,vcan0,601,7F000000
1780709778.110324,vcan0,602,00000000
1780709778.110403,vcan0,607,00
1780709778.126037,vcan0,600,00000000
1780709778.126199,vcan0,601,7F000000
1780709778.126304,vcan0,602,00000000
1780709778.147211,vcan0,600,00000000
1780709778.147422,vcan0,601,7F000000
1780709778.147572,vcan0,602,00000000
1780709778.147689,vcan0,603,01000000
1780709778.147789,vcan0,604,00
1780709778.147881,vcan0,605,00
1780709778.162031,vcan0,600,00000000
1780709778.162150,vcan0,601,7F000000
1780709778.162221,vcan0,602,00000000
1780709778.177985,vcan0,600,00000000
1780709778.178119,vcan0,601,7F000000
1780709778.178192,vcan0,602,00000000
1780709778.193880,vcan0,600,00000000
1780709778.193979,vcan0,601,7F000000
1780709778.194037,vcan0,602,00000000
1780709778.216529,vcan0,600,00000000
1780709778.216740,vcan0,601,7F000000
1780709778.216849,vcan0,602,00000000
1780709778.216951,vcan0,603,01000000
1780709778.217059,vcan0,604,00
1780709778.217145,vcan0,605,00
1780709778.217243,vcan0,607,01
1780709778.232005,vcan0,600,00000000
1780709778.232147,vcan0,601,7F000000
1780709778.232249,vcan0,602,00000000
1780709778.248045,vcan0,600,00000000
1780709778.248191,vcan0,601,7F000000
1780709778.248291,vcan0,602,00000000
1780709778.263937,vcan0,600,00000000
1780709778.264047,vcan0,601,7F000000
1780709778.264123,vcan0,602,00000000
1780709778.281489,vcan0,600,00000000
1780709778.281792,vcan0,601,7F000000
1780709778.281980,vcan0,602,00000000
1780709778.282161,vcan0,603,01000000
1780709778.282250,vcan0,604,00
1780709778.282340,vcan0,605,00
1780709778.296791,vcan0,600,00000000
1780709778.296942,vcan0,601,7F000000
1780709778.297044,vcan0,602,00000000
1780709778.312962,vcan0,600,00000000
1780709778.313110,vcan0,601,7F000000
1780709778.313207,vcan0,602,00000000
1780709778.341649,vcan0,600,00000000
1780709778.341805,vcan0,601,7F000000
1780709778.341914,vcan0,602,00000000
1780709778.342019,vcan0,603,01000000
1780709778.342138,vcan0,604,00
1780709778.342272,vcan0,605,00
1780709778.342403,vcan0,607,00
1780709778.356959,vcan0,600,00000000
1780709778.357120,vcan0,601,7F000000
1780709778.357196,vcan0,602,00000000
1780709778.373933,vcan0,600,00000000
1780709778.374077,vcan0,601,7F000000
1780709778.374161,vcan0,602,00000000
1780709778.389984,vcan0,600,00000000
1780709778.390133,vcan0,601,7F000000
1780709778.390235,vcan0,602,00000000
1780709778.409386,vcan0,600,00000000
1780709778.409580,vcan0,601,7F000000
1780709778.409682,vcan0,602,00000000
1780709778.409767,vcan0,603,01000000
1780709778.409879,vcan0,604,00
1780709778.409981,vcan0,605,00
1780709778.424963,vcan0,600,00000000
1780709778.425102,vcan0,601,7F000000
1780709778.425174,vcan0,602,00000000
1780709778.440973,vcan0,600,00000000
1780709778.441122,vcan0,601,7F000000
1780709778.441203,vcan0,602,00000000
1780709778.469586,vcan0,600,00000000
1780709778.469699,vcan0,601,7F000000
1780709778.469771,vcan0,602,00000000
1780709778.469880,vcan0,603,01000000
1780709778.469976,vcan0,604,00
1780709778.470069,vcan0,605,00
1780709778.470154,vcan0,607,00
1780709778.484929,vcan0,600,00000000
1780709778.485020,vcan0,601,7F000000
1780709778.485075,vcan0,602,00000000
1780709778.500924,vcan0,600,00000000
1780709778.501051,vcan0,601,7F000000
1780709778.501124,vcan0,602,00000000
1780709778.516899,vcan0,600,00000000
1780709778.517036,vcan0,601,7F000000
1780709778.517116,vcan0,602,00000000
1780709778.537407,vcan0,600,00000000
1780709778.537638,vcan0,601,7F000000
1780709778.537754,vcan0,602,00000000
1780709778.537855,vcan0,603,01000000
1780709778.537955,vcan0,604,00
1780709778.538042,vcan0,605,00
1780709778.552918,vcan0,600,00000000
1780709778.553052,vcan0,601,7F000000
1780709778.553132,vcan0,602,00000000
1780709778.569060,vcan0,600,00000000
1780709778.569196,vcan0,601,7F000000
1780709778.569273,vcan0,602,00000000
1780709778.584962,vcan0,600,00000000
1780709778.585097,vcan0,601,7F000000
1780709778.585208,vcan0,602,00000000
1780709778.585339,vcan0,607,00
1780709778.602622,vcan0,600,00000000
1780709778.602788,vcan0,601,7F000000
1780709778.602892,vcan0,602,00000000
1780709778.602977,vcan0,603,01000000
1780709778.603066,vcan0,604,00
1780709778.603163,vcan0,605,00
1780709778.617846,vcan0,600,00000000
1780709778.617966,vcan0,601,7F000000
1780709778.618049,vcan0,602,00000000
1780709778.633997,vcan0,600,00000000
1780709778.634160,vcan0,601,7F000000
1780709778.634250,vcan0,602,00000000
1780709778.659938,vcan0,600,00000000
1780709778.660085,vcan0,601,7F000000
1780709778.660175,vcan0,602,00000000
1780709778.660248,vcan0,603,01000000
1780709778.660324,vcan0,604,00
1780709778.660390,vcan0,605,00
1780709778.676030,vcan0,600,00000000
1780709778.676170,vcan0,601,7F000000
1780709778.676245,vcan0,602,00000000
1780709778.691938,vcan0,600,00000000
1780709778.692059,vcan0,601,7F000000
1780709778.692135,vcan0,602,00000000
1780709778.692213,vcan0,607,00
1780709778.707892,vcan0,600,00000000
1780709778.708024,vcan0,601,7F000000
1780709778.708125,vcan0,602,00000000
1780709778.733108,vcan0,600,00000000
1780709778.733269,vcan0,601,7F000000
1780709778.733379,vcan0,602,00000000
1780709778.733504,vcan0,603,01000000
1780709778.733599,vcan0,604,00
1780709778.733686,vcan0,605,00
1780709778.747760,vcan0,600,00000000
1780709778.747873,vcan0,601,7F000000
1780709778.747958,vcan0,602,00000000
1780709778.763969,vcan0,600,00000000
1780709778.764112,vcan0,601,7F000000
1780709778.764205,vcan0,602,00000000
1780709778.779820,vcan0,600,00000000
1780709778.779958,vcan0,601,7F000000
1780709778.780050,vcan0,602,00000000
1780709778.797576,vcan0,600,00000000
1780709778.797699,vcan0,601,7F000000
1780709778.797786,vcan0,602,00000000
1780709778.797886,vcan0,603,01000000
1780709778.797974,vcan0,604,00
1780709778.798071,vcan0,605,00
1780709778.798196,vcan0,607,00
1780709778.812941,vcan0,600,00000000
1780709778.813072,vcan0,601,7F000000
1780709778.813149,vcan0,602,00000000
1780709778.828951,vcan0,600,00000000
1780709778.829092,vcan0,601,7F000000
1780709778.829169,vcan0,602,00000000
1780709778.844822,vcan0,600,00000000
1780709778.844943,vcan0,601,7F000000
1780709778.845037,vcan0,602,00000000
1780709778.868200,vcan0,600,00000000
1780709778.868359,vcan0,601,7F000000
1780709778.868437,vcan0,602,00000000
1780709778.868544,vcan0,603,01000000
1780709778.868620,vcan0,604,00
1780709778.868707,vcan0,605,00
1780709778.883801,vcan0,600,00000000
1780709778.883946,vcan0,601,7F000000
1780709778.884054,vcan0,602,00000000
1780709778.899914,vcan0,600,00000000
1780709778.900039,vcan0,601,7F000000
1780709778.900114,vcan0,602,00000000
1780709778.900192,vcan0,607,00
1780709778.915904,vcan0,600,00000000
1780709778.916020,vcan0,601,7F000000
1780709778.916114,vcan0,602,00000000
1780709778.932048,vcan0,600,00000000
1780709778.932308,vcan0,601,7F000000
1780709778.932401,vcan0,602,00000000
1780709778.932517,vcan0,603,01000000
1780709778.932616,vcan0,604,00
1780709778.932709,vcan0,605,00
1780709778.947739,vcan0,600,00000000
1780709778.947847,vcan0,601,7F000000
1780709778.947919,vcan0,602,00000000
1780709778.963867,vcan0,600,00000000
1780709778.963978,vcan0,601,7F000000
1780709778.964050,vcan0,602,00000000
1780709778.978956,vcan0,600,00000000
1780709778.979071,vcan0,601,7F000000
1780709778.979148,vcan0,602,00000000
1780709778.999468,vcan0,600,00000000
1780709778.999644,vcan0,601,7F000000
1780709778.999738,vcan0,602,00000000
1780709778.999914,vcan0,603,01000000
1780709779.000007,vcan0,604,00
1780709779.000093,vcan0,605,00
1780709779.014741,vcan0,600,00000000
1780709779.014852,vcan0,601,7F000000
1780709779.014936,vcan0,602,00000000
1780709779.015021,vcan0,607,00
1780709779.030953,vcan0,600,00000000
1780709779.031062,vcan0,601,7F000000
1780709779.031134,vcan0,602,00000000
1780709779.046793,vcan0,600,00000000
1780709779.046891,vcan0,601,7F000000
1780709779.046964,vcan0,602,00000000
1780709779.065055,vcan0,600,00000000
1780709779.065212,vcan0,601,7F000000
1780709779.065287,vcan0,602,00000000
1780709779.065376,vcan0,603,01000000
1780709779.065502,vcan0,604,00
1780709779.065603,vcan0,605,00
1780709779.079776,vcan0,600,00000000
1780709779.079913,vcan0,601,7F000000
1780709779.079999,vcan0,602,00000000
1780709779.095937,vcan0,600,00000000
1780709779.096068,vcan0,601,7F000000
1780709779.096158,vcan0,602,00000000
1780709779.111875,vcan0,600,00000000
1780709779.111998,vcan0,601,7F000000
1780709779.112094,vcan0,602,00000000
1780709779.128585,vcan0,600,00000000
1780709779.128729,vcan0,601,7F000000
1780709779.128818,vcan0,602,00000000
1780709779.128907,vcan0,603,01000000
1780709779.128992,vcan0,604,00
1780709779.129085,vcan0,605,00
1780709779.129177,vcan0,607,00
1780709779.143885,vcan0,600,00000000
1780709779.144018,vcan0,601,7F000000
1780709779.144114,vcan0,602,00000000
1780709779.159909,vcan0,600,00000000
1780709779.160039,vcan0,601,7F000000
1780709779.160135,vcan0,602,00000000
1780709779.175910,vcan0,600,00000000
1780709779.176040,vcan0,601,7F000000
1780709779.176130,vcan0,602,00000000
1780709779.192355,vcan0,600,00000000
1780709779.192542,vcan0,601,7F000000
1780709779.192655,vcan0,602,00000000
1780709779.192750,vcan0,603,01000000
1780709779.192839,vcan0,604,00
1780709779.192924,vcan0,605,00
1780709779.207810,vcan0,600,00000000
1780709779.207956,vcan0,601,7F000000
1780709779.208037,vcan0,602,00000000
1780709779.223987,vcan0,600,00000000
1780709779.224119,vcan0,601,7F000000
1780709779.224201,vcan0,602,00000000
1780709779.239854,vcan0,600,00000000
1780709779.239955,vcan0,601,7F000000
1780709779.240018,vcan0,602,00000000
1780709779.240084,vcan0,607,00
1780709779.267521,vcan0,600,00000000
1780709779.267881,vcan0,601,7F000000
1780709779.268022,vcan0,602,00000000
1780709779.268134,vcan0,603,01000000
1780709779.268237,vcan0,604,00
1780709779.268342,vcan0,605,00
1780709779.282788,vcan0,600,00000000
1780709779.282908,vcan0,601,7F000000
1780709779.282977,vcan0,602,00000000
1780709779.298954,vcan0,600,00000000
1780709779.299079,vcan0,601,7F000000
1780709779.299164,vcan0,602,00000000
1780709779.314972,vcan0,600,00000000
1780709779.315114,vcan0,601,7F000000
1780709779.315203,vcan0,602,00000000
1780709779.335609,vcan0,600,00000000
1780709779.335781,vcan0,601,7F000000
1780709779.335879,vcan0,602,00000000
1780709779.335977,vcan0,603,01000000
1780709779.336063,vcan0,604,00
1780709779.336146,vcan0,605,00
1780709779.350882,vcan0,600,00000000
1780709779.351010,vcan0,601,7F000000
1780709779.351088,vcan0,602,00000000
1780709779.351163,vcan0,607,00
1780709779.366898,vcan0,600,00000000
1780709779.367031,vcan0,601,7F000000
1780709779.367120,vcan0,602,00000000
1780709779.383983,vcan0,600,00000000
1780709779.384136,vcan0,601,7F000000
1780709779.384246,vcan0,602,00000000
1780709779.403783,vcan0,600,00000000
1780709779.403966,vcan0,601,7F000000
1780709779.404070,vcan0,602,00000000
1780709779.404175,vcan0,603,01000000
1780709779.404273,vcan0,604,00
1780709779.404367,vcan0,605,00
1780709779.418888,vcan0,600,00000000
1780709779.419032,vcan0,601,7F000000
1780709779.419112,vcan0,602,00000000
1780709779.435023,vcan0,600,00000000
1780709779.435153,vcan0,601,7F000000
1780709779.435240,vcan0,602,00000000
1780709779.450842,vcan0,600,00000000
1780709779.450953,vcan0,601,7F000000
1780709779.451032,vcan0,602,00000000
1780709779.467750,vcan0,600,00000000
1780709779.468188,vcan0,601,7F000000
1780709779.468343,vcan0,602,00000000
1780709779.468513,vcan0,603,01000000
1780709779.468687,vcan0,604,00
1780709779.468832,vcan0,605,00
1780709779.468959,vcan0,607,00
1780709779.482739,vcan0,600,00000000
1780709779.482863,vcan0,601,7F000000
1780709779.482951,vcan0,602,00000000
1780709779.499026,vcan0,600,00000000
1780709779.499192,vcan0,601,7F000000
1780709779.499541,vcan0,602,00000000
1780709779.514989,vcan0,600,00000000
1780709779.515129,vcan0,601,7F000000
1780709779.515359,vcan0,602,00000000
1780709779.536202,vcan0,600,00000000
1780709779.536381,vcan0,601,7F000000
1780709779.536506,vcan0,602,00000000
1780709779.536594,vcan0,603,01000000
1780709779.536965,vcan0,604,00
1780709779.537250,vcan0,605,00
1780709779.551741,vcan0,600,00000000
1780709779.551865,vcan0,601,7F000000
1780709779.551942,vcan0,602,00000000
1780709779.567940,vcan0,600,00000000
1780709779.568100,vcan0,601,7F000000
1780709779.568209,vcan0,602,00000000
1780709779.568327,vcan0,607,00
1780709779.593372,vcan0,600,00000000
1780709779.593551,vcan0,601,7F000000
1780709779.593659,vcan0,602,00000000
1780709779.593767,vcan0,603,01000000
1780709779.593883,vcan0,604,00
1780709779.594007,vcan0,605,00
1780709779.609251,vcan0,600,00000000
1780709779.609409,vcan0,601,7F000000
1780709779.609529,vcan0,602,00000000
1780709779.625047,vcan0,600,00000000
1780709779.625173,vcan0,601,7F000000
1780709779.625249,vcan0,602,00000000
1780709779.641011,vcan0,600,00000000
1780709779.641136,vcan0,601,7F000000
1780709779.641218,vcan0,602,00000000
1780709779.665091,vcan0,600,00000000
1780709779.665237,vcan0,601,7F000000
1780709779.665308,vcan0,602,00000000
1780709779.665394,vcan0,603,01000000
1780709779.665503,vcan0,604,00
1780709779.665617,vcan0,605,00
1780709779.681027,vcan0,600,00000000
1780709779.681159,vcan0,601,7F000000
1780709779.681253,vcan0,602,00000000
1780709779.681351,vcan0,607,00
1780709779.697157,vcan0,600,00000000
1780709779.697292,vcan0,601,7F000000
1780709779.697379,vcan0,602,00000000
1780709779.712850,vcan0,600,00000000
1780709779.712944,vcan0,601,7F000000
1780709779.713016,vcan0,602,00000000
1780709779.731562,vcan0,600,00000000
1780709779.731749,vcan0,601,7F000000
1780709779.731840,vcan0,602,00000000
1780709779.731929,vcan0,603,01000000
1780709779.732020,vcan0,604,00
1780709779.732110,vcan0,605,00
1780709779.746808,vcan0,600,00000000
1780709779.746922,vcan0,601,7F000000
1780709779.746993,vcan0,602,00000000
1780709779.762949,vcan0,600,00000000
1780709779.763073,vcan0,601,7F000000
1780709779.763163,vcan0,602,00000000
1780709779.778928,vcan0,600,00000000
1780709779.779048,vcan0,601,7F000000
1780709779.779116,vcan0,602,00000000
1780709779.799895,vcan0,600,00000000
1780709779.800110,vcan0,601,7F000000
1780709779.800221,vcan0,602,00000000
1780709779.800339,vcan0,603,01000000
1780709779.800469,vcan0,604,00
1780709779.800580,vcan0,605,00
1780709779.801159,vcan0,607,00
1780709779.814783,vcan0,600,00000000
1780709779.814907,vcan0,601,7F000000
1780709779.814994,vcan0,602,00000000
1780709779.830977,vcan0,600,00000000
1780709779.831118,vcan0,601,7F000000
1780709779.831200,vcan0,602,00000000
1780709779.846878,vcan0,600,00000000
1780709779.847014,vcan0,601,7F000000
1780709779.847119,vcan0,602,00000000
1780709779.863623,vcan0,600,00000000
1780709779.863765,vcan0,601,7F000000
1780709779.863843,vcan0,602,00000000
1780709779.863914,vcan0,603,01000000
1780709779.863985,vcan0,604,00
1780709779.864051,vcan0,605,00
1780709779.878978,vcan0,600,00000000
1780709779.879125,vcan0,601,7F000000
1780709779.879217,vcan0,602,00000000
1780709779.894929,vcan0,600,00000000
1780709779.895072,vcan0,601,7F000000
1780709779.895165,vcan0,602,00000000
1780709779.910982,vcan0,600,00000000
1780709779.911121,vcan0,601,7F000000
1780709779.911216,vcan0,602,00000000
1780709779.911310,vcan0,607,00
1780709779.932070,vcan0,600,00000000
1780709779.932238,vcan0,601,7F000000
1780709779.932339,vcan0,602,00000000
1780709779.932477,vcan0,603,01000000
1780709779.932580,vcan0,604,00
1780709779.932690,vcan0,605,00
1780709779.946727,vcan0,600,00000000
1780709779.946829,vcan0,601,7F000000
1780709779.946898,vcan0,602,00000000
1780709779.962930,vcan0,600,00000000
1780709779.963053,vcan0,601,7F000000
1780709779.963129,vcan0,602,00000000
1780709779.977792,vcan0,600,00000000
1780709779.977906,vcan0,601,7F000000
1780709779.977980,vcan0,602,00000000
1780709779.996158,vcan0,600,00000000
1780709779.996342,vcan0,601,7F000000
1780709779.996481,vcan0,602,00000000
1780709779.996618,vcan0,603,01000000
1780709779.996753,vcan0,604,00
1780709779.996862,vcan0,605,00
1780709780.011895,vcan0,600,00000000
1780709780.012006,vcan0,601,7F000000
1780709780.012075,vcan0,602,00000000
1780709780.012146,vcan0,607,00
1780709780.027905,vcan0,600,00000000
1780709780.028033,vcan0,601,7F000000
1780709780.028108,vcan0,602,00000000
1780709780.043767,vcan0,600,00000000
1780709780.043899,vcan0,601,7F000000
1780709780.044011,vcan0,602,00000000
1780709780.062224,vcan0,600,00000000
1780709780.062364,vcan0,601,7F000000
1780709780.062487,vcan0,602,00000000
1780709780.062592,vcan0,603,01000000
1780709780.062725,vcan0,604,00
1780709780.062829,vcan0,605,00
1780709780.077802,vcan0,600,00000000
1780709780.077971,vcan0,601,7F000000
1780709780.078082,vcan0,602,00000000
1780709780.093966,vcan0,600,00000000
1780709780.094187,vcan0,601,7F000000
1780709780.094365,vcan0,602,00000000
1780709780.119626,vcan0,600,00000000
1780709780.119759,vcan0,601,7F000000
1780709780.119843,vcan0,602,00000000
1780709780.119918,vcan0,603,01000000
1780709780.119986,vcan0,604,00
1780709780.120057,vcan0,605,00
1780709780.120126,vcan0,607,00
1780709780.134964,vcan0,600,00000000
1780709780.135072,vcan0,601,7F000000
1780709780.135133,vcan0,602,00000000
1780709780.150880,vcan0,600,00000000
1780709780.150993,vcan0,601,7F000000
1780709780.151065,vcan0,602,00000000
1780709780.166945,vcan0,600,00000000
1780709780.167048,vcan0,601,7F000000
1780709780.167116,vcan0,602,00000000
1780709780.188995,vcan0,600,00000000
1780709780.189152,vcan0,601,7F000000
1780709780.189258,vcan0,602,00000000
1780709780.189361,vcan0,603,01000000
1780709780.189491,vcan0,604,00
1780709780.189594,vcan0,605,00
1780709780.205031,vcan0,600,00000000
1780709780.205172,vcan0,601,7F000000
1780709780.205250,vcan0,602,00000000
1780709780.220975,vcan0,600,00000000
1780709780.221112,vcan0,601,7F000000
1780709780.221189,vcan0,602,00000000
1780709780.221267,vcan0,607,00
1780709780.236879,vcan0,600,00000000
1780709780.237022,vcan0,601,7F000000
1780709780.237133,vcan0,602,00000000
1780709780.254406,vcan0,600,00000000
1780709780.254639,vcan0,601,7F000000
1780709780.254745,vcan0,602,00000000
1780709780.254851,vcan0,603,01000000
1780709780.254965,vcan0,604,00
1780709780.255061,vcan0,605,00
1780709780.269829,vcan0,600,00000000
1780709780.269938,vcan0,601,7F000000
1780709780.270013,vcan0,602,00000000
1780709780.285947,vcan0,600,00000000
1780709780.286093,vcan0,601,7F000000
1780709780.286186,vcan0,602,00000000
1780709780.301766,vcan0,600,00000000
1780709780.301899,vcan0,601,7F000000
1780709780.302005,vcan0,602,00000000
1780709780.320191,vcan0,600,00000000
1780709780.320375,vcan0,601,7F000000
1780709780.320535,vcan0,602,00000000
1780709780.320654,vcan0,603,01000000
1780709780.320756,vcan0,604,00
1780709780.320856,vcan0,605,00
1780709780.335826,vcan0,600,00000000
1780709780.335960,vcan0,601,7F000000
1780709780.336055,vcan0,602,00000000
1780709780.336149,vcan0,607,00
1780709780.351895,vcan0,600,00000000
1780709780.352015,vcan0,601,7F000000
1780709780.352108,vcan0,602,00000000
1780709780.368965,vcan0,600,00000000
1780709780.369079,vcan0,601,7F000000
1780709780.369164,vcan0,602,00000000
1780709780.390187,vcan0,600,00000000
1780709780.390371,vcan0,601,7F000000
1780709780.390516,vcan0,602,00000000
1780709780.390633,vcan0,603,01000000
1780709780.390729,vcan0,604,00
1780709780.390827,vcan0,605,00
1780709780.405847,vcan0,600,00000000
1780709780.406011,vcan0,601,7F000000
1780709780.406113,vcan0,602,00000000
1780709780.421940,vcan0,600,00000000
1780709780.422078,vcan0,601,7F000000
1780709780.422183,vcan0,602,00000000
1780709780.437749,vcan0,600,00000000
1780709780.437844,vcan0,601,7F000000
1780709780.437911,vcan0,602,00000000
1780709780.438011,vcan0,607,00
1780709780.461932,vcan0,600,00000000
1780709780.462118,vcan0,601,7F000000
1780709780.462218,vcan0,602,00000000
1780709780.462329,vcan0,603,01000000
1780709780.462429,vcan0,604,00
1780709780.462560,vcan0,605,00
1780709780.476831,vcan0,600,00000000
1780709780.476976,vcan0,601,7F000000
1780709780.477061,vcan0,602,00000000
1780709780.492905,vcan0,600,00000000
1780709780.493042,vcan0,601,7F000000
1780709780.493131,vcan0,602,00000000
1780709780.508861,vcan0,600,00000000
1780709780.508987,vcan0,601,7F000000
1780709780.509082,vcan0,602,00000000
1780709780.525895,vcan0,600,00000000
1780709780.526046,vcan0,601,7F000000
1780709780.526145,vcan0,602,00000000
1780709780.526236,vcan0,603,01000000
1780709780.526324,vcan0,604,00
1780709780.526409,vcan0,605,00
1780709780.540726,vcan0,600,00000000
1780709780.540843,vcan0,601,7F000000
1780709780.540937,vcan0,602,00000000
1780709780.541027,vcan0,607,00
1780709780.556907,vcan0,600,00000000
1780709780.557042,vcan0,601,7F000000
1780709780.557138,vcan0,602,00000000
1780709780.572987,vcan0,600,00000000
1780709780.573127,vcan0,601,7F000000
1780709780.573206,vcan0,602,00000000
1780709780.593371,vcan0,600,00000000
1780709780.593562,vcan0,601,7F000000
1780709780.593672,vcan0,602,00000000
1780709780.593794,vcan0,603,01000000
1780709780.593904,vcan0,604,00
1780709780.593979,vcan0,605,00
1780709780.608977,vcan0,600,00000000
1780709780.609089,vcan0,601,7F000000
1780709780.609164,vcan0,602,00000000
1780709780.624964,vcan0,600,00000000
1780709780.625091,vcan0,601,7F000000
1780709780.625167,vcan0,602,00000000
1780709780.640899,vcan0,600,00000000
1780709780.641016,vcan0,601,7F000000
1780709780.641089,vcan0,602,00000000
1780709780.641166,vcan0,607,00
1780709780.657020,vcan0,600,00000000
1780709780.657215,vcan0,601,7F000000
1780709780.657331,vcan0,602,00000000
1780709780.657440,vcan0,603,01000000
1780709780.657566,vcan0,604,00
1780709780.657679,vcan0,605,00
1780709780.672902,vcan0,600,00000000
1780709780.673026,vcan0,601,7F000000
1780709780.673115,vcan0,602,00000000
1780709780.689023,vcan0,600,00000000
1780709780.689147,vcan0,601,7F000000
1780709780.689232,vcan0,602,00000000
1780709780.713869,vcan0,600,00000000
1780709780.713986,vcan0,601,7F000000
1780709780.714063,vcan0,602,00000000
1780709780.714134,vcan0,603,01000000
1780709780.714201,vcan0,604,00
1780709780.714271,vcan0,605,00
1780709780.729147,vcan0,600,00000000
1780709780.729299,vcan0,601,7F000000
1780709780.729375,vcan0,602,00000000
1780709780.744786,vcan0,600,00000000
1780709780.744917,vcan0,601,7F000000
1780709780.744990,vcan0,602,00000000
1780709780.745070,vcan0,607,00
1780709780.760912,vcan0,600,00000000
1780709780.761029,vcan0,601,7F000000
1780709780.761109,vcan0,602,00000000
1780709780.785551,vcan0,600,00000000
1780709780.785727,vcan0,601,7F000000
1780709780.785825,vcan0,602,00000000
1780709780.785902,vcan0,603,01000000
1780709780.785972,vcan0,604,00
1780709780.786042,vcan0,605,00
1780709780.800816,vcan0,600,00000000
1780709780.800950,vcan0,601,7F000000
1780709780.801026,vcan0,602,00000000
1780709780.816921,vcan0,600,00000000
1780709780.817044,vcan0,601,7F000000
1780709780.817120,vcan0,602,00000000
1780709780.832760,vcan0,600,00000000
1780709780.832864,vcan0,601,7F000000
1780709780.832936,vcan0,602,00000000
1780709780.855780,vcan0,600,00000000
1780709780.855946,vcan0,601,7F000000
1780709780.856086,vcan0,602,00000000
1780709780.856199,vcan0,603,01000000
1780709780.856302,vcan0,604,00
1780709780.856398,vcan0,605,00
1780709780.856531,vcan0,607,00
1780709780.870899,vcan0,600,00000000
1780709780.871030,vcan0,601,7F000000
1780709780.871136,vcan0,602,00000000
1780709780.887008,vcan0,600,00000000
1780709780.887157,vcan0,601,7F000000
1780709780.887264,vcan0,602,00000000
1780709780.903117,vcan0,600,00000000
1780709780.903285,vcan0,601,7F000000
1780709780.903393,vcan0,602,00000000
1780709780.923144,vcan0,600,00000000
1780709780.923311,vcan0,601,7F000000
1780709780.923440,vcan0,602,00000000
1780709780.923561,vcan0,603,01000000
1780709780.923666,vcan0,604,00
1780709780.923755,vcan0,605,00
1780709780.938962,vcan0,600,00000000
1780709780.939071,vcan0,601,7F000000
1780709780.939141,vcan0,602,00000000
1780709780.955017,vcan0,600,00000000
1780709780.955137,vcan0,601,7F000000
1780709780.955229,vcan0,602,00000000
1780709780.970329,vcan0,600,00000000
1780709780.970470,vcan0,601,7F000000
1780709780.970555,vcan0,602,00000000
1780709780.970636,vcan0,607,00
1780709780.991189,vcan0,600,00000000
1780709780.991332,vcan0,601,7F000000
1780709780.991432,vcan0,602,00000000
1780709780.991571,vcan0,603,01000000
1780709780.991660,vcan0,604,00
1780709780.991754,vcan0,605,00
1780709781.006804,vcan0,600,00000000
1780709781.006909,vcan0,601,7F000000
1780709781.006976,vcan0,602,00000000
1780709781.022930,vcan0,600,00000000
1780709781.023060,vcan0,601,7F000000
1780709781.023136,vcan0,602,00000000
1780709781.038724,vcan0,600,00000000
1780709781.038828,vcan0,601,7F000000
1780709781.038898,vcan0,602,00000000
1780709781.056769,vcan0,600,00000000
1780709781.056947,vcan0,601,7F000000
1780709781.057057,vcan0,602,00000000
1780709781.057172,vcan0,603,01000000
1780709781.057285,vcan0,604,00
1780709781.057383,vcan0,605,00
1780709781.071887,vcan0,600,00000000
1780709781.072010,vcan0,601,7F000000
1780709781.072080,vcan0,602,00000000
1780709781.072150,vcan0,607,00
1780709781.087949,vcan0,600,00000000
1780709781.088073,vcan0,601,7F000000
1780709781.088153,vcan0,602,00000000
1780709781.103954,vcan0,600,00000000
1780709781.104065,vcan0,601,7F000000
1780709781.104144,vcan0,602,00000000
1780709781.125841,vcan0,600,00000000
1780709781.126246,vcan0,601,7F000000
1780709781.126362,vcan0,602,00000000
1780709781.126483,vcan0,603,01000000
1780709781.126589,vcan0,604,00
1780709781.126697,vcan0,605,00
1780709781.140785,vcan0,600,00000000
1780709781.140891,vcan0,601,7F000000
1780709781.140964,vcan0,602,00000000
1780709781.156917,vcan0,600,00000000
1780709781.157038,vcan0,601,7F000000
1780709781.157115,vcan0,602,00000000
1780709781.172868,vcan0,600,00000000
1780709781.172983,vcan0,601,7F000000
1780709781.173060,vcan0,602,00000000
1780709781.173133,vcan0,607,00
1780709781.189799,vcan0,600,00000000
1780709781.190208,vcan0,601,7F000000
1780709781.190535,vcan0,602,00000000
1780709781.190697,vcan0,603,01000000
1780709781.190795,vcan0,604,00
1780709781.190902,vcan0,605,00
1780709781.204916,vcan0,600,00000000
1780709781.205040,vcan0,601,7F000000
1780709781.205116,vcan0,602,00000000
1780709781.220827,vcan0,600,00000000
1780709781.220903,vcan0,601,7F000000
1780709781.220950,vcan0,602,00000000
1780709781.236784,vcan0,600,00000000
1780709781.236850,vcan0,601,7F000000
1780709781.236889,vcan0,602,00000000
1780709781.255928,vcan0,600,00000000
1780709781.256078,vcan0,601,7F000000
1780709781.256183,vcan0,602,00000000
1780709781.256287,vcan0,603,01000000
1780709781.256385,vcan0,604,00
1780709781.256634,vcan0,605,00
1780709781.270943,vcan0,600,00000000
1780709781.271072,vcan0,601,7F000000
1780709781.271159,vcan0,602,00000000
1780709781.286858,vcan0,600,00000000
1780709781.286945,vcan0,601,7F000000
1780709781.286998,vcan0,602,00000000
1780709781.287058,vcan0,607,00
1780709781.302689,vcan0,600,00000000
1780709781.302759,vcan0,601,7F000000
1780709781.302813,vcan0,602,00000000
1780709781.320963,vcan0,600,00000000
1780709781.321158,vcan0,601,7F000000
1780709781.321279,vcan0,602,00000000
1780709781.321378,vcan0,603,01000000
1780709781.321500,vcan0,604,00
1780709781.321600,vcan0,605,00
1780709781.335903,vcan0,600,00000000
1780709781.336065,vcan0,601,7F000000
1780709781.336181,vcan0,602,00000000
1780709781.351865,vcan0,600,00000000
1780709781.351949,vcan0,601,7F000000
1780709781.352003,vcan0,602,00000000
1780709781.368857,vcan0,600,00000000
1780709781.368938,vcan0,601,7F000000
1780709781.368984,vcan0,602,00000000
1780709781.390173,vcan0,600,00000000
1780709781.390490,vcan0,601,7F000000
1780709781.390594,vcan0,602,00000000
1780709781.390684,vcan0,603,01000000
1780709781.390772,vcan0,604,00
1780709781.390855,vcan0,605,00
1780709781.390943,vcan0,607,00
1780709781.406022,vcan0,600,00000000
1780709781.406190,vcan0,601,7F000000
1780709781.406272,vcan0,602,00000000
1780709781.421939,vcan0,600,00000000
1780709781.422136,vcan0,601,7F000000
1780709781.422227,vcan0,602,00000000
1780709781.437711,vcan0,600,00000000
1780709781.437799,vcan0,601,7F000000
1780709781.437916,vcan0,602,00000000
1780709781.456176,vcan0,600,00000000
1780709781.456342,vcan0,601,7F000000
1780709781.456496,vcan0,602,00000000
1780709781.456792,vcan0,603,01000000
1780709781.457039,vcan0,604,00
1780709781.457145,vcan0,605,00
1780709781.471808,vcan0,600,00000000
1780709781.471905,vcan0,601,7F000000
1780709781.471967,vcan0,602,00000000
1780709781.487885,vcan0,600,00000000
1780709781.487976,vcan0,601,7F000000
1780709781.488029,vcan0,602,00000000
1780709781.503666,vcan0,600,00000000
1780709781.503734,vcan0,601,7F000000
1780709781.503789,vcan0,602,00000000
1780709781.503861,vcan0,607,00
1780709781.528807,vcan0,600,00000000
1780709781.529109,vcan0,601,7F000000
1780709781.529296,vcan0,602,00000000
1780709781.529392,vcan0,603,01000000
1780709781.529503,vcan0,604,00
1780709781.529607,vcan0,605,00
1780709781.543934,vcan0,600,00000000
1780709781.544072,vcan0,601,7F000000
1780709781.544160,vcan0,602,00000000
1780709781.559949,vcan0,600,00000000
1780709781.560082,vcan0,601,7F000000
1780709781.560167,vcan0,602,00000000
1780709781.575931,vcan0,600,00000000
1780709781.576053,vcan0,601,7F000000
1780709781.576140,vcan0,602,00000000
1780709781.594913,vcan0,600,00000000
1780709781.595114,vcan0,601,7F000000
1780709781.595216,vcan0,602,00000000
1780709781.595317,vcan0,603,01000000
1780709781.595420,vcan0,604,00
1780709781.595550,vcan0,605,00
1780709781.610693,vcan0,600,00000000
1780709781.610799,vcan0,601,7F000000
1780709781.610869,vcan0,602,00000000
1780709781.610941,vcan0,607,00
1780709781.626032,vcan0,600,00000000
1780709781.626155,vcan0,601,7F000000
1780709781.626227,vcan0,602,00000000
1780709781.641833,vcan0,600,00000000
1780709781.641938,vcan0,601,7F000000
1780709781.642013,vcan0,602,00000000
1780709781.665027,vcan0,600,00000000
1780709781.665221,vcan0,601,7F000000
1780709781.665333,vcan0,602,00000000
1780709781.665430,vcan0,603,01000000
1780709781.665552,vcan0,604,00
1780709781.665644,vcan0,605,00
1780709781.679842,vcan0,600,00000000
1780709781.679953,vcan0,601,7F000000
1780709781.680024,vcan0,602,00000000
1780709781.696118,vcan0,600,00000000
1780709781.696229,vcan0,601,7F000000
1780709781.696306,vcan0,602,00000000
1780709781.711759,vcan0,600,00000000
1780709781.711856,vcan0,601,7F000000
1780709781.711928,vcan0,602,00000000
1780709781.711999,vcan0,607,00
1780709781.731815,vcan0,600,00000000
1780709781.731993,vcan0,601,7F000000
1780709781.732097,vcan0,602,00000000
1780709781.732202,vcan0,603,01000000
1780709781.732290,vcan0,604,00
1780709781.732377,vcan0,605,00
1780709781.746903,vcan0,600,00000000
1780709781.747025,vcan0,601,7F000000
1780709781.747104,vcan0,602,00000000
1780709781.762949,vcan0,600,00000000
1780709781.763071,vcan0,601,7F000000
1780709781.763144,vcan0,602,00000000
1780709781.778947,vcan0,600,00000000
1780709781.779058,vcan0,601,7F000000
1780709781.779132,vcan0,602,00000000
1780709781.801375,vcan0,600,00000000
1780709781.801588,vcan0,601,7F000000
1780709781.801688,vcan0,602,00000000
1780709781.801789,vcan0,603,01000000
1780709781.801887,vcan0,604,00
1780709781.801979,vcan0,605,00
1780709781.816900,vcan0,600,00000000
1780709781.817028,vcan0,601,7F000000
1780709781.817117,vcan0,602,00000000
1780709781.817213,vcan0,607,00
1780709781.832985,vcan0,600,00000000
1780709781.833098,vcan0,601,7F000000
1780709781.833172,vcan0,602,00000000
1780709781.848980,vcan0,600,00000000
1780709781.849096,vcan0,601,7F000000
1780709781.849169,vcan0,602,00000000
1780709781.866684,vcan0,600,00000000
1780709781.866837,vcan0,601,7F000000
1780709781.866933,vcan0,602,00000000
1780709781.867021,vcan0,603,01000000
1780709781.867108,vcan0,604,00
1780709781.867201,vcan0,605,00
1780709781.881828,vcan0,600,00000000
1780709781.881947,vcan0,601,7F000000
1780709781.882019,vcan0,602,00000000
1780709781.897952,vcan0,600,00000000
1780709781.898088,vcan0,601,7F000000
1780709781.898163,vcan0,602,00000000
1780709781.913911,vcan0,600,00000000
1780709781.914056,vcan0,601,7F000000
1780709781.914176,vcan0,602,00000000
1780709781.934546,vcan0,600,00000000
1780709781.934850,vcan0,601,7F000000
1780709781.934934,vcan0,602,00000000
1780709781.935005,vcan0,603,01000000
1780709781.935073,vcan0,604,00
1780709781.935161,vcan0,605,00
1780709781.935258,vcan0,607,00
1780709781.949930,vcan0,600,00000000
1780709781.950149,vcan0,601,7F000000
1780709781.950263,vcan0,602,00000000
1780709781.966092,vcan0,600,00000000
1780709781.966218,vcan0,601,7F000000
1780709781.966290,vcan0,602,00000000
1780709781.980808,vcan0,600,00000000
1780709781.980930,vcan0,601,7F000000
1780709781.981006,vcan0,602,00000000
1780709782.004312,vcan0,600,00000000
1780709782.004508,vcan0,601,7F000000
1780709782.004626,vcan0,602,00000000
1780709782.004704,vcan0,603,01000000
1780709782.004775,vcan0,604,00
1780709782.004843,vcan0,605,00
1780709782.017998,vcan0,600,00000000
1780709782.018126,vcan0,601,7F000000
1780709782.018218,vcan0,602,00000000
1780709782.034033,vcan0,600,00000000
1780709782.034167,vcan0,601,7F000000
1780709782.034256,vcan0,602,00000000
1780709782.049779,vcan0,600,00000000
1780709782.049890,vcan0,601,7F000000
1780709782.049973,vcan0,602,00000000
1780709782.050059,vcan0,607,00
1780709782.072325,vcan0,600,00000000
1780709782.072522,vcan0,601,7F000000
1780709782.072656,vcan0,602,00000000
1780709782.072760,vcan0,603,01000000
1780709782.072862,vcan0,604,00
1780709782.072967,vcan0,605,00
1780709782.088006,vcan0,600,00000000
1780709782.088145,vcan0,601,7F000000
1780709782.088236,vcan0,602,00000000
1780709782.103996,vcan0,600,00000000
1780709782.104113,vcan0,601,7F000000
1780709782.104188,vcan0,602,00000000
1780709782.119721,vcan0,600,00000000
1780709782.119821,vcan0,601,7F000000
1780709782.119899,vcan0,602,00000000
1780709782.137112,vcan0,600,00000000
1780709782.137290,vcan0,601,7F000000
1780709782.137388,vcan0,602,00000000
1780709782.137505,vcan0,603,01000000
1780709782.137597,vcan0,604,00
1780709782.137692,vcan0,605,00
1780709782.152899,vcan0,600,00000000
1780709782.153018,vcan0,601,7F000000
1780709782.153097,vcan0,602,00000000
1780709782.153171,vcan0,607,00
1780709782.169032,vcan0,600,00000000
1780709782.169159,vcan0,601,7F000000
1780709782.169260,vcan0,602,00000000
1780709782.184952,vcan0,600,00000000
1780709782.185076,vcan0,601,7F000000
1780709782.185157,vcan0,602,00000000
1780709782.205756,vcan0,600,00000000
1780709782.205986,vcan0,601,7F000000
1780709782.206094,vcan0,602,00000000
1780709782.206225,vcan0,603,01000000
1780709782.206347,vcan0,604,00
1780709782.206466,vcan0,605,00
1780709782.220987,vcan0,600,00000000
1780709782.221133,vcan0,601,7F000000
1780709782.221239,vcan0,602,00000000
1780709782.236860,vcan0,600,00000000
1780709782.236959,vcan0,601,7F000000
1780709782.237032,vcan0,602,00000000
1780709782.252913,vcan0,600,00000000
1780709782.253026,vcan0,601,7F000000
1780709782.253097,vcan0,602,00000000
1780709782.253168,vcan0,607,00
1780709782.276797,vcan0,600,00000000
1780709782.276985,vcan0,601,7F000000
1780709782.277103,vcan0,602,00000000
1780709782.277208,vcan0,603,01000000
1780709782.277311,vcan0,604,00
1780709782.277419,vcan0,605,00
1780709782.291742,vcan0,600,00000000
1780709782.291848,vcan0,601,7F000000
1780709782.291919,vcan0,602,00000000
1780709782.307934,vcan0,600,00000000
1780709782.308047,vcan0,601,7F000000
1780709782.308114,vcan0,602,00000000
1780709782.323731,vcan0,600,00000000
1780709782.323814,vcan0,601,7F000000
1780709782.323867,vcan0,602,00000000
1780709782.343317,vcan0,600,00000000
1780709782.343535,vcan0,601,7F000000
1780709782.343651,vcan0,602,00000000
1780709782.343762,vcan0,603,01000000
1780709782.343867,vcan0,604,00
1780709782.343969,vcan0,605,00
1780709782.359057,vcan0,600,00000000
1780709782.359189,vcan0,601,7F000000
1780709782.359263,vcan0,602,00000000
1780709782.359334,vcan0,607,00
1780709782.375855,vcan0,600,00000000
1780709782.375961,vcan0,601,7F000000
1780709782.376030,vcan0,602,00000000
1780709782.400862,vcan0,600,00000000
1780709782.401036,vcan0,601,7F000000
1780709782.401119,vcan0,602,00000000
1780709782.401194,vcan0,603,01000000
1780709782.401264,vcan0,604,00
1780709782.401338,vcan0,605,00
1780709782.416127,vcan0,600,00000000
1780709782.416247,vcan0,601,7F000000
1780709782.416321,vcan0,602,00000000
1780709782.431805,vcan0,600,00000000
1780709782.431905,vcan0,601,7F000000
1780709782.431979,vcan0,602,00000000
1780709782.447918,vcan0,600,00000000
1780709782.448023,vcan0,601,7F000000
1780709782.448094,vcan0,602,00000000
1780709782.472791,vcan0,600,00000000
1780709782.472988,vcan0,601,7F000000
1780709782.473095,vcan0,602,00000000
1780709782.473193,vcan0,603,01000000
1780709782.473289,vcan0,604,00
1780709782.473389,vcan0,605,00
1780709782.473517,vcan0,607,00
1780709782.488033,vcan0,600,00000000
1780709782.488167,vcan0,601,7F000000
1780709782.488262,vcan0,602,00000000
1780709782.504072,vcan0,600,00000000
1780709782.504213,vcan0,601,7F000000
1780709782.504304,vcan0,602,00000000
1780709782.519947,vcan0,600,00000000
1780709782.520083,vcan0,601,7F000000
1780709782.520176,vcan0,602,00000000
1780709782.538029,vcan0,600,00000000
1780709782.538254,vcan0,601,7F000000
1780709782.538359,vcan0,602,00000000
1780709782.538496,vcan0,603,01000000
1780709782.538624,vcan0,604,00
1780709782.538732,vcan0,605,00
1780709782.553118,vcan0,600,00000000
1780709782.553256,vcan0,601,7F000000
1780709782.553338,vcan0,602,00000000
1780709782.569099,vcan0,600,00000000
1780709782.569242,vcan0,601,7F000000
1780709782.569324,vcan0,602,00000000
1780709782.585015,vcan0,600,00000000
1780709782.585127,vcan0,601,7F000000
1780709782.585196,vcan0,602,00000000
1780709782.585268,vcan0,607,00
1780709782.610707,vcan0,600,00000000
1780709782.610879,vcan0,601,7F000000
1780709782.611021,vcan0,602,00000000
1780709782.611128,vcan0,603,01000000
1780709782.611247,vcan0,604,00
1780709782.611361,vcan0,605,00
1780709782.626060,vcan0,600,00000000
1780709782.626208,vcan0,601,7F000000
1780709782.626310,vcan0,602,00000000
1780709782.642078,vcan0,600,00000000
1780709782.642206,vcan0,601,7F000000
1780709782.642276,vcan0,602,00000000
1780709782.657763,vcan0,600,00000000
1780709782.657867,vcan0,601,7F000000
1780709782.657947,vcan0,602,00000000
1780709782.681270,vcan0,600,00000000
1780709782.681418,vcan0,601,7F000000
1780709782.681528,vcan0,602,00000000
1780709782.681614,vcan0,603,01000000
1780709782.681727,vcan0,604,00
1780709782.681851,vcan0,605,00
1780709782.697155,vcan0,600,00000000
1780709782.697307,vcan0,601,7F000000
1780709782.697408,vcan0,602,00000000
1780709782.697534,vcan0,607,00
1780709782.712980,vcan0,600,00000000
1780709782.713172,vcan0,601,7F000000
1780709782.713254,vcan0,602,00000000
1780709782.728821,vcan0,600,00000000
1780709782.728944,vcan0,601,7F000000
1780709782.729055,vcan0,602,00000000
1780709782.751315,vcan0,600,00000000
1780709782.751492,vcan0,601,7F000000
1780709782.751599,vcan0,602,00000000
1780709782.751701,vcan0,603,01000000
1780709782.751801,vcan0,604,00
1780709782.752248,vcan0,605,00
1780709782.766802,vcan0,600,00000000
1780709782.766927,vcan0,601,7F000000
1780709782.767013,vcan0,602,00000000
1780709782.782918,vcan0,600,00000000
1780709782.783055,vcan0,601,7F000000
1780709782.783141,vcan0,602,00000000
1780709782.808018,vcan0,600,00000000
1780709782.808153,vcan0,601,7F000000
1780709782.808232,vcan0,602,00000000
1780709782.808300,vcan0,603,01000000
1780709782.808372,vcan0,604,00
1780709782.808435,vcan0,605,00
1780709782.808553,vcan0,607,00
1780709782.824214,vcan0,600,00000000
1780709782.824366,vcan0,601,7F000000
1780709782.824474,vcan0,602,00000000
1780709782.839864,vcan0,600,00000000
1780709782.840003,vcan0,601,7F000000
1780709782.840082,vcan0,602,00000000
1780709782.855965,vcan0,600,00000000
1780709782.856119,vcan0,601,7F000000
1780709782.856229,vcan0,602,00000000
1780709782.876383,vcan0,600,00000000
1780709782.876668,vcan0,601,7F000000
1780709782.876787,vcan0,602,00000000
1780709782.876905,vcan0,603,01000000
1780709782.877041,vcan0,604,00
1780709782.877177,vcan0,605,00
1780709782.891691,vcan0,600,00000000
1780709782.891789,vcan0,601,7F000000
1780709782.891859,vcan0,602,00000000
1780709782.907763,vcan0,600,00000000
1780709782.907868,vcan0,601,7F000000
1780709782.907938,vcan0,602,00000000
1780709782.933104,vcan0,600,00000000
1780709782.933225,vcan0,601,7F000000
1780709782.933306,vcan0,602,00000000
1780709782.933377,vcan0,603,01000000
1780709782.933480,vcan0,604,00
1780709782.933556,vcan0,605,00
1780709782.933628,vcan0,607,00
1780709782.949057,vcan0,600,00000000
1780709782.949180,vcan0,601,7F000000
1780709782.949254,vcan0,602,00000000
1780709782.964801,vcan0,600,00000000
1780709782.964916,vcan0,601,7F000000
1780709782.964989,vcan0,602,00000000
1780709782.979819,vcan0,600,00000000
1780709782.979933,vcan0,601,7F000000
1780709782.980005,vcan0,602,00000000
1780709783.006257,vcan0,600,00000000
1780709783.006507,vcan0,601,7F000000
1780709783.006657,vcan0,602,00000000
1780709783.006772,vcan0,603,01000000
1780709783.006892,vcan0,604,00
1780709783.006991,vcan0,605,00
1780709783.020744,vcan0,600,00000000
1780709783.020854,vcan0,601,7F000000
1780709783.020927,vcan0,602,00000000
1780709783.036852,vcan0,600,00000000
1780709783.036969,vcan0,601,7F000000
1780709783.037043,vcan0,602,00000000
1780709783.037119,vcan0,607,00
1780709783.052707,vcan0,600,00000000
1780709783.052810,vcan0,601,7F000000
1780709783.052880,vcan0,602,00000000
1780709783.071131,vcan0,600,00000000
1780709783.071364,vcan0,601,7F000000
1780709783.071524,vcan0,602,00000000
1780709783.071649,vcan0,603,01000000
1780709783.071769,vcan0,604,00
1780709783.071875,vcan0,605,00
1780709783.085810,vcan0,600,00000000
1780709783.085984,vcan0,601,7F000000
1780709783.086109,vcan0,602,00000000
1780709783.101924,vcan0,600,00000000
1780709783.102051,vcan0,601,7F000000
1780709783.102130,vcan0,602,00000000
1780709783.117738,vcan0,600,00000000
1780709783.117843,vcan0,601,7F000000
1780709783.117913,vcan0,602,00000000
1780709783.139915,vcan0,600,00000000
1780709783.140068,vcan0,601,7F000000
1780709783.140164,vcan0,602,00000000
1780709783.140238,vcan0,603,01000000
1780709783.140309,vcan0,604,00
1780709783.140376,vcan0,605,00
1780709783.140472,vcan0,607,00
1780709783.154786,vcan0,600,00000000
1780709783.154904,vcan0,601,7F000000
1780709783.154980,vcan0,602,00000000
1780709783.170976,vcan0,600,00000000
1780709783.171101,vcan0,601,7F000000
1780709783.171178,vcan0,602,00000000
1780709783.186695,vcan0,600,00000000
1780709783.186798,vcan0,601,7F000000
1780709783.186865,vcan0,602,00000000
1780709783.205033,vcan0,600,00000000
1780709783.205185,vcan0,601,7F000000
1780709783.205263,vcan0,602,00000000
1780709783.205360,vcan0,603,01000000
1780709783.205492,vcan0,604,00
1780709783.205603,vcan0,605,00
1780709783.220816,vcan0,600,00000000
1780709783.220932,vcan0,601,7F000000
1780709783.221003,vcan0,602,00000000
1780709783.236932,vcan0,600,00000000
1780709783.237063,vcan0,601,7F000000
1780709783.237136,vcan0,602,00000000
1780709783.252881,vcan0,600,00000000
1780709783.253002,vcan0,601,7F000000
1780709783.253075,vcan0,602,00000000
1780709783.253152,vcan0,607,00
1780709783.273168,vcan0,600,00000000
1780709783.273298,vcan0,601,7F000000
1780709783.273370,vcan0,602,00000000
1780709783.273464,vcan0,603,01000000
1780709783.273537,vcan0,604,00
1780709783.273604,vcan0,605,00
1780709783.288763,vcan0,600,00000000
1780709783.288876,vcan0,601,7F000000
1780709783.288949,vcan0,602,00000000
1780709783.304953,vcan0,600,00000000
1780709783.305074,vcan0,601,7F000000
1780709783.305149,vcan0,602,00000000
1780709783.320733,vcan0,600,00000000
1780709783.320846,vcan0,601,7F000000
1780709783.320916,vcan0,602,00000000
1780709783.338647,vcan0,600,00000000
1780709783.338814,vcan0,601,7F000000
1780709783.338928,vcan0,602,00000000
1780709783.339047,vcan0,603,01000000
1780709783.339142,vcan0,604,00
1780709783.339480,vcan0,605,00
1780709783.353766,vcan0,600,00000000
1780709783.353871,vcan0,601,7F000000
1780709783.353944,vcan0,602,00000000
1780709783.354021,vcan0,607,00
1780709783.370929,vcan0,600,00000000
1780709783.371053,vcan0,601,7F000000
1780709783.371140,vcan0,602,00000000
1780709783.386901,vcan0,600,00000000
1780709783.387029,vcan0,601,7F000000
1780709783.387105,vcan0,602,00000000
1780709783.403644,vcan0,60D,11000000
1780709783.403805,vcan0,600,00000000
1780709783.403904,vcan0,601,7F000000
1780709783.403986,vcan0,602,00000000
1780709783.404057,vcan0,603,01000000
1780709783.404135,vcan0,604,00
1780709783.404224,vcan0,605,00
1780709783.418913,vcan0,600,00000000
1780709783.419080,vcan0,601,7F000000
1780709783.419189,vcan0,602,00000000
1780709783.434925,vcan0,600,00000000
1780709783.435038,vcan0,601,7F000000
1780709783.435110,vcan0,602,00000000
1780709783.450757,vcan0,600,00000000
1780709783.450878,vcan0,601,7F000000
1780709783.450948,vcan0,602,00000000
1780709783.469353,vcan0,600,00000000
1780709783.469513,vcan0,601,7F000000
1780709783.469621,vcan0,602,00000000
1780709783.469712,vcan0,603,01000000
1780709783.469802,vcan0,604,00
1780709783.469890,vcan0,605,00
1780709783.469987,vcan0,607,00
1780709783.484907,vcan0,600,00000000
1780709783.485049,vcan0,601,7F000000
1780709783.485155,vcan0,602,00000000
1780709783.500892,vcan0,600,00000000
1780709783.501009,vcan0,601,7F000000
1780709783.501083,vcan0,602,00000000
1780709783.516683,vcan0,600,00000000
1780709783.516794,vcan0,601,7F000000
1780709783.516869,vcan0,602,00000000
1780709783.539210,vcan0,600,00000000
1780709783.539380,vcan0,601,7F000000
1780709783.539510,vcan0,602,00000000
1780709783.539611,vcan0,603,01000000
1780709783.539713,vcan0,604,00
1780709783.539796,vcan0,605,00
1780709783.555037,vcan0,600,00000000
1780709783.555223,vcan0,601,7F000000
1780709783.555326,vcan0,602,00000000
1780709783.570660,vcan0,600,00000000
1780709783.570722,vcan0,601,7F000000
1780709783.570761,vcan0,602,00000000
1780709783.570808,vcan0,607,00
1780709783.586735,vcan0,600,00000000
1780709783.586819,vcan0,601,7F000000
1780709783.586870,vcan0,602,00000000
1780709783.612018,vcan0,600,00000000
1780709783.612196,vcan0,601,7F000000
1780709783.612322,vcan0,602,00000000
1780709783.612428,vcan0,603,01000000
1780709783.612544,vcan0,604,00
1780709783.612641,vcan0,605,00
1780709783.627097,vcan0,600,00000000
1780709783.627396,vcan0,601,7F000000
1780709783.627603,vcan0,602,00000000
1780709783.642992,vcan0,600,00000000
1780709783.643135,vcan0,601,7F000000
1780709783.643330,vcan0,602,00000000
1780709783.658746,vcan0,600,00000000
1780709783.658855,vcan0,601,7F000000
1780709783.658928,vcan0,602,00000000
1780709783.681504,vcan0,600,00000000
1780709783.681656,vcan0,601,7F000000
1780709783.681766,vcan0,602,00000000
1780709783.681880,vcan0,603,01000000
1780709783.682008,vcan0,604,00
1780709783.682131,vcan0,605,00
1780709783.682255,vcan0,607,00
1780709783.696888,vcan0,600,00000000
1780709783.697033,vcan0,601,7F000000
1780709783.697124,vcan0,602,00000000
1780709783.712911,vcan0,600,00000000
1780709783.713047,vcan0,601,7F000000
1780709783.713130,vcan0,602,00000000
1780709783.728913,vcan0,600,00000000
1780709783.729065,vcan0,601,7F000000
1780709783.729178,vcan0,602,00000000
1780709783.746845,vcan0,600,00000000
1780709783.747005,vcan0,601,7F000000
1780709783.747122,vcan0,602,00000000
1780709783.747230,vcan0,603,01000000
1780709783.747688,vcan0,604,00
1780709783.747811,vcan0,605,00
1780709783.762930,vcan0,600,00000000
1780709783.763054,vcan0,601,7F000000
1780709783.763149,vcan0,602,00000000
1780709783.779004,vcan0,600,00000000
1780709783.779143,vcan0,601,7F000000
1780709783.779438,vcan0,602,00000000
1780709783.794906,vcan0,600,00000000
1780709783.795047,vcan0,601,7F000000
1780709783.795121,vcan0,602,00000000
1780709783.795304,vcan0,607,00
1780709783.822639,vcan0,600,00000000
1780709783.822799,vcan0,601,7F000000
1780709783.822893,vcan0,602,00000000
1780709783.822983,vcan0,603,01000000
1780709783.823069,vcan0,604,00
1780709783.823160,vcan0,605,00
1780709783.838055,vcan0,600,00000000
1780709783.838179,vcan0,601,7F000000
1780709783.838244,vcan0,602,00000000
1780709783.853909,vcan0,600,00000000
1780709783.854017,vcan0,601,7F000000
1780709783.854074,vcan0,602,00000000
1780709783.870096,vcan0,600,00000000
1780709783.870230,vcan0,601,7F000000
1780709783.870324,vcan0,602,00000000
1780709783.892758,vcan0,600,00000000
1780709783.892919,vcan0,601,7F000000
1780709783.893013,vcan0,602,00000000
1780709783.893105,vcan0,603,01000000
1780709783.893212,vcan0,604,00
1780709783.893301,vcan0,605,00
1780709783.907854,vcan0,600,00000000
1780709783.908006,vcan0,601,7F000000
1780709783.908109,vcan0,602,00000000
1780709783.908193,vcan0,607,00
1780709783.923971,vcan0,600,00000000
1780709783.924088,vcan0,601,7F000000
1780709783.924167,vcan0,602,00000000
1780709783.939773,vcan0,600,00000000
1780709783.939867,vcan0,601,7F000000
1780709783.939941,vcan0,602,00000000
1780709783.958372,vcan0,600,00000000
1780709783.958621,vcan0,601,7F000000
1780709783.958763,vcan0,602,00000000
1780709783.958878,vcan0,603,01000000
1780709783.958983,vcan0,604,00
1780709783.959090,vcan0,605,00
1780709783.973066,vcan0,600,00000000
1780709783.973233,vcan0,601,7F000000
1780709783.973348,vcan0,602,00000000
1780709783.989137,vcan0,600,00000000
1780709783.989269,vcan0,601,7F000000
1780709783.989348,vcan0,602,00000000
1780709784.016979,vcan0,600,00000000
1780709784.017124,vcan0,601,7F000000
1780709784.017203,vcan0,602,00000000
1780709784.017277,vcan0,603,01000000
1780709784.017344,vcan0,604,00
1780709784.017417,vcan0,605,00
1780709784.017541,vcan0,607,00
1780709784.032998,vcan0,600,00000000
1780709784.033126,vcan0,601,7F000000
1780709784.033201,vcan0,602,00000000
1780709784.048871,vcan0,600,00000000
1780709784.048988,vcan0,601,7F000000
1780709784.049061,vcan0,602,00000000
1780709784.064889,vcan0,600,00000000
1780709784.065015,vcan0,601,7F000000
1780709784.065087,vcan0,602,00000000
1780709784.090989,vcan0,600,00000000
1780709784.091139,vcan0,601,7F000000
1780709784.091235,vcan0,602,00000000
1780709784.091335,vcan0,603,01000000
1780709784.091469,vcan0,604,00
1780709784.091559,vcan0,605,00
1780709784.106761,vcan0,600,00000000
1780709784.106898,vcan0,601,7F000000
1780709784.106984,vcan0,602,00000000
1780709784.122911,vcan0,600,00000000
1780709784.123046,vcan0,601,7F000000
1780709784.123130,vcan0,602,00000000
1780709784.123222,vcan0,607,00
1780709784.148500,vcan0,600,00000000
1780709784.148640,vcan0,601,7F000000
1780709784.148719,vcan0,602,00000000
1780709784.148796,vcan0,603,01000000
1780709784.148865,vcan0,604,00
1780709784.148937,vcan0,605,00
1780709784.164044,vcan0,600,00000000
1780709784.164194,vcan0,601,7F000000
1780709784.164286,vcan0,602,00000000
1780709784.179876,vcan0,600,00000000
1780709784.179998,vcan0,601,7F000000
1780709784.180087,vcan0,602,00000000
1780709784.195843,vcan0,600,00000000
1780709784.195972,vcan0,601,7F000000
1780709784.196058,vcan0,602,00000000
1780709784.220921,vcan0,600,00000000
1780709784.221093,vcan0,601,7F000000
1780709784.221191,vcan0,602,00000000
1780709784.221276,vcan0,603,01000000
1780709784.221352,vcan0,604,00
1780709784.221436,vcan0,605,00
1780709784.235869,vcan0,600,00000000
1780709784.236000,vcan0,601,7F000000
1780709784.236088,vcan0,602,00000000
1780709784.236191,vcan0,607,00
1780709784.251962,vcan0,600,00000000
1780709784.252096,vcan0,601,7F000000
1780709784.252207,vcan0,602,00000000
1780709784.267804,vcan0,600,00000000
1780709784.267914,vcan0,601,7F000000
1780709784.268002,vcan0,602,00000000
1780709784.285412,vcan0,600,00000000
1780709784.285581,vcan0,601,7F000000
1780709784.285687,vcan0,602,00000000
1780709784.285799,vcan0,603,01000000
1780709784.285900,vcan0,604,00
1780709784.285996,vcan0,605,00
1780709784.300975,vcan0,600,00000000
1780709784.301088,vcan0,601,7F000000
1780709784.301163,vcan0,602,00000000
1780709784.317240,vcan0,600,00000000
1780709784.317360,vcan0,601,7F000000
1780709784.317434,vcan0,602,00000000
1780709784.333051,vcan0,600,00000000
1780709784.333184,vcan0,601,7F000000
1780709784.333259,vcan0,602,00000000
1780709784.354416,vcan0,600,00000000
1780709784.354689,vcan0,601,7F000000
1780709784.354803,vcan0,602,00000000
1780709784.354928,vcan0,603,01000000
1780709784.355000,vcan0,604,00
1780709784.355069,vcan0,605,00
1780709784.355147,vcan0,607,00
1780709784.370911,vcan0,600,00000000
1780709784.371079,vcan0,601,7F000000
1780709784.371172,vcan0,602,00000000
1780709784.386924,vcan0,600,00000000
1780709784.387087,vcan0,601,7F000000
1780709784.387193,vcan0,602,00000000
1780709784.415518,vcan0,600,00000000
1780709784.415639,vcan0,601,7F000000
1780709784.415713,vcan0,602,00000000
1780709784.415783,vcan0,603,01000000
1780709784.415853,vcan0,604,00
1780709784.415920,vcan0,605,00
1780709784.430886,vcan0,600,00000000
1780709784.431019,vcan0,601,7F000000
1780709784.431103,vcan0,602,00000000
1780709784.446889,vcan0,600,00000000
1780709784.447015,vcan0,601,7F000000
1780709784.447093,vcan0,602,00000000
1780709784.462844,vcan0,600,00000000
1780709784.462968,vcan0,601,7F000000
1780709784.463046,vcan0,602,00000000
1780709784.463130,vcan0,607,00
1780709784.483779,vcan0,600,00000000
1780709784.483966,vcan0,601,7F000000
1780709784.484069,vcan0,602,00000000
1780709784.484202,vcan0,603,01000000
1780709784.484330,vcan0,604,00
1780709784.484480,vcan0,605,00
1780709784.498782,vcan0,600,00000000
1780709784.498890,vcan0,601,7F000000
1780709784.498964,vcan0,602,00000000
1780709784.514840,vcan0,600,00000000
1780709784.514950,vcan0,601,7F000000
1780709784.515026,vcan0,602,00000000
1780709784.530701,vcan0,600,00000000
1780709784.530800,vcan0,601,7F000000
1780709784.530872,vcan0,602,00000000
1780709784.550101,vcan0,600,00000000
1780709784.550261,vcan0,601,7F000000
1780709784.550358,vcan0,602,00000000
1780709784.550488,vcan0,603,01000000
1780709784.550582,vcan0,604,00
1780709784.550666,vcan0,605,00
1780709784.565775,vcan0,600,00000000
1780709784.565907,vcan0,601,7F000000
1780709784.566008,vcan0,602,00000000
1780709784.566100,vcan0,607,00
1780709784.581873,vcan0,600,00000000
1780709784.582007,vcan0,601,7F000000
1780709784.582079,vcan0,602,00000000
1780709784.597754,vcan0,600,00000000
1780709784.597855,vcan0,601,7F000000
1780709784.597932,vcan0,602,00000000
1780709784.620142,vcan0,600,00000000
1780709784.620386,vcan0,601,7F000000
1780709784.620547,vcan0,602,00000000
1780709784.620674,vcan0,603,01000000
1780709784.620809,vcan0,604,00
1780709784.620899,vcan0,605,00
1780709784.635971,vcan0,600,00000000
1780709784.636130,vcan0,601,7F000000
1780709784.636207,vcan0,602,00000000
1780709784.651975,vcan0,600,00000000
1780709784.652126,vcan0,601,7F000000
1780709784.652229,vcan0,602,00000000
1780709784.667751,vcan0,600,00000000
1780709784.667847,vcan0,601,7F000000
1780709784.667914,vcan0,602,00000000
1780709784.667984,vcan0,607,00
1780709784.687087,vcan0,600,00000000
1780709784.687269,vcan0,601,7F000000
1780709784.687372,vcan0,602,00000000
1780709784.687509,vcan0,603,01000000
1780709784.687619,vcan0,604,00
1780709784.687725,vcan0,605,00
1780709784.702944,vcan0,600,00000000
1780709784.703089,vcan0,601,7F000000
1780709784.703193,vcan0,602,00000000
1780709784.719001,vcan0,600,00000000
1780709784.719151,vcan0,601,7F000000
1780709784.719232,vcan0,602,00000000
1780709784.734702,vcan0,600,00000000
1780709784.734794,vcan0,601,7F000000
1780709784.734857,vcan0,602,00000000
1780709784.758269,vcan0,600,00000000
1780709784.758523,vcan0,601,7F000000
1780709784.758640,vcan0,602,00000000
1780709784.758746,vcan0,603,01000000
1780709784.758852,vcan0,604,00
1780709784.758958,vcan0,605,00
1780709784.773755,vcan0,600,00000000
1780709784.773867,vcan0,601,7F000000
1780709784.773937,vcan0,602,00000000
1780709784.774011,vcan0,607,00
1780709784.789874,vcan0,600,00000000
1780709784.789988,vcan0,601,7F000000
1780709784.790072,vcan0,602,00000000
1780709784.805717,vcan0,600,00000000
1780709784.805819,vcan0,601,7F000000
1780709784.805888,vcan0,602,00000000
1780709784.823162,vcan0,600,00000000
1780709784.823337,vcan0,601,7F000000
1780709784.823463,vcan0,602,00000000
1780709784.823559,vcan0,603,01000000
1780709784.823633,vcan0,604,00
1780709784.823730,vcan0,605,00
1780709784.838719,vcan0,600,00000000
1780709784.838843,vcan0,601,7F000000
1780709784.838927,vcan0,602,00000000
1780709784.854822,vcan0,600,00000000
1780709784.854951,vcan0,601,7F000000
1780709784.855038,vcan0,602,00000000
1780709784.870758,vcan0,600,00000000
1780709784.870880,vcan0,601,7F000000
1780709784.870966,vcan0,602,00000000
1780709784.894494,vcan0,600,00000000
1780709784.894670,vcan0,601,7F000000
1780709784.894782,vcan0,602,00000000
1780709784.894920,vcan0,603,01000000
1780709784.895002,vcan0,604,00
1780709784.895073,vcan0,605,00
1780709784.895140,vcan0,607,00
1780709784.909840,vcan0,600,00000000
1780709784.910021,vcan0,601,7F000000
1780709784.910106,vcan0,602,00000000
1780709784.925876,vcan0,600,00000000
1780709784.926026,vcan0,601,7F000000
1780709784.926102,vcan0,602,00000000
1780709784.941699,vcan0,600,00000000
1780709784.941809,vcan0,601,7F000000
1780709784.941908,vcan0,602,00000000
1780709784.962311,vcan0,600,00000000
1780709784.962535,vcan0,601,7F000000
1780709784.962639,vcan0,602,00000000
1780709784.962734,vcan0,603,01000000
1780709784.962825,vcan0,604,00
1780709784.962913,vcan0,605,00
1780709784.976943,vcan0,600,00000000
1780709784.977089,vcan0,601,7F000000
1780709784.977167,vcan0,602,00000000
1780709784.992903,vcan0,600,00000000
1780709784.993024,vcan0,601,7F000000
1780709784.993098,vcan0,602,00000000
1780709785.009003,vcan0,600,00000000
1780709785.009154,vcan0,601,7F000000
1780709785.009235,vcan0,602,00000000
1780709785.009310,vcan0,607,00
1780709785.035279,vcan0,600,00000000
1780709785.035492,vcan0,601,7F000000
1780709785.035596,vcan0,602,00000000
1780709785.035692,vcan0,603,01000000
1780709785.035785,vcan0,604,00
1780709785.035882,vcan0,605,00
1780709785.050758,vcan0,600,00000000
1780709785.050881,vcan0,601,7F000000
1780709785.050977,vcan0,602,00000000
1780709785.066940,vcan0,600,00000000
1780709785.067065,vcan0,601,7F000000
1780709785.067137,vcan0,602,00000000
1780709785.082732,vcan0,600,00000000
1780709785.082839,vcan0,601,7F000000
1780709785.082909,vcan0,602,00000000
1780709785.100961,vcan0,600,00000000
1780709785.101104,vcan0,601,7F000000
1780709785.101178,vcan0,602,00000000
1780709785.101250,vcan0,603,01000000
1780709785.101318,vcan0,604,00
1780709785.101382,vcan0,605,00
1780709785.116856,vcan0,600,00000000
1780709785.116967,vcan0,601,7F000000
1780709785.117040,vcan0,602,00000000
1780709785.117110,vcan0,607,00
1780709785.132896,vcan0,600,00000000
1780709785.133020,vcan0,601,7F000000
1780709785.133095,vcan0,602,00000000
1780709785.148689,vcan0,600,00000000
1780709785.148788,vcan0,601,7F000000
1780709785.148854,vcan0,602,00000000
1780709785.171582,vcan0,600,00000000
1780709785.171738,vcan0,601,7F000000
1780709785.171842,vcan0,602,00000000
1780709785.171964,vcan0,603,01000000
1780709785.172049,vcan0,604,00
1780709785.172119,vcan0,605,00
1780709785.186900,vcan0,600,00000000
1780709785.187024,vcan0,601,7F000000
1780709785.187096,vcan0,602,00000000
1780709785.202903,vcan0,600,00000000
1780709785.203022,vcan0,601,7F000000
1780709785.203094,vcan0,602,00000000
1780709785.218712,vcan0,600,00000000
1780709785.218816,vcan0,601,7F000000
1780709785.218892,vcan0,602,00000000
1780709785.218965,vcan0,607,00
1780709785.237239,vcan0,600,00000000
1780709785.237414,vcan0,601,7F000000
1780709785.237662,vcan0,602,00000000
1780709785.237841,vcan0,603,01000000
1780709785.238001,vcan0,604,00
1780709785.238107,vcan0,605,00
1780709785.252802,vcan0,600,00000000
1780709785.252919,vcan0,601,7F000000
1780709785.252988,vcan0,602,00000000
1780709785.268931,vcan0,600,00000000
1780709785.269084,vcan0,601,7F000000
1780709785.269187,vcan0,602,00000000
1780709785.284899,vcan0,600,00000000
1780709785.285030,vcan0,601,7F000000
1780709785.285113,vcan0,602,00000000
1780709785.306268,vcan0,600,00000000
1780709785.306429,vcan0,601,7F000000
1780709785.306577,vcan0,602,00000000
1780709785.306676,vcan0,603,01000000
1780709785.306789,vcan0,604,00
1780709785.306879,vcan0,605,00
1780709785.321967,vcan0,600,00000000
1780709785.322134,vcan0,601,7F000000
1780709785.322250,vcan0,602,00000000
1780709785.322375,vcan0,607,00
1780709785.337876,vcan0,600,00000000
1780709785.337988,vcan0,601,7F000000
1780709785.338059,vcan0,602,00000000
1780709785.353813,vcan0,600,00000000
1780709785.353919,vcan0,601,7F000000
1780709785.353991,vcan0,602,00000000
1780709785.373150,vcan0,600,00000000
1780709785.373312,vcan0,601,7F000000
1780709785.373427,vcan0,602,00000000
1780709785.373576,vcan0,603,01000000
1780709785.373708,vcan0,604,00
1780709785.373810,vcan0,605,00
1780709785.388830,vcan0,600,00000000
1780709785.388948,vcan0,601,7F000000
1780709785.389026,vcan0,602,00000000
1780709785.404875,vcan0,600,00000000
1780709785.404984,vcan0,601,7F000000
1780709785.405060,vcan0,602,00000000
1780709785.420945,vcan0,600,00000000
1780709785.421060,vcan0,601,7F000000
1780709785.421138,vcan0,602,00000000
1780709785.443193,vcan0,600,00000000
1780709785.443347,vcan0,601,7F000000
1780709785.443468,vcan0,602,00000000
1780709785.443555,vcan0,603,01000000
1780709785.443631,vcan0,604,00
1780709785.443708,vcan0,605,00
1780709785.443786,vcan0,607,00
1780709785.458927,vcan0,600,00000000
1780709785.459041,vcan0,601,7F000000
1780709785.459120,vcan0,602,00000000
1780709785.474929,vcan0,600,00000000
1780709785.475041,vcan0,601,7F000000
1780709785.475113,vcan0,602,00000000
1780709785.490878,vcan0,600,00000000
1780709785.490998,vcan0,601,7F000000
1780709785.491072,vcan0,602,00000000
1780709785.507954,vcan0,600,00000000
1780709785.508150,vcan0,601,7F000000
1780709785.508264,vcan0,602,00000000
1780709785.508382,vcan0,603,01000000
1780709785.508585,vcan0,604,00
1780709785.508678,vcan0,605,00
1780709785.522838,vcan0,600,00000000
1780709785.523028,vcan0,601,7F000000
1780709785.523248,vcan0,602,00000000
1780709785.538799,vcan0,600,00000000
1780709785.538924,vcan0,601,7F000000
1780709785.539012,vcan0,602,00000000
1780709785.554717,vcan0,600,00000000
1780709785.554837,vcan0,601,7F000000
1780709785.554922,vcan0,602,00000000
1780709785.555012,vcan0,607,00
1780709785.572570,vcan0,600,00000000
1780709785.572772,vcan0,601,7F000000
1780709785.572875,vcan0,602,00000000
1780709785.573048,vcan0,603,01000000
1780709785.573279,vcan0,604,00
1780709785.573550,vcan0,605,00
1780709785.588164,vcan0,600,00000000
1780709785.588294,vcan0,601,7F000000
1780709785.588385,vcan0,602,00000000
1780709785.603860,vcan0,600,00000000
1780709785.603992,vcan0,601,7F000000
1780709785.604083,vcan0,602,00000000
1780709785.619686,vcan0,600,00000000
1780709785.619798,vcan0,601,7F000000
1780709785.619885,vcan0,602,00000000
1780709785.640277,vcan0,600,00000000
1780709785.640432,vcan0,601,7F000000
1780709785.640572,vcan0,602,00000000
1780709785.640686,vcan0,603,01000000
1780709785.640781,vcan0,604,00
1780709785.640878,vcan0,605,00
1780709785.655712,vcan0,600,00000000
1780709785.655827,vcan0,601,7F000000
1780709785.655897,vcan0,602,00000000
1780709785.655968,vcan0,607,00
1780709785.671840,vcan0,600,00000000
1780709785.671959,vcan0,601,7F000000
1780709785.672044,vcan0,602,00000000
1780709785.687852,vcan0,600,00000000
1780709785.688026,vcan0,601,7F000000
1780709785.688175,vcan0,602,00000000
1780709785.711837,vcan0,600,00000000
1780709785.711975,vcan0,601,7F000000
1780709785.712054,vcan0,602,00000000
1780709785.712156,vcan0,603,01000000
1780709785.712253,vcan0,604,00
1780709785.712354,vcan0,605,00
1780709785.726739,vcan0,600,00000000
1780709785.726839,vcan0,601,7F000000
1780709785.726906,vcan0,602,00000000
1780709785.742900,vcan0,600,00000000
1780709785.743041,vcan0,601,7F000000
1780709785.743136,vcan0,602,00000000
1780709785.758820,vcan0,600,00000000
1780709785.758967,vcan0,601,7F000000
1780709785.759066,vcan0,602,00000000
1780709785.759172,vcan0,607,00
1780709785.776280,vcan0,600,00000000
1780709785.776405,vcan0,601,7F000000
1780709785.776539,vcan0,602,00000000
1780709785.776636,vcan0,603,01000000
1780709785.776740,vcan0,604,00
1780709785.776832,vcan0,605,00
1780709785.791758,vcan0,600,00000000
1780709785.791851,vcan0,601,7F000000
1780709785.791917,vcan0,602,00000000
1780709785.807854,vcan0,600,00000000
1780709785.807938,vcan0,601,7F000000
1780709785.807989,vcan0,602,00000000
1780709785.824123,vcan0,600,00000000
1780709785.824216,vcan0,601,7F000000
1780709785.824263,vcan0,602,00000000
1780709785.845929,vcan0,600,00000000
1780709785.846087,vcan0,601,7F000000
1780709785.846189,vcan0,602,00000000
1780709785.846308,vcan0,603,01000000
1780709785.846407,vcan0,604,00
1780709785.846531,vcan0,605,00
1780709785.861774,vcan0,600,00000000
1780709785.861905,vcan0,601,7F000000
1780709785.862009,vcan0,602,00000000
1780709785.862123,vcan0,607,00
1780709785.877839,vcan0,600,00000000
1780709785.877933,vcan0,601,7F000000
1780709785.877977,vcan0,602,00000000
1780709785.893622,vcan0,600,00000000
1780709785.893690,vcan0,601,7F000000
1780709785.893745,vcan0,602,00000000
1780709785.912464,vcan0,600,00000000
1780709785.912635,vcan0,601,7F000000
1780709785.912747,vcan0,602,00000000
1780709785.912853,vcan0,603,01000000
1780709785.912935,vcan0,604,00
1780709785.913000,vcan0,605,00
1780709785.927660,vcan0,600,00000000
1780709785.927740,vcan0,601,7F000000
1780709785.927792,vcan0,602,00000000
1780709785.943849,vcan0,600,00000000
1780709785.943931,vcan0,601,7F000000
1780709785.943979,vcan0,602,00000000
1780709785.960038,vcan0,600,00000000
1780709785.960148,vcan0,601,7F000000
1780709785.960204,vcan0,602,00000000
1780709785.983892,vcan0,600,00000000
1780709785.984039,vcan0,601,7F000000
1780709785.984149,vcan0,602,00000000
1780709785.984226,vcan0,603,01000000
1780709785.984295,vcan0,604,00
1780709785.984362,vcan0,605,00
1780709785.984434,vcan0,607,00
1780709785.999882,vcan0,600,00000000
1780709786.000028,vcan0,601,7F000000
1780709786.000123,vcan0,602,00000000
1780709786.015876,vcan0,600,00000000
1780709786.016014,vcan0,601,7F000000
1780709786.016088,vcan0,602,00000000
1780709786.031904,vcan0,600,00000000
1780709786.032021,vcan0,601,7F000000
1780709786.032097,vcan0,602,00000000
1780709786.052112,vcan0,600,00000000
1780709786.052244,vcan0,601,7F000000
1780709786.052587,vcan0,602,00000000
1780709786.052785,vcan0,603,01000000
1780709786.052915,vcan0,604,00
1780709786.053011,vcan0,605,00
1780709786.067950,vcan0,600,00000000
1780709786.068136,vcan0,601,7F000000
1780709786.068231,vcan0,602,00000000
1780709786.083874,vcan0,600,00000000
1780709786.084019,vcan0,601,7F000000
1780709786.084117,vcan0,602,00000000
1780709786.084218,vcan0,607,00
1780709786.099983,vcan0,600,00000000
1780709786.100105,vcan0,601,7F000000
1780709786.100197,vcan0,602,00000000
1780709786.123267,vcan0,600,00000000
1780709786.123477,vcan0,601,7F000000
1780709786.123642,vcan0,602,00000000
1780709786.123737,vcan0,603,01000000
1780709786.123828,vcan0,604,00
1780709786.123918,vcan0,605,00
1780709786.138921,vcan0,600,00000000
1780709786.139051,vcan0,601,7F000000
1780709786.139138,vcan0,602,00000000
1780709786.154932,vcan0,600,00000000
1780709786.155027,vcan0,601,7F000000
1780709786.155076,vcan0,602,00000000
1780709786.170755,vcan0,600,00000000
1780709786.170821,vcan0,601,7F000000
1780709786.170863,vcan0,602,00000000
1780709786.190507,vcan0,600,00000000
1780709786.190631,vcan0,601,7F000000
1780709786.190733,vcan0,602,00000000
1780709786.190834,vcan0,603,01000000
1780709786.190933,vcan0,604,00
1780709786.191018,vcan0,605,00
1780709786.191119,vcan0,607,00
1780709786.205616,vcan0,600,00000000
1780709786.205697,vcan0,601,7F000000
1780709786.205770,vcan0,602,00000000
1780709786.221800,vcan0,600,00000000
1780709786.221901,vcan0,601,7F000000
1780709786.221958,vcan0,602,00000000
1780709786.237741,vcan0,600,00000000
1780709786.237837,vcan0,601,7F000000
1780709786.237931,vcan0,602,00000000
1780709786.256700,vcan0,600,00000000
1780709786.256963,vcan0,601,7F000000
1780709786.257096,vcan0,602,00000000
1780709786.257205,vcan0,603,01000000
1780709786.257307,vcan0,604,00
1780709786.257411,vcan0,605,00
1780709786.271860,vcan0,600,00000000
1780709786.271996,vcan0,601,7F000000
1780709786.272068,vcan0,602,00000000
1780709786.287880,vcan0,600,00000000
1780709786.288020,vcan0,601,7F000000
1780709786.288110,vcan0,602,00000000
1780709786.303858,vcan0,600,00000000
1780709786.303993,vcan0,601,7F000000
1780709786.304089,vcan0,602,00000000
1780709786.304183,vcan0,607,00
1780709786.320187,vcan0,600,00000000
1780709786.320365,vcan0,601,7F000000
1780709786.320496,vcan0,602,00000000
1780709786.320602,vcan0,603,01000000
1780709786.320701,vcan0,604,00
1780709786.320822,vcan0,605,00
1780709786.335784,vcan0,600,00000000
1780709786.335939,vcan0,601,7F000000
1780709786.336054,vcan0,602,00000000
1780709786.351842,vcan0,600,00000000
1780709786.351973,vcan0,601,7F000000
1780709786.352061,vcan0,602,00000000
1780709786.368854,vcan0,600,00000000
1780709786.368977,vcan0,601,7F000000
1780709786.369061,vcan0,602,00000000
1780709786.388082,vcan0,600,00000000
1780709786.388271,vcan0,601,7F000000
1780709786.388409,vcan0,602,00000000
1780709786.388547,vcan0,603,01000000
1780709786.388642,vcan0,604,00
1780709786.388737,vcan0,605,00
1780709786.403969,vcan0,600,00000000
1780709786.404086,vcan0,601,7F000000
1780709786.404169,vcan0,602,00000000
1780709786.404244,vcan0,607,00
1780709786.419960,vcan0,600,00000000
1780709786.420145,vcan0,601,7F000000
1780709786.420222,vcan0,602,00000000
1780709786.435824,vcan0,600,00000000
1780709786.435933,vcan0,601,7F000000
1780709786.436008,vcan0,602,00000000
1780709786.453842,vcan0,600,00000000
1780709786.454032,vcan0,601,7F000000
1780709786.454149,vcan0,602,00000000
1780709786.454275,vcan0,603,01000000
1780709786.454386,vcan0,604,00
1780709786.454510,vcan0,605,00
1780709786.468931,vcan0,600,00000000
1780709786.469070,vcan0,601,7F000000
1780709786.469160,vcan0,602,00000000
1780709786.484983,vcan0,600,00000000
1780709786.485158,vcan0,601,7F000000
1780709786.485272,vcan0,602,00000000
1780709786.500935,vcan0,600,00000000
1780709786.501069,vcan0,601,7F000000
1780709786.501147,vcan0,602,00000000
1780709786.521161,vcan0,600,00000000
1780709786.521348,vcan0,601,7F000000
1780709786.521465,vcan0,602,00000000
1780709786.521564,vcan0,603,01000000
1780709786.521664,vcan0,604,00
1780709786.521754,vcan0,605,00
1780709786.521851,vcan0,607,00
1780709786.535821,vcan0,600,00000000
1780709786.535952,vcan0,601,7F000000
1780709786.536042,vcan0,602,00000000
1780709786.551959,vcan0,600,00000000
1780709786.552076,vcan0,601,7F000000
1780709786.552147,vcan0,602,00000000
1780709786.567712,vcan0,600,00000000
1780709786.567817,vcan0,601,7F000000
1780709786.567891,vcan0,602,00000000
1780709786.586578,vcan0,600,00000000
1780709786.586716,vcan0,601,7F000000
1780709786.586811,vcan0,602,00000000
1780709786.586906,vcan0,603,01000000
1780709786.586988,vcan0,604,00
1780709786.587062,vcan0,605,00
1780709786.601752,vcan0,600,00000000
1780709786.601875,vcan0,601,7F000000
1780709786.601947,vcan0,602,00000000
1780709786.617916,vcan0,600,00000000
1780709786.618059,vcan0,601,7F000000
1780709786.618142,vcan0,602,00000000
1780709786.633651,vcan0,600,00000000
1780709786.633772,vcan0,601,7F000000
1780709786.633870,vcan0,602,00000000
1780709786.633975,vcan0,607,00
1780709786.652345,vcan0,600,00000000
1780709786.652589,vcan0,601,7F000000
1780709786.652676,vcan0,602,00000000
1780709786.652750,vcan0,603,01000000
1780709786.652840,vcan0,604,00
1780709786.652952,vcan0,605,00
1780709786.667810,vcan0,600,00000000
1780709786.667942,vcan0,601,7F000000
1780709786.668031,vcan0,602,00000000
1780709786.683877,vcan0,600,00000000
1780709786.684016,vcan0,601,7F000000
1780709786.684112,vcan0,602,00000000
1780709786.699756,vcan0,600,00000000
1780709786.699843,vcan0,601,7F000000
1780709786.699905,vcan0,602,00000000
1780709786.717503,vcan0,600,00000000
1780709786.717666,vcan0,601,7F000000
1780709786.717774,vcan0,602,00000000
1780709786.718112,vcan0,603,01000000
1780709786.718224,vcan0,604,00
1780709786.718322,vcan0,605,00
1780709786.732736,vcan0,600,00000000
1780709786.732843,vcan0,601,7F000000
1780709786.732914,vcan0,602,00000000
1780709786.748858,vcan0,600,00000000
1780709786.748970,vcan0,601,7F000000
1780709786.749047,vcan0,602,00000000
1780709786.749126,vcan0,607,00
1780709786.764872,vcan0,600,00000000
1780709786.764989,vcan0,601,7F000000
1780709786.765063,vcan0,602,00000000
1780709786.785541,vcan0,600,00000000
1780709786.785722,vcan0,601,7F000000
1780709786.785837,vcan0,602,00000000
1780709786.785960,vcan0,603,01000000
1780709786.786060,vcan0,604,00
1780709786.786153,vcan0,605,00
1780709786.800849,vcan0,600,00000000
1780709786.800997,vcan0,601,7F000000
1780709786.801077,vcan0,602,00000000
1780709786.816807,vcan0,600,00000000
1780709786.816922,vcan0,601,7F000000
1780709786.816999,vcan0,602,00000000
1780709786.832861,vcan0,600,00000000
1780709786.832983,vcan0,601,7F000000
1780709786.833060,vcan0,602,00000000
1780709786.849955,vcan0,600,00000000
1780709786.850091,vcan0,601,7F000000
1780709786.850174,vcan0,602,00000000
1780709786.850248,vcan0,603,01000000
1780709786.850318,vcan0,604,00
1780709786.850409,vcan0,605,00
1780709786.850517,vcan0,607,00
1780709786.865746,vcan0,600,00000000
1780709786.865849,vcan0,601,7F000000
1780709786.865918,vcan0,602,00000000
1780709786.881911,vcan0,600,00000000
1780709786.882036,vcan0,601,7F000000
1780709786.882110,vcan0,602,00000000
1780709786.897863,vcan0,600,00000000
1780709786.897967,vcan0,601,7F000000
1780709786.898047,vcan0,602,00000000
1780709786.919066,vcan0,600,00000000
1780709786.919368,vcan0,601,7F000000
1780709786.919512,vcan0,602,00000000
1780709786.919624,vcan0,603,01000000
1780709786.919726,vcan0,604,00
1780709786.919829,vcan0,605,00
1780709786.934725,vcan0,600,00000000
1780709786.934864,vcan0,601,7F000000
1780709786.934975,vcan0,602,00000000
1780709786.950818,vcan0,600,00000000
1780709786.950944,vcan0,601,7F000000
1780709786.951032,vcan0,602,00000000
1780709786.951108,vcan0,607,00
1780709786.976778,vcan0,600,00000000
1780709786.976945,vcan0,601,7F000000
1780709786.977049,vcan0,602,00000000
1780709786.977153,vcan0,603,01000000
1780709786.977257,vcan0,604,00
1780709786.977361,vcan0,605,00
1780709786.991986,vcan0,600,00000000
1780709786.992117,vcan0,601,7F000000
1780709786.992191,vcan0,602,00000000
1780709787.007841,vcan0,600,00000000
1780709787.007976,vcan0,601,7F000000
1780709787.008051,vcan0,602,00000000
1780709787.023855,vcan0,600,00000000
1780709787.023992,vcan0,601,7F000000
1780709787.024096,vcan0,602,00000000
1780709787.052091,vcan0,600,00000000
1780709787.052247,vcan0,601,7F000000
1780709787.052360,vcan0,602,00000000
1780709787.052490,vcan0,603,01000000
1780709787.052601,vcan0,604,00
1780709787.052711,vcan0,605,00
1780709787.052838,vcan0,607,00
1780709787.068067,vcan0,600,00000000
1780709787.068243,vcan0,601,7F000000
1780709787.068337,vcan0,602,00000000
1780709787.083886,vcan0,600,00000000
1780709787.084032,vcan0,601,7F000000
1780709787.084137,vcan0,602,00000000
1780709787.099734,vcan0,600,00000000
1780709787.099851,vcan0,601,7F000000
1780709787.099928,vcan0,602,00000000
1780709787.117983,vcan0,600,00000000
1780709787.118252,vcan0,601,7F000000
1780709787.118396,vcan0,602,00000000
1780709787.118524,vcan0,603,01000000
1780709787.118635,vcan0,604,00
1780709787.118734,vcan0,605,00
1780709787.133690,vcan0,600,00000000
1780709787.133787,vcan0,601,7F000000
1780709787.133857,vcan0,602,00000000
1780709787.149891,vcan0,600,00000000
1780709787.150036,vcan0,601,7F000000
1780709787.150114,vcan0,602,00000000
1780709787.179884,vcan0,600,00000000
1780709787.180007,vcan0,601,7F000000
1780709787.180110,vcan0,602,00000000
1780709787.180185,vcan0,603,01000000
1780709787.180256,vcan0,604,00
1780709787.180322,vcan0,605,00
1780709787.180395,vcan0,607,00
1780709787.195849,vcan0,600,00000000
1780709787.195989,vcan0,601,7F000000
1780709787.196067,vcan0,602,00000000
1780709787.211926,vcan0,600,00000000
1780709787.212063,vcan0,601,7F000000
1780709787.212152,vcan0,602,00000000
1780709787.227878,vcan0,600,00000000
1780709787.228001,vcan0,601,7F000000
1780709787.228074,vcan0,602,00000000
1780709787.255407,vcan0,600,00000000
1780709787.255642,vcan0,601,7F000000
1780709787.255752,vcan0,602,00000000
1780709787.255847,vcan0,603,01000000
1780709787.255940,vcan0,604,00
1780709787.256017,vcan0,605,00
1780709787.270888,vcan0,600,00000000
1780709787.271003,vcan0,601,7F000000
1780709787.271076,vcan0,602,00000000
1780709787.286872,vcan0,600,00000000
1780709787.287024,vcan0,601,7F000000
1780709787.287133,vcan0,602,00000000
1780709787.287239,vcan0,607,00
1780709787.302789,vcan0,600,00000000
1780709787.302901,vcan0,601,7F000000
1780709787.302972,vcan0,602,00000000
1780709787.329388,vcan0,600,00000000
1780709787.329575,vcan0,601,7F000000
1780709787.329678,vcan0,602,00000000
1780709787.329791,vcan0,603,01000000
1780709787.329897,vcan0,604,00
1780709787.329993,vcan0,605,00
1780709787.344845,vcan0,600,00000000
1780709787.344999,vcan0,601,7F000000
1780709787.345094,vcan0,602,00000000
1780709787.361093,vcan0,600,00000000
1780709787.361233,vcan0,601,7F000000
1780709787.361329,vcan0,602,00000000
1780709787.391396,vcan0,600,00000000
1780709787.391542,vcan0,601,7F000000
1780709787.391623,vcan0,602,00000000
1780709787.391690,vcan0,603,01000000
1780709787.391759,vcan0,604,00
1780709787.391824,vcan0,605,00
1780709787.391892,vcan0,607,00
1780709787.406817,vcan0,600,00000000
1780709787.406931,vcan0,601,7F000000
1780709787.407007,vcan0,602,00000000
1780709787.422652,vcan0,600,00000000
1780709787.422739,vcan0,601,7F000000
1780709787.422794,vcan0,602,00000000
1780709787.438825,vcan0,600,00000000
1780709787.438946,vcan0,601,7F000000
1780709787.439019,vcan0,602,00000000
1780709787.470628,vcan0,600,00000000
1780709787.470835,vcan0,601,7F000000
1780709787.470949,vcan0,602,00000000
1780709787.471032,vcan0,603,01000000
1780709787.471114,vcan0,604,00
1780709787.471186,vcan0,605,00
1780709787.485765,vcan0,600,00000000
1780709787.485891,vcan0,601,7F000000
1780709787.485975,vcan0,602,00000000
1780709787.501861,vcan0,600,00000000
1780709787.502015,vcan0,601,7F000000
1780709787.502107,vcan0,602,00000000
1780709787.502186,vcan0,607,00
1780709787.527314,vcan0,600,00000000
1780709787.527490,vcan0,601,7F000000
1780709787.527615,vcan0,602,00000000
1780709787.527726,vcan0,603,01000000
1780709787.527844,vcan0,604,00
1780709787.527967,vcan0,605,00
1780709787.542966,vcan0,600,00000000
1780709787.543101,vcan0,601,7F000000
1780709787.543176,vcan0,602,00000000
1780709787.558741,vcan0,600,00000000
1780709787.558863,vcan0,601,7F000000
1780709787.558947,vcan0,602,00000000
1780709787.574833,vcan0,600,00000000
1780709787.574950,vcan0,601,7F000000
1780709787.575029,vcan0,602,00000000
1780709787.600595,vcan0,600,00000000
1780709787.600905,vcan0,601,7F000000
1780709787.601257,vcan0,602,00000000
1780709787.601607,vcan0,603,01000000
1780709787.601883,vcan0,604,00
1780709787.602043,vcan0,605,00
1780709787.615827,vcan0,600,00000000
1780709787.615954,vcan0,601,7F000000
1780709787.616043,vcan0,602,00000000
1780709787.616135,vcan0,607,00
1780709787.631943,vcan0,600,00000000
1780709787.632189,vcan0,601,7F000000
1780709787.632310,vcan0,602,00000000
1780709787.657869,vcan0,600,00000000
1780709787.657987,vcan0,601,7F000000
1780709787.658057,vcan0,602,00000000
1780709787.658124,vcan0,603,01000000
1780709787.658192,vcan0,604,00
1780709787.658257,vcan0,605,00
1780709787.674028,vcan0,600,00000000
1780709787.674160,vcan0,601,7F000000
1780709787.674234,vcan0,602,00000000
1780709787.689720,vcan0,600,00000000
1780709787.689841,vcan0,601,7F000000
1780709787.689917,vcan0,602,00000000
1780709787.705678,vcan0,600,00000000
1780709787.705798,vcan0,601,7F000000
1780709787.705899,vcan0,602,00000000
1780709787.727836,vcan0,600,00000000
1780709787.728007,vcan0,601,7F000000
1780709787.728120,vcan0,602,00000000
1780709787.728239,vcan0,603,01000000
1780709787.728403,vcan0,604,00
1780709787.728599,vcan0,605,00
1780709787.728706,vcan0,607,00
1780709787.742679,vcan0,600,00000000
1780709787.742806,vcan0,601,7F000000
1780709787.742896,vcan0,602,00000000
1780709787.758846,vcan0,600,00000000
1780709787.758978,vcan0,601,7F000000
1780709787.759053,vcan0,602,00000000
1780709787.774688,vcan0,600,00000000
1780709787.774821,vcan0,601,7F000000
1780709787.774929,vcan0,602,00000000
1780709787.792690,vcan0,600,00000000
1780709787.792859,vcan0,601,7F000000
1780709787.792939,vcan0,602,00000000
1780709787.793018,vcan0,603,01000000
1780709787.793089,vcan0,604,00
1780709787.793154,vcan0,605,00
1780709787.807659,vcan0,600,00000000
1780709787.807776,vcan0,601,7F000000
1780709787.807869,vcan0,602,00000000
1780709787.823827,vcan0,600,00000000
1780709787.823952,vcan0,601,7F000000
1780709787.824027,vcan0,602,00000000
1780709787.839882,vcan0,600,00000000
1780709787.840026,vcan0,601,7F000000
1780709787.840131,vcan0,602,00000000
1780709787.840244,vcan0,607,00
1780709787.862024,vcan0,600,00000000
1780709787.862180,vcan0,601,7F000000
1780709787.862267,vcan0,602,00000000
1780709787.862361,vcan0,603,01000000
1780709787.862507,vcan0,604,00
1780709787.862611,vcan0,605,00
1780709787.877741,vcan0,600,00000000
1780709787.877861,vcan0,601,7F000000
1780709787.877936,vcan0,602,00000000
1780709787.893901,vcan0,600,00000000
1780709787.894074,vcan0,601,7F000000
1780709787.894161,vcan0,602,00000000
1780709787.909802,vcan0,600,00000000
1780709787.909941,vcan0,601,7F000000
1780709787.910029,vcan0,602,00000000
1780709787.927512,vcan0,600,00000000
1780709787.927713,vcan0,601,7F000000
1780709787.927911,vcan0,602,00000000
1780709787.928102,vcan0,603,01000000
1780709787.928319,vcan0,604,00
1780709787.928486,vcan0,605,00
1780709787.942815,vcan0,600,00000000
1780709787.942933,vcan0,601,7F000000
1780709787.943009,vcan0,602,00000000
1780709787.943082,vcan0,607,00
1780709787.958887,vcan0,600,00000000
1780709787.959021,vcan0,601,7F000000
1780709787.959109,vcan0,602,00000000
1780709787.973902,vcan0,600,00000000
1780709787.974057,vcan0,601,7F000000
1780709787.974176,vcan0,602,00000000
1780709787.995417,vcan0,600,00000000
1780709787.995628,vcan0,601,7F000000
1780709787.995735,vcan0,602,00000000
1780709787.995833,vcan0,603,01000000
1780709787.995928,vcan0,604,00
1780709787.996015,vcan0,605,00
1780709788.010716,vcan0,600,00000000
1780709788.010889,vcan0,601,7F000000
1780709788.010962,vcan0,602,00000000
1780709788.026845,vcan0,600,00000000
1780709788.026972,vcan0,601,7F000000
1780709788.027048,vcan0,602,00000000
1780709788.042708,vcan0,600,00000000
1780709788.042828,vcan0,601,7F000000
1780709788.042899,vcan0,602,00000000
1780709788.062065,vcan0,600,00000000
1780709788.062207,vcan0,601,7F000000
1780709788.062303,vcan0,602,00000000
1780709788.062402,vcan0,603,01000000
1780709788.062536,vcan0,604,00
1780709788.062644,vcan0,605,00
1780709788.062755,vcan0,607,00
1780709788.077705,vcan0,600,00000000
1780709788.077827,vcan0,601,7F000000
1780709788.077918,vcan0,602,00000000
1780709788.093806,vcan0,600,00000000
1780709788.093938,vcan0,601,7F000000
1780709788.094016,vcan0,602,00000000
1780709788.109762,vcan0,600,00000000
1780709788.109882,vcan0,601,7F000000
1780709788.109954,vcan0,602,00000000
1780709788.134535,vcan0,600,00000000
1780709788.134693,vcan0,601,7F000000
1780709788.134825,vcan0,602,00000000
1780709788.134944,vcan0,603,01000000
1780709788.135087,vcan0,604,00
1780709788.135248,vcan0,605,00
1780709788.149813,vcan0,600,00000000
1780709788.149950,vcan0,601,7F000000
1780709788.150039,vcan0,602,00000000
1780709788.165785,vcan0,600,00000000
1780709788.165921,vcan0,601,7F000000
1780709788.166009,vcan0,602,00000000
1780709788.166102,vcan0,607,00
1780709788.181644,vcan0,600,00000000
1780709788.181755,vcan0,601,7F000000
1780709788.181847,vcan0,602,00000000
1780709788.199697,vcan0,600,00000000
1780709788.199853,vcan0,601,7F000000
1780709788.199953,vcan0,602,00000000
1780709788.200053,vcan0,603,01000000
1780709788.200155,vcan0,604,00
1780709788.200252,vcan0,605,00
1780709788.214756,vcan0,600,00000000
1780709788.214856,vcan0,601,7F000000
1780709788.214924,vcan0,602,00000000
1780709788.230809,vcan0,600,00000000
1780709788.230926,vcan0,601,7F000000
1780709788.230999,vcan0,602,00000000
1780709788.246667,vcan0,600,00000000
1780709788.246776,vcan0,601,7F000000
1780709788.246847,vcan0,602,00000000
1780709788.264712,vcan0,600,00000000
1780709788.264897,vcan0,601,7F000000
1780709788.265025,vcan0,602,00000000
1780709788.265143,vcan0,603,01000000
1780709788.265273,vcan0,604,00
1780709788.265410,vcan0,605,00
1780709788.279756,vcan0,600,00000000
1780709788.279867,vcan0,601,7F000000
1780709788.279944,vcan0,602,00000000
1780709788.280024,vcan0,607,00
1780709788.295810,vcan0,600,00000000
1780709788.295929,vcan0,601,7F000000
1780709788.296006,vcan0,602,00000000
1780709788.311663,vcan0,600,00000000
1780709788.311771,vcan0,601,7F000000
1780709788.311840,vcan0,602,00000000
1780709788.331909,vcan0,600,00000000
1780709788.332075,vcan0,601,7F000000
1780709788.332176,vcan0,602,00000000
1780709788.332273,vcan0,603,01000000
1780709788.332386,vcan0,604,00
1780709788.332508,vcan0,605,00
1780709788.346805,vcan0,600,00000000
1780709788.346918,vcan0,601,7F000000
1780709788.346993,vcan0,602,00000000
1780709788.362769,vcan0,600,00000000
1780709788.362860,vcan0,601,7F000000
1780709788.362915,vcan0,602,00000000
1780709788.379714,vcan0,600,00000000
1780709788.379800,vcan0,601,7F000000
1780709788.379851,vcan0,602,00000000
1780709788.379911,vcan0,607,00
1780709788.407363,vcan0,600,00000000
1780709788.407518,vcan0,601,7F000000
1780709788.407597,vcan0,602,00000000
1780709788.407675,vcan0,603,01000000
1780709788.407745,vcan0,604,00
1780709788.407812,vcan0,605,00
1780709788.422734,vcan0,600,00000000
1780709788.422833,vcan0,601,7F000000
1780709788.422902,vcan0,602,00000000
1780709788.438818,vcan0,600,00000000
1780709788.438935,vcan0,601,7F000000
1780709788.439009,vcan0,602,00000000
1780709788.454642,vcan0,600,00000000
1780709788.454746,vcan0,601,7F000000
1780709788.454807,vcan0,602,00000000
1780709788.475771,vcan0,600,00000000
1780709788.475965,vcan0,601,7F000000
1780709788.476073,vcan0,602,00000000
1780709788.476185,vcan0,603,01000000
1780709788.476284,vcan0,604,00
1780709788.476383,vcan0,605,00
1780709788.490782,vcan0,600,00000000
1780709788.490892,vcan0,601,7F000000
1780709788.490966,vcan0,602,00000000
1780709788.491040,vcan0,607,00
1780709788.506853,vcan0,600,00000000
1780709788.506962,vcan0,601,7F000000
1780709788.507033,vcan0,602,00000000
1780709788.522628,vcan0,600,00000000
1780709788.522721,vcan0,601,7F000000
1780709788.522782,vcan0,602,00000000
1780709788.545088,vcan0,600,00000000
1780709788.545261,vcan0,601,7F000000
1780709788.545392,vcan0,602,00000000
1780709788.545519,vcan0,603,01000000
1780709788.545617,vcan0,604,00
1780709788.545709,vcan0,605,00
1780709788.560800,vcan0,600,00000000
1780709788.560929,vcan0,601,7F000000
1780709788.561019,vcan0,602,00000000
1780709788.576806,vcan0,600,00000000
1780709788.576948,vcan0,601,7F000000
1780709788.577039,vcan0,602,00000000
1780709788.592767,vcan0,600,00000000
1780709788.592889,vcan0,601,7F000000
1780709788.592971,vcan0,602,00000000
1780709788.593057,vcan0,607,00
1780709788.608983,vcan0,600,00000000
1780709788.609170,vcan0,601,7F000000
1780709788.609262,vcan0,602,00000000
1780709788.609362,vcan0,603,01000000
1780709788.609481,vcan0,604,00
1780709788.609588,vcan0,605,00
1780709788.624805,vcan0,600,00000000
1780709788.624939,vcan0,601,7F000000
1780709788.625030,vcan0,602,00000000
1780709788.640739,vcan0,600,00000000
1780709788.640852,vcan0,601,7F000000
1780709788.640913,vcan0,602,00000000
1780709788.656748,vcan0,600,00000000
1780709788.656838,vcan0,601,7F000000
1780709788.656894,vcan0,602,00000000
1780709788.678757,vcan0,600,00000000
1780709788.678914,vcan0,601,7F000000
1780709788.679004,vcan0,602,00000000
1780709788.679099,vcan0,603,01000000
1780709788.679184,vcan0,604,00
1780709788.679264,vcan0,605,00
1780709788.693761,vcan0,600,00000000
1780709788.693901,vcan0,601,7F000000
1780709788.694002,vcan0,602,00000000
1780709788.694101,vcan0,607,00
1780709788.709734,vcan0,600,00000000
1780709788.709843,vcan0,601,7F000000
1780709788.709918,vcan0,602,00000000
1780709788.725605,vcan0,600,00000000
1780709788.725696,vcan0,601,7F000000
1780709788.725754,vcan0,602,00000000
1780709788.745346,vcan0,600,00000000
1780709788.745549,vcan0,601,7F000000
1780709788.745679,vcan0,602,00000000
1780709788.745786,vcan0,603,01000000
1780709788.745891,vcan0,604,00
1780709788.746000,vcan0,605,00
1780709788.760728,vcan0,600,00000000
1780709788.760847,vcan0,601,7F000000
1780709788.760922,vcan0,602,00000000
1780709788.776810,vcan0,600,00000000
1780709788.776925,vcan0,601,7F000000
1780709788.777004,vcan0,602,00000000
1780709788.792804,vcan0,600,00000000
1780709788.792916,vcan0,601,7F000000
1780709788.792997,vcan0,602,00000000
1780709788.810242,vcan0,600,00000000
1780709788.810504,vcan0,601,7F000000
1780709788.810658,vcan0,602,00000000
1780709788.810790,vcan0,603,01000000
1780709788.810906,vcan0,604,00
1780709788.811025,vcan0,605,00
1780709788.811137,vcan0,607,00
1780709788.825812,vcan0,600,00000000
1780709788.825932,vcan0,601,7F000000
1780709788.826004,vcan0,602,00000000
1780709788.841799,vcan0,600,00000000
1780709788.841918,vcan0,601,7F000000
1780709788.841991,vcan0,602,00000000
1780709788.857651,vcan0,600,00000000
1780709788.857761,vcan0,601,7F000000
1780709788.857829,vcan0,602,00000000
1780709788.875401,vcan0,600,00000000
1780709788.875595,vcan0,601,7F000000
1780709788.875715,vcan0,602,00000000
1780709788.875847,vcan0,603,01000000
1780709788.875947,vcan0,604,00
1780709788.876042,vcan0,605,00
1780709788.890708,vcan0,600,00000000
1780709788.890815,vcan0,601,7F000000
1780709788.890884,vcan0,602,00000000
1780709788.906808,vcan0,600,00000000
1780709788.906926,vcan0,601,7F000000
1780709788.906999,vcan0,602,00000000
1780709788.922817,vcan0,600,00000000
1780709788.922933,vcan0,601,7F000000
1780709788.923008,vcan0,602,00000000
1780709788.923085,vcan0,607,00
1780709788.943279,vcan0,600,00000000
1780709788.943419,vcan0,601,7F000000
1780709788.943562,vcan0,602,00000000
1780709788.943642,vcan0,603,01000000
1780709788.943718,vcan0,604,00
1780709788.943818,vcan0,605,00
1780709788.958764,vcan0,600,00000000
1780709788.958874,vcan0,601,7F000000
1780709788.958947,vcan0,602,00000000
1780709788.973787,vcan0,600,00000000
1780709788.973926,vcan0,601,7F000000
1780709788.974034,vcan0,602,00000000
1780709788.989809,vcan0,600,00000000
1780709788.989928,vcan0,601,7F000000
1780709788.990041,vcan0,602,00000000
1780709789.010776,vcan0,600,00000000
1780709789.010942,vcan0,601,7F000000
1780709789.011044,vcan0,602,00000000
1780709789.011135,vcan0,603,01000000
1780709789.011229,vcan0,604,00
1780709789.011323,vcan0,605,00
1780709789.025772,vcan0,600,00000000
1780709789.025902,vcan0,601,7F000000
1780709789.025989,vcan0,602,00000000
1780709789.026077,vcan0,607,00
1780709789.041868,vcan0,600,00000000
1780709789.042008,vcan0,601,7F000000
1780709789.042084,vcan0,602,00000000
1780709789.057778,vcan0,600,00000000
1780709789.057921,vcan0,601,7F000000
1780709789.058032,vcan0,602,00000000
1780709789.079378,vcan0,600,00000000
1780709789.079538,vcan0,601,7F000000
1780709789.079620,vcan0,602,00000000
1780709789.079718,vcan0,603,01000000
1780709789.079822,vcan0,604,00
1780709789.079918,vcan0,605,00
1780709789.094749,vcan0,600,00000000
1780709789.094864,vcan0,601,7F000000
1780709789.094936,vcan0,602,00000000
1780709789.110770,vcan0,600,00000000
1780709789.110880,vcan0,601,7F000000
1780709789.110955,vcan0,602,00000000
1780709789.126635,vcan0,600,00000000
1780709789.126737,vcan0,601,7F000000
1780709789.126805,vcan0,602,00000000
1780709789.126876,vcan0,607,00
1780709789.144746,vcan0,600,00000000
1780709789.144924,vcan0,601,7F000000
1780709789.145032,vcan0,602,00000000
1780709789.145130,vcan0,603,01000000
1780709789.145226,vcan0,604,00
1780709789.145320,vcan0,605,00
1780709789.160840,vcan0,600,00000000
1780709789.160954,vcan0,601,7F000000
1780709789.161030,vcan0,602,00000000
1780709789.176867,vcan0,600,00000000
1780709789.176982,vcan0,601,7F000000
1780709789.177067,vcan0,602,00000000
1780709789.192837,vcan0,600,00000000
1780709789.192930,vcan0,601,7F000000
1780709789.192997,vcan0,602,00000000
1780709789.213112,vcan0,600,00000000
1780709789.213300,vcan0,601,7F000000
1780709789.213401,vcan0,602,00000000
1780709789.213517,vcan0,603,01000000
1780709789.213624,vcan0,604,00
1780709789.213719,vcan0,605,00
1780709789.227679,vcan0,600,00000000
1780709789.227799,vcan0,601,7F000000
1780709789.227872,vcan0,602,00000000
1780709789.227945,vcan0,607,00
1780709789.243873,vcan0,600,00000000
1780709789.243988,vcan0,601,7F000000
1780709789.244062,vcan0,602,00000000
1780709789.259631,vcan0,600,00000000
1780709789.259725,vcan0,601,7F000000
1780709789.259790,vcan0,602,00000000
1780709789.277773,vcan0,600,00000000
1780709789.277963,vcan0,601,7F000000
1780709789.278080,vcan0,602,00000000
1780709789.278200,vcan0,603,01000000
1780709789.278310,vcan0,604,00
1780709789.278433,vcan0,605,00
1780709789.292684,vcan0,600,00000000
1780709789.292806,vcan0,601,7F000000
1780709789.292881,vcan0,602,00000000
1780709789.308804,vcan0,600,00000000
1780709789.308924,vcan0,601,7F000000
1780709789.308997,vcan0,602,00000000
1780709789.324632,vcan0,600,00000000
1780709789.324755,vcan0,601,7F000000
1780709789.324864,vcan0,602,00000000
1780709789.342917,vcan0,600,00000000
1780709789.343090,vcan0,601,7F000000
1780709789.343192,vcan0,602,00000000
1780709789.343286,vcan0,603,01000000
1780709789.343381,vcan0,604,00
1780709789.343504,vcan0,605,00
1780709789.343610,vcan0,607,00
1780709789.357844,vcan0,600,00000000
1780709789.357986,vcan0,601,7F000000
1780709789.358081,vcan0,602,00000000
1780709789.374824,vcan0,600,00000000
1780709789.374964,vcan0,601,7F000000
1780709789.375058,vcan0,602,00000000
1780709789.390780,vcan0,600,00000000
1780709789.390912,vcan0,601,7F000000
1780709789.391003,vcan0,602,00000000
1780709789.407202,vcan0,600,00000000
1780709789.407372,vcan0,601,7F000000
1780709789.407497,vcan0,602,00000000
1780709789.407616,vcan0,603,01000000
1780709789.407719,vcan0,604,00
1780709789.407822,vcan0,605,00
1780709789.422742,vcan0,600,00000000
1780709789.422885,vcan0,601,7F000000
1780709789.422973,vcan0,602,00000000
1780709789.438838,vcan0,600,00000000
1780709789.438982,vcan0,601,7F000000
1780709789.439075,vcan0,602,00000000
1780709789.454802,vcan0,600,00000000
1780709789.454914,vcan0,601,7F000000
1780709789.454991,vcan0,602,00000000
1780709789.455070,vcan0,607,00
1780709789.481649,vcan0,600,00000000
1780709789.481825,vcan0,601,7F000000
1780709789.481930,vcan0,602,00000000
1780709789.482023,vcan0,603,01000000
1780709789.482120,vcan0,604,00
1780709789.482216,vcan0,605,00
1780709789.497030,vcan0,600,00000000
1780709789.497157,vcan0,601,7F000000
1780709789.497234,vcan0,602,00000000
1780709789.513285,vcan0,600,00000000
1780709789.513417,vcan0,601,7F000000
1780709789.513533,vcan0,602,00000000
1780709789.528953,vcan0,600,00000000
1780709789.529105,vcan0,601,7F000000
1780709789.529185,vcan0,602,00000000
1780709789.557554,vcan0,600,00000000
1780709789.557712,vcan0,601,7F000000
1780709789.557821,vcan0,602,00000000
1780709789.557921,vcan0,603,01000000
1780709789.558030,vcan0,604,00
1780709789.558128,vcan0,605,00
1780709789.558244,vcan0,607,00
1780709789.572817,vcan0,600,00000000
1780709789.572912,vcan0,601,7F000000
1780709789.572973,vcan0,602,00000000
1780709789.588870,vcan0,600,00000000
1780709789.588996,vcan0,601,7F000000
1780709789.589070,vcan0,602,00000000
1780709789.604880,vcan0,600,00000000
1780709789.605011,vcan0,601,7F000000
1780709789.605083,vcan0,602,00000000
1780709789.627156,vcan0,600,00000000
1780709789.627298,vcan0,601,7F000000
1780709789.627402,vcan0,602,00000000
1780709789.627530,vcan0,603,01000000
1780709789.627603,vcan0,604,00
1780709789.627668,vcan0,605,00
1780709789.642714,vcan0,600,00000000
1780709789.642842,vcan0,601,7F000000
1780709789.642944,vcan0,602,00000000
1780709789.658667,vcan0,600,00000000
1780709789.658795,vcan0,601,7F000000
1780709789.658898,vcan0,602,00000000
1780709789.659012,vcan0,607,00
1780709789.685041,vcan0,600,00000000
1780709789.685181,vcan0,601,7F000000
1780709789.685284,vcan0,602,00000000
1780709789.685388,vcan0,603,01000000
1780709789.685516,vcan0,604,00
1780709789.685632,vcan0,605,00
1780709789.700569,vcan0,600,00000000
1780709789.700644,vcan0,601,7F000000
1780709789.700700,vcan0,602,00000000
1780709789.716567,vcan0,600,00000000
1780709789.716623,vcan0,601,7F000000
1780709789.716664,vcan0,602,00000000
1780709789.732577,vcan0,600,00000000
1780709789.732631,vcan0,601,7F000000
1780709789.732658,vcan0,602,00000000
1780709789.749477,vcan0,600,00000000
1780709789.749546,vcan0,601,7F000000
1780709789.749586,vcan0,602,00000000
1780709789.749622,vcan0,603,01000000
1780709789.749659,vcan0,604,00
1780709789.749695,vcan0,605,00
1780709789.764907,vcan0,600,00000000
1780709789.764994,vcan0,601,7F000000
1780709789.765041,vcan0,602,00000000
1780709789.765096,vcan0,607,00
1780709789.780682,vcan0,600,00000000
1780709789.780735,vcan0,601,7F000000
1780709789.780768,vcan0,602,00000000
1780709789.796677,vcan0,600,00000000
1780709789.796737,vcan0,601,7F000000
1780709789.796774,vcan0,602,00000000
1780709789.812614,vcan0,600,00000000
1780709789.812669,vcan0,601,7F000000
1780709789.812696,vcan0,602,00000000
1780709789.812723,vcan0,603,01000000
1780709789.812754,vcan0,604,00
1780709789.812782,vcan0,605,00
1780709789.828648,vcan0,600,00000000
1780709789.828707,vcan0,601,7F000000
1780709789.828742,vcan0,602,00000000
1780709789.844619,vcan0,600,00000000
1780709789.844689,vcan0,601,7F000000
1780709789.844730,vcan0,602,00000000
1780709789.860579,vcan0,600,00000000
1780709789.860623,vcan0,601,7F000000
1780709789.860649,vcan0,602,00000000
1780709789.876615,vcan0,600,00000000
1780709789.876661,vcan0,601,7F000000
1780709789.876688,vcan0,602,00000000
1780709789.876716,vcan0,603,01000000
1780709789.876744,vcan0,604,00
1780709789.876770,vcan0,605,00
1780709789.876807,vcan0,607,00
1780709789.892621,vcan0,600,00000000
1780709789.892670,vcan0,601,7F000000
1780709789.892699,vcan0,602,00000000
1780709789.908669,vcan0,600,00000000
1780709789.908734,vcan0,601,7F000000
1780709789.908777,vcan0,602,00000000
1780709789.924696,vcan0,600,00000000
1780709789.924748,vcan0,601,7F000000
1780709789.924775,vcan0,602,00000000
1780709789.940579,vcan0,600,00000000
1780709789.940623,vcan0,601,7F000000
1780709789.940649,vcan0,602,00000000
1780709789.940674,vcan0,603,01000000
1780709789.940699,vcan0,604,00
1780709789.940723,vcan0,605,00
1780709789.956650,vcan0,600,00000000
1780709789.956713,vcan0,601,7F000000
1780709789.956747,vcan0,602,00000000
1780709789.971609,vcan0,600,00000000
1780709789.971679,vcan0,601,7F000000
1780709789.971713,vcan0,602,00000000
1780709789.987592,vcan0,600,00000000
1780709789.987641,vcan0,601,7F000000
1780709789.987672,vcan0,602,00000000
1780709789.987709,vcan0,607,00
1780709790.003629,vcan0,600,00000000
1780709790.003679,vcan0,601,7F000000
1780709790.003709,vcan0,602,00000000
1780709790.003738,vcan0,603,01000000
1780709790.003766,vcan0,604,00
1780709790.003793,vcan0,605,00
1780709790.019775,vcan0,600,00000000
1780709790.019830,vcan0,601,7F000000
1780709790.019860,vcan0,602,00000000
1780709790.035693,vcan0,600,00000000
1780709790.035765,vcan0,601,7F000000
1780709790.035805,vcan0,602,00000000
1780709790.051723,vcan0,600,00000000
1780709790.051787,vcan0,601,7F000000
1780709790.051823,vcan0,602,00000000
1780709790.067600,vcan0,600,00000000
1780709790.067654,vcan0,601,7F000000
1780709790.067687,vcan0,602,00000000
1780709790.067720,vcan0,603,01000000
1780709790.067751,vcan0,604,00
1780709790.067780,vcan0,605,00
1780709790.083616,vcan0,600,00000000
1780709790.083673,vcan0,601,7F000000
1780709790.083711,vcan0,602,00000000
1780709790.099579,vcan0,600,00000000
1780709790.099628,vcan0,601,7F000000
1780709790.099661,vcan0,602,00000000
1780709790.099697,vcan0,607,00
1780709790.115674,vcan0,600,00000000
1780709790.115738,vcan0,601,7F000000
1780709790.115786,vcan0,602,00000000
1780709790.131554,vcan0,600,00000000
1780709790.131603,vcan0,601,7F000000
1780709790.131636,vcan0,602,00000000
1780709790.131668,vcan0,603,01000000
1780709790.131699,vcan0,604,00
1780709790.131729,vcan0,605,00
1780709790.147589,vcan0,600,00000000
1780709790.147640,vcan0,601,7F000000
1780709790.147674,vcan0,602,00000000
1780709790.163627,vcan0,600,00000000
1780709790.163683,vcan0,601,7F000000
1780709790.163721,vcan0,602,00000000
1780709790.179720,vcan0,600,00000000
1780709790.179798,vcan0,601,7F000000
1780709790.179847,vcan0,602,00000000
1780709790.195584,vcan0,600,00000000
1780709790.195636,vcan0,601,7F000000
1780709790.195669,vcan0,602,00000000
1780709790.195702,vcan0,603,01000000
1780709790.195734,vcan0,604,00
1780709790.195765,vcan0,605,00
1780709790.211581,vcan0,600,00000000
1780709790.211632,vcan0,601,7F000000
1780709790.211667,vcan0,602,00000000
1780709790.211704,vcan0,607,00
1780709790.227570,vcan0,600,00000000
1780709790.227622,vcan0,601,7F000000
1780709790.227654,vcan0,602,00000000
1780709790.243568,vcan0,600,00000000
1780709790.243622,vcan0,601,7F000000
1780709790.243655,vcan0,602,00000000
1780709790.259596,vcan0,600,00000000
1780709790.259647,vcan0,601,7F000000
1780709790.259679,vcan0,602,00000000
1780709790.259711,vcan0,603,01000000
1780709790.259742,vcan0,604,00
1780709790.259772,vcan0,605,00
1780709790.275582,vcan0,600,00000000
1780709790.275626,vcan0,601,7F000000
1780709790.275653,vcan0,602,00000000
1780709790.291587,vcan0,600,00000000
1780709790.291632,vcan0,601,7F000000
1780709790.291659,vcan0,602,00000000
1780709790.307574,vcan0,600,00000000
1780709790.307618,vcan0,601,7F000000
1780709790.307645,vcan0,602,00000000
1780709790.323579,vcan0,600,00000000
1780709790.323624,vcan0,601,7F000000
1780709790.323650,vcan0,602,00000000
1780709790.323675,vcan0,603,01000000
1780709790.323699,vcan0,604,00
1780709790.323722,vcan0,605,00
1780709790.323748,vcan0,607,00
1780709790.339583,vcan0,600,00000000
1780709790.339632,vcan0,601,7F000000
1780709790.339660,vcan0,602,00000000
1780709790.355583,vcan0,600,00000000
1780709790.355629,vcan0,601,7F000000
1780709790.355659,vcan0,602,00000000
1780709790.372534,vcan0,600,00000000
1780709790.372579,vcan0,601,7F000000
1780709790.372608,vcan0,602,00000000
1780709790.388563,vcan0,600,00000000
1780709790.388612,vcan0,601,7F000000
1780709790.388638,vcan0,602,00000000
1780709790.388663,vcan0,603,01000000
1780709790.388691,vcan0,604,00
1780709790.388716,vcan0,605,00
1780709790.404575,vcan0,600,00000000
1780709790.404627,vcan0,601,7F000000
1780709790.404656,vcan0,602,00000000
1780709790.420610,vcan0,600,00000000
1780709790.420670,vcan0,601,7F000000
1780709790.420708,vcan0,602,00000000
1780709790.436602,vcan0,600,00000000
1780709790.436654,vcan0,601,7F000000
1780709790.436687,vcan0,602,00000000
1780709790.436723,vcan0,607,00
1780709790.452680,vcan0,600,00000000
1780709790.452735,vcan0,601,7F000000
1780709790.452765,vcan0,602,00000000
1780709790.452793,vcan0,603,01000000
1780709790.452822,vcan0,604,00
1780709790.452857,vcan0,605,00
1780709790.468617,vcan0,600,00000000
1780709790.468681,vcan0,601,7F000000
1780709790.468720,vcan0,602,00000000
1780709790.484644,vcan0,600,00000000
1780709790.484711,vcan0,601,7F000000
1780709790.484753,vcan0,602,00000000
1780709790.500581,vcan0,600,00000000
1780709790.500645,vcan0,601,7F000000
1780709790.500681,vcan0,602,00000000
1780709790.516570,vcan0,600,00000000
1780709790.516627,vcan0,601,7F000000
1780709790.516659,vcan0,602,00000000
1780709790.516691,vcan0,603,01000000
1780709790.516720,vcan0,604,00
1780709790.516750,vcan0,605,00
1780709790.532559,vcan0,600,00000000
1780709790.532611,vcan0,601,7F000000
1780709790.532645,vcan0,602,00000000
1780709790.548610,vcan0,600,00000000
1780709790.548661,vcan0,601,7F000000
1780709790.548693,vcan0,602,00000000
1780709790.548725,vcan0,607,00
1780709790.564632,vcan0,600,00000000
1780709790.564679,vcan0,601,7F000000
1780709790.564706,vcan0,602,00000000
1780709790.580568,vcan0,600,00000000
1780709790.580614,vcan0,601,7F000000
1780709790.580640,vcan0,602,00000000
1780709790.580666,vcan0,603,01000000
1780709790.580690,vcan0,604,00
1780709790.580713,vcan0,605,00
1780709790.596576,vcan0,600,00000000
1780709790.596646,vcan0,601,7F000000
1780709790.596695,vcan0,602,00000000
1780709790.612604,vcan0,600,00000000
1780709790.612658,vcan0,601,7F000000
1780709790.612694,vcan0,602,00000000
1780709790.628584,vcan0,600,00000000
1780709790.628638,vcan0,601,7F000000
1780709790.628671,vcan0,602,00000000
1780709790.644630,vcan0,600,00000000
1780709790.644681,vcan0,601,7F000000
1780709790.644714,vcan0,602,00000000
1780709790.644746,vcan0,603,01000000
1780709790.644778,vcan0,604,00
1780709790.644810,vcan0,605,00
1780709790.660588,vcan0,600,00000000
1780709790.660643,vcan0,601,7F000000
1780709790.660671,vcan0,602,00000000
1780709790.660710,vcan0,607,00
1780709790.676592,vcan0,600,00000000
1780709790.676637,vcan0,601,7F000000
1780709790.676663,vcan0,602,00000000
1780709790.692564,vcan0,600,00000000
1780709790.692606,vcan0,601,7F000000
1780709790.692632,vcan0,602,00000000
1780709790.708579,vcan0,600,00000000
1780709790.708624,vcan0,601,7F000000
1780709790.708649,vcan0,602,00000000
1780709790.708675,vcan0,603,01000000
1780709790.708700,vcan0,604,00
1780709790.708724,vcan0,605,00
1780709790.724594,vcan0,600,00000000
1780709790.724645,vcan0,601,7F000000
1780709790.724673,vcan0,602,00000000
1780709790.740575,vcan0,600,00000000
1780709790.740622,vcan0,601,7F000000
1780709790.740648,vcan0,602,00000000
1780709790.756630,vcan0,600,00000000
1780709790.756678,vcan0,601,7F000000
1780709790.756704,vcan0,602,00000000
1780709790.772686,vcan0,600,00000000
1780709790.772757,vcan0,601,7F000000
1780709790.772802,vcan0,602,00000000
1780709790.772849,vcan0,603,01000000
1780709790.772892,vcan0,604,00
1780709790.772934,vcan0,605,00
1780709790.772979,vcan0,607,00
1780709790.788634,vcan0,600,00000000
1780709790.788683,vcan0,601,7F000000
1780709790.788714,vcan0,602,00000000
1780709790.804592,vcan0,600,00000000
1780709790.804647,vcan0,601,7F000000
1780709790.804676,vcan0,602,00000000
1780709790.820602,vcan0,600,00000000
1780709790.820651,vcan0,601,7F000000
1780709790.820679,vcan0,602,00000000
1780709790.836645,vcan0,600,00000000
1780709790.836692,vcan0,601,7F000000
1780709790.836721,vcan0,602,00000000
1780709790.836751,vcan0,603,01000000
1780709790.836779,vcan0,604,00
1780709790.836806,vcan0,605,00
1780709790.852771,vcan0,600,00000000
1780709790.852840,vcan0,601,7F000000
1780709790.852870,vcan0,602,00000000
1780709790.868666,vcan0,600,00000000
1780709790.868726,vcan0,601,7F000000
1780709790.868764,vcan0,602,00000000
1780709790.884608,vcan0,600,00000000
1780709790.884657,vcan0,601,7F000000
1780709790.884684,vcan0,602,00000000
1780709790.884713,vcan0,607,00
1780709790.900691,vcan0,600,00000000
1780709790.900751,vcan0,601,7F000000
1780709790.900788,vcan0,602,00000000
1780709790.900827,vcan0,603,01000000
1780709790.900860,vcan0,604,00
1780709790.900886,vcan0,605,00
1780709790.916627,vcan0,600,00000000
1780709790.916678,vcan0,601,7F000000
1780709790.916711,vcan0,602,00000000
1780709790.932682,vcan0,600,00000000
1780709790.932735,vcan0,601,7F000000
1780709790.932764,vcan0,602,00000000
1780709790.948691,vcan0,600,00000000
1780709790.948746,vcan0,601,7F000000
1780709790.948777,vcan0,602,00000000
1780709790.964698,vcan0,600,00000000
1780709790.964753,vcan0,601,7F000000
1780709790.964786,vcan0,602,00000000
1780709790.964815,vcan0,603,01000000
1780709790.964843,vcan0,604,00
1780709790.964871,vcan0,605,00
1780709790.979648,vcan0,600,00000000
1780709790.979699,vcan0,601,7F000000
1780709790.979734,vcan0,602,00000000
1780709790.995620,vcan0,600,00000000
1780709790.995667,vcan0,601,7F000000
1780709790.995693,vcan0,602,00000000
1780709790.995723,vcan0,607,00
1780709791.011601,vcan0,600,00000000
1780709791.011645,vcan0,601,7F000000
1780709791.011671,vcan0,602,00000000
1780709791.027591,vcan0,600,00000000
1780709791.027636,vcan0,601,7F000000
1780709791.027663,vcan0,602,00000000
1780709791.027689,vcan0,603,01000000
1780709791.027726,vcan0,604,00
1780709791.027752,vcan0,605,00
1780709791.043572,vcan0,600,00000000
1780709791.043615,vcan0,601,7F000000
1780709791.043641,vcan0,602,00000000
1780709791.059577,vcan0,600,00000000
1780709791.059620,vcan0,601,7F000000
1780709791.059653,vcan0,602,00000000
1780709791.075594,vcan0,600,00000000
1780709791.075644,vcan0,601,7F000000
1780709791.075671,vcan0,602,00000000
1780709791.091568,vcan0,600,00000000
1780709791.091611,vcan0,601,7F000000
1780709791.091636,vcan0,602,00000000
1780709791.091662,vcan0,603,01000000
1780709791.091687,vcan0,604,00
1780709791.091711,vcan0,605,00
1780709791.107574,vcan0,600,00000000
1780709791.107616,vcan0,601,7F000000
1780709791.107641,vcan0,602,00000000
1780709791.107668,vcan0,607,00
1780709791.123610,vcan0,600,00000000
1780709791.123657,vcan0,601,7F000000
1780709791.123683,vcan0,602,00000000
1780709791.139597,vcan0,600,00000000
1780709791.139644,vcan0,601,7F000000
1780709791.139672,vcan0,602,00000000
1780709791.155566,vcan0,600,00000000
1780709791.155610,vcan0,601,7F000000
1780709791.155635,vcan0,602,00000000
1780709791.155659,vcan0,603,01000000
1780709791.155683,vcan0,604,00
1780709791.155705,vcan0,605,00
1780709791.171585,vcan0,600,00000000
1780709791.171628,vcan0,601,7F000000
1780709791.171654,vcan0,602,00000000
1780709791.187551,vcan0,600,00000000
1780709791.187602,vcan0,601,7F000000
1780709791.187634,vcan0,602,00000000
1780709791.203540,vcan0,600,00000000
1780709791.203582,vcan0,601,7F000000
1780709791.203608,vcan0,602,00000000
1780709791.219660,vcan0,600,00000000
1780709791.219709,vcan0,601,7F000000
1780709791.219743,vcan0,602,00000000
1780709791.219780,vcan0,603,01000000
1780709791.219813,vcan0,604,00
1780709791.219843,vcan0,605,00
1780709791.219874,vcan0,607,00
1780709791.235599,vcan0,600,00000000
1780709791.235644,vcan0,601,7F000000
1780709791.235670,vcan0,602,00000000
1780709791.251582,vcan0,600,00000000
1780709791.251624,vcan0,601,7F000000
1780709791.251650,vcan0,602,00000000
1780709791.267602,vcan0,600,00000000
1780709791.267647,vcan0,601,7F000000
1780709791.267683,vcan0,602,00000000
1780709791.283584,vcan0,600,00000000
1780709791.283629,vcan0,601,7F000000
1780709791.283655,vcan0,602,00000000
1780709791.283681,vcan0,603,01000000
1780709791.283705,vcan0,604,00
1780709791.283729,vcan0,605,00
1780709791.299581,vcan0,600,00000000
1780709791.299624,vcan0,601,7F000000
1780709791.299650,vcan0,602,00000000
1780709791.315581,vcan0,600,00000000
1780709791.315625,vcan0,601,7F000000
1780709791.315651,vcan0,602,00000000
1780709791.331560,vcan0,600,00000000
1780709791.331601,vcan0,601,7F000000
1780709791.331626,vcan0,602,00000000
1780709791.331654,vcan0,607,00
1780709791.347588,vcan0,600,00000000
1780709791.347628,vcan0,601,7F000000
1780709791.347655,vcan0,602,00000000
1780709791.347680,vcan0,603,01000000
1780709791.347706,vcan0,604,00
1780709791.347731,vcan0,605,00
1780709791.363590,vcan0,600,00000000
1780709791.363635,vcan0,601,7F000000
1780709791.363661,vcan0,602,00000000
1780709791.380568,vcan0,600,00000000
1780709791.380612,vcan0,601,7F000000
1780709791.380639,vcan0,602,00000000
1780709791.396605,vcan0,600,00000000
1780709791.396652,vcan0,601,7F000000
1780709791.396678,vcan0,602,00000000
1780709791.412615,vcan0,600,00000000
1780709791.412665,vcan0,601,7F000000
1780709791.412697,vcan0,602,00000000
1780709791.412724,vcan0,603,01000000
1780709791.412757,vcan0,604,00
1780709791.412788,vcan0,605,00
1780709791.428531,vcan0,600,00000000
1780709791.428581,vcan0,601,7F000000
1780709791.428612,vcan0,602,00000000
1780709791.444611,vcan0,600,00000000
1780709791.444657,vcan0,601,7F000000
1780709791.444687,vcan0,602,00000000
1780709791.444721,vcan0,607,00
1780709791.460572,vcan0,600,00000000
1780709791.460619,vcan0,601,7F000000
1780709791.460646,vcan0,602,00000000
1780709791.476544,vcan0,600,00000000
1780709791.476590,vcan0,601,7F000000
1780709791.476616,vcan0,602,00000000
1780709791.476641,vcan0,603,01000000
1780709791.476665,vcan0,604,00
1780709791.476688,vcan0,605,00
1780709791.492530,vcan0,600,00000000
1780709791.492571,vcan0,601,7F000000
1780709791.492595,vcan0,602,00000000
1780709791.508531,vcan0,600,00000000
1780709791.508575,vcan0,601,7F000000
1780709791.508600,vcan0,602,00000000
1780709791.524533,vcan0,600,00000000
1780709791.524579,vcan0,601,7F000000
1780709791.524603,vcan0,602,00000000
1780709791.540550,vcan0,600,00000000
1780709791.540596,vcan0,601,7F000000
1780709791.540622,vcan0,602,00000000
1780709791.540647,vcan0,603,01000000
1780709791.540671,vcan0,604,00
1780709791.540695,vcan0,605,00
1780709791.556542,vcan0,600,00000000
1780709791.556584,vcan0,601,7F000000
1780709791.556612,vcan0,602,00000000
1780709791.556642,vcan0,607,00
1780709791.572542,vcan0,600,00000000
1780709791.572593,vcan0,601,7F000000
1780709791.572622,vcan0,602,00000000
1780709791.588555,vcan0,600,00000000
1780709791.588600,vcan0,601,7F000000
1780709791.588626,vcan0,602,00000000
1780709791.604559,vcan0,600,00000000
1780709791.604605,vcan0,601,7F000000
1780709791.604632,vcan0,602,00000000
1780709791.604659,vcan0,603,01000000
1780709791.604686,vcan0,604,00
1780709791.604710,vcan0,605,00
1780709791.620541,vcan0,600,00000000
1780709791.620585,vcan0,601,7F000000
1780709791.620613,vcan0,602,00000000
1780709791.636585,vcan0,600,00000000
1780709791.636636,vcan0,601,7F000000
1780709791.636665,vcan0,602,00000000
1780709791.652651,vcan0,600,00000000
1780709791.652712,vcan0,601,7F000000
1780709791.652741,vcan0,602,00000000
1780709791.668535,vcan0,600,00000000
1780709791.668588,vcan0,601,7F000000
1780709791.668622,vcan0,602,00000000
1780709791.668653,vcan0,603,01000000
1780709791.668685,vcan0,604,00
1780709791.668718,vcan0,605,00
1780709791.668753,vcan0,607,00
1780709791.684565,vcan0,600,00000000
1780709791.684617,vcan0,601,7F000000
1780709791.684652,vcan0,602,00000000
1780709791.700528,vcan0,600,00000000
1780709791.700579,vcan0,601,7F000000
1780709791.700611,vcan0,602,00000000
1780709791.716525,vcan0,600,00000000
1780709791.716574,vcan0,601,7F000000
1780709791.716608,vcan0,602,00000000
1780709791.732546,vcan0,600,00000000
1780709791.732597,vcan0,601,7F000000
1780709791.732630,vcan0,602,00000000
1780709791.732662,vcan0,603,01000000
1780709791.732693,vcan0,604,00
1780709791.732722,vcan0,605,00
1780709791.748557,vcan0,600,00000000
1780709791.748604,vcan0,601,7F000000
1780709791.748634,vcan0,602,00000000
1780709791.764526,vcan0,600,00000000
1780709791.764574,vcan0,601,7F000000
1780709791.764605,vcan0,602,00000000
1780709791.780546,vcan0,600,00000000
1780709791.780594,vcan0,601,7F000000
1780709791.780621,vcan0,602,00000000
1780709791.780648,vcan0,607,00
1780709791.796573,vcan0,600,00000000
1780709791.796623,vcan0,601,7F000000
1780709791.796655,vcan0,602,00000000
1780709791.796683,vcan0,603,01000000
1780709791.796708,vcan0,604,00
1780709791.796739,vcan0,605,00
1780709791.812600,vcan0,600,00000000
1780709791.812645,vcan0,601,7F000000
1780709791.812677,vcan0,602,00000000
1780709791.828583,vcan0,600,00000000
1780709791.828630,vcan0,601,7F000000
1780709791.828656,vcan0,602,00000000
1780709791.844538,vcan0,600,00000000
1780709791.844580,vcan0,601,7F000000
1780709791.844605,vcan0,602,00000000
1780709791.860541,vcan0,600,00000000
1780709791.860601,vcan0,601,7F000000
1780709791.860633,vcan0,602,00000000
1780709791.860664,vcan0,603,01000000
1780709791.860693,vcan0,604,00
1780709791.860722,vcan0,605,00
1780709791.876541,vcan0,600,00000000
1780709791.876593,vcan0,601,7F000000
1780709791.876624,vcan0,602,00000000
1780709791.892559,vcan0,600,00000000
1780709791.892620,vcan0,601,7F000000
1780709791.892654,vcan0,602,00000000
1780709791.892686,vcan0,607,00
1780709791.908558,vcan0,600,00000000
1780709791.908608,vcan0,601,7F000000
1780709791.908638,vcan0,602,00000000
1780709791.924573,vcan0,600,00000000
1780709791.924623,vcan0,601,7F000000
1780709791.924657,vcan0,602,00000000
1780709791.924687,vcan0,603,01000000
1780709791.924716,vcan0,604,00
1780709791.924743,vcan0,605,00
1780709791.940544,vcan0,600,00000000
1780709791.940591,vcan0,601,7F000000
1780709791.940622,vcan0,602,00000000
1780709791.956540,vcan0,600,00000000
1780709791.956590,vcan0,601,7F000000
1780709791.956623,vcan0,602,00000000
1780709791.971604,vcan0,600,00000000
1780709791.971658,vcan0,601,7F000000
1780709791.971689,vcan0,602,00000000
1780709791.987541,vcan0,600,00000000
1780709791.987593,vcan0,601,7F000000
1780709791.987624,vcan0,602,00000000
1780709791.987654,vcan0,603,01000000
1780709791.987684,vcan0,604,00
1780709791.987713,vcan0,605,00
1780709792.003538,vcan0,600,00000000
1780709792.003587,vcan0,601,7F000000
1780709792.003620,vcan0,602,00000000
1780709792.003654,vcan0,607,00
1780709792.019590,vcan0,600,00000000
1780709792.019639,vcan0,601,7F000000
1780709792.019672,vcan0,602,00000000
1780709792.035577,vcan0,600,00000000
1780709792.035628,vcan0,601,7F000000
1780709792.035658,vcan0,602,00000000
1780709792.051626,vcan0,600,00000000
1780709792.051681,vcan0,601,7F000000
1780709792.051716,vcan0,602,00000000
1780709792.051752,vcan0,603,01000000
1780709792.051787,vcan0,604,00
1780709792.051816,vcan0,605,00
1780709792.067579,vcan0,600,00000000
1780709792.067625,vcan0,601,7F000000
1780709792.067655,vcan0,602,00000000
1780709792.083582,vcan0,600,00000000
1780709792.083624,vcan0,601,7F000000
1780709792.083650,vcan0,602,00000000
1780709792.099640,vcan0,600,00000000
1780709792.099693,vcan0,601,7F000000
1780709792.099728,vcan0,602,00000000
1780709792.115551,vcan0,600,00000000
1780709792.115596,vcan0,601,7F000000
1780709792.115623,vcan0,602,00000000
1780709792.115649,vcan0,603,01000000
1780709792.115675,vcan0,604,00
1780709792.115699,vcan0,605,00
1780709792.115726,vcan0,607,00
1780709792.131546,vcan0,600,00000000
1780709792.131599,vcan0,601,7F000000
1780709792.131631,vcan0,602,00000000
1780709792.147599,vcan0,600,00000000
1780709792.147646,vcan0,601,7F000000
1780709792.147672,vcan0,602,00000000
1780709792.163562,vcan0,600,00000000
1780709792.163609,vcan0,601,7F000000
1780709792.163635,vcan0,602,00000000
1780709792.179572,vcan0,600,00000000
1780709792.179627,vcan0,601,7F000000
1780709792.179661,vcan0,602,00000000
1780709792.179694,vcan0,603,01000000
1780709792.179722,vcan0,604,00
1780709792.179747,vcan0,605,00
1780709792.195566,vcan0,600,00000000
1780709792.195617,vcan0,601,7F000000
1780709792.195645,vcan0,602,00000000
1780709792.211593,vcan0,600,00000000
1780709792.211647,vcan0,601,7F000000
1780709792.211675,vcan0,602,00000000
1780709792.227535,vcan0,600,00000000
1780709792.227589,vcan0,601,7F000000
1780709792.227619,vcan0,602,00000000
1780709792.227652,vcan0,607,00
1780709792.243569,vcan0,600,00000000
1780709792.243618,vcan0,601,7F000000
1780709792.243648,vcan0,602,00000000
1780709792.243678,vcan0,603,01000000
1780709792.243708,vcan0,604,00
1780709792.243737,vcan0,605,00
1780709792.259561,vcan0,600,00000000
1780709792.259612,vcan0,601,7F000000
1780709792.259645,vcan0,602,00000000
1780709792.275539,vcan0,600,00000000
1780709792.275590,vcan0,601,7F000000
1780709792.275623,vcan0,602,00000000
1780709792.291543,vcan0,600,00000000
1780709792.291593,vcan0,601,7F000000
1780709792.291625,vcan0,602,00000000
1780709792.307550,vcan0,600,00000000
1780709792.307596,vcan0,601,7F000000
1780709792.307628,vcan0,602,00000000
1780709792.307659,vcan0,603,01000000
1780709792.307687,vcan0,604,00
1780709792.307714,vcan0,605,00
1780709792.323524,vcan0,600,00000000
1780709792.323575,vcan0,601,7F000000
1780709792.323606,vcan0,602,00000000
1780709792.339542,vcan0,600,00000000
1780709792.339589,vcan0,601,7F000000
1780709792.339620,vcan0,602,00000000
1780709792.339653,vcan0,607,00
1780709792.355559,vcan0,600,00000000
1780709792.355610,vcan0,601,7F000000
1780709792.355643,vcan0,602,00000000
1780709792.372533,vcan0,600,00000000
1780709792.372582,vcan0,601,7F000000
1780709792.372615,vcan0,602,00000000
1780709792.372647,vcan0,603,01000000
1780709792.372677,vcan0,604,00
1780709792.372707,vcan0,605,00
1780709792.388571,vcan0,600,00000000
1780709792.388626,vcan0,601,7F000000
1780709792.388659,vcan0,602,00000000
1780709792.404577,vcan0,600,00000000
1780709792.404631,vcan0,601,7F000000
1780709792.404665,vcan0,602,00000000
1780709792.420557,vcan0,600,00000000
1780709792.420606,vcan0,601,7F000000
1780709792.420637,vcan0,602,00000000
1780709792.436547,vcan0,600,00000000
1780709792.436600,vcan0,601,7F000000
1780709792.436632,vcan0,602,00000000
1780709792.436663,vcan0,603,01000000
1780709792.436693,vcan0,604,00
1780709792.436725,vcan0,605,00
1780709792.452542,vcan0,600,00000000
1780709792.452592,vcan0,601,7F000000
1780709792.452626,vcan0,602,00000000
1780709792.452661,vcan0,607,00
1780709792.468588,vcan0,600,00000000
1780709792.468642,vcan0,601,7F000000
1780709792.468674,vcan0,602,00000000
1780709792.484624,vcan0,600,00000000
1780709792.484680,vcan0,601,7F000000
1780709792.484717,vcan0,602,00000000
1780709792.500721,vcan0,600,00000000
1780709792.500786,vcan0,601,7F000000
1780709792.500820,vcan0,602,00000000
1780709792.500854,vcan0,603,01000000
1780709792.500886,vcan0,604,00
1780709792.500916,vcan0,605,00
1780709792.516642,vcan0,600,00000000
1780709792.516695,vcan0,601,7F000000
1780709792.516731,vcan0,602,00000000
1780709792.532655,vcan0,600,00000000
1780709792.532702,vcan0,601,7F000000
1780709792.532729,vcan0,602,00000000
1780709792.548623,vcan0,600,00000000
1780709792.548682,vcan0,601,7F000000
1780709792.548719,vcan0,602,00000000
1780709792.564600,vcan0,600,00000000
1780709792.564647,vcan0,601,7F000000
1780709792.564675,vcan0,602,00000000
1780709792.564703,vcan0,603,01000000
1780709792.564730,vcan0,604,00
1780709792.564756,vcan0,605,00
1780709792.564785,vcan0,607,00
1780709792.580628,vcan0,600,00000000
1780709792.580683,vcan0,601,7F000000
1780709792.580717,vcan0,602,00000000
1780709792.596559,vcan0,600,00000000
1780709792.596606,vcan0,601,7F000000
1780709792.596632,vcan0,602,00000000
1780709792.612530,vcan0,600,00000000
1780709792.612578,vcan0,601,7F000000
1780709792.612606,vcan0,602,00000000
1780709792.628567,vcan0,600,00000000
1780709792.628619,vcan0,601,7F000000
1780709792.628647,vcan0,602,00000000
1780709792.628674,vcan0,603,01000000
1780709792.628699,vcan0,604,00
1780709792.628723,vcan0,605,00
1780709792.644529,vcan0,600,00000000
1780709792.644574,vcan0,601,7F000000
1780709792.644600,vcan0,602,00000000
1780709792.660554,vcan0,600,00000000
1780709792.660600,vcan0,601,7F000000
1780709792.660627,vcan0,602,00000000
1780709792.676547,vcan0,600,00000000
1780709792.676596,vcan0,601,7F000000
1780709792.676633,vcan0,602,00000000
1780709792.676671,vcan0,607,00
1780709792.692580,vcan0,600,00000000
1780709792.692632,vcan0,601,7F000000
1780709792.692661,vcan0,602,00000000
1780709792.692689,vcan0,603,01000000
1780709792.692716,vcan0,604,00
1780709792.692741,vcan0,605,00
1780709792.708540,vcan0,600,00000000
1780709792.708584,vcan0,601,7F000000
1780709792.708611,vcan0,602,00000000
1780709792.724563,vcan0,600,00000000
1780709792.724613,vcan0,601,7F000000
1780709792.724641,vcan0,602,00000000
1780709792.740514,vcan0,600,00000000
1780709792.740560,vcan0,601,7F000000
1780709792.740593,vcan0,602,00000000
1780709792.756546,vcan0,600,00000000
1780709792.756589,vcan0,601,7F000000
1780709792.756616,vcan0,602,00000000
1780709792.756642,vcan0,603,01000000
1780709792.756668,vcan0,604,00
1780709792.756692,vcan0,605,00
1780709792.772540,vcan0,600,00000000
1780709792.772584,vcan0,601,7F000000
1780709792.772612,vcan0,602,00000000
1780709792.788615,vcan0,600,00000000
1780709792.788663,vcan0,601,7F000000
1780709792.788689,vcan0,602,00000000
1780709792.788719,vcan0,607,00
1780709792.804567,vcan0,600,00000000
1780709792.804613,vcan0,601,7F000000
1780709792.804639,vcan0,602,00000000
1780709792.820556,vcan0,600,00000000
1780709792.820603,vcan0,601,7F000000
1780709792.820639,vcan0,602,00000000
1780709792.820669,vcan0,603,01000000
1780709792.820701,vcan0,604,00
1780709792.820728,vcan0,605,00
1780709792.836545,vcan0,600,00000000
1780709792.836588,vcan0,601,7F000000
1780709792.836614,vcan0,602,00000000
1780709792.852551,vcan0,600,00000000
1780709792.852606,vcan0,601,7F000000
1780709792.852640,vcan0,602,00000000
1780709792.868559,vcan0,600,00000000
1780709792.868607,vcan0,601,7F000000
1780709792.868637,vcan0,602,00000000
1780709792.884588,vcan0,600,00000000
1780709792.884631,vcan0,601,7F000000
1780709792.884658,vcan0,602,00000000
1780709792.884684,vcan0,603,01000000
1780709792.884708,vcan0,604,00
1780709792.884731,vcan0,605,00
1780709792.900557,vcan0,600,00000000
1780709792.900617,vcan0,601,7F000000
1780709792.900649,vcan0,602,00000000
1780709792.900682,vcan0,607,00
1780709792.916529,vcan0,600,00000000
1780709792.916572,vcan0,601,7F000000
1780709792.916596,vcan0,602,00000000
1780709792.932542,vcan0,600,00000000
1780709792.932583,vcan0,601,7F000000
1780709792.932608,vcan0,602,00000000
1780709792.948535,vcan0,600,00000000
1780709792.948579,vcan0,601,7F000000
1780709792.948605,vcan0,602,00000000
1780709792.948631,vcan0,603,01000000
1780709792.948656,vcan0,604,00
1780709792.948682,vcan0,605,00
1780709792.964538,vcan0,600,00000000
1780709792.964582,vcan0,601,7F000000
1780709792.964609,vcan0,602,00000000
1780709792.979532,vcan0,600,00000000
1780709792.979577,vcan0,601,7F000000
1780709792.979612,vcan0,602,00000000
1780709792.995513,vcan0,600,00000000
1780709792.995556,vcan0,601,7F000000
1780709792.995583,vcan0,602,00000000
1780709793.011522,vcan0,600,00000000
1780709793.011564,vcan0,601,7F000000
1780709793.011592,vcan0,602,00000000
1780709793.011617,vcan0,603,01000000
1780709793.011646,vcan0,604,00
1780709793.011677,vcan0,605,00
1780709793.011711,vcan0,607,00
1780709793.027573,vcan0,600,00000000
1780709793.027634,vcan0,601,7F000000
1780709793.027666,vcan0,602,00000000
1780709793.043616,vcan0,600,00000000
1780709793.043659,vcan0,601,7F000000
1780709793.043684,vcan0,602,00000000
1780709793.059618,vcan0,600,00000000
1780709793.059675,vcan0,601,7F000000
1780709793.059703,vcan0,602,00000000
1780709793.075541,vcan0,600,00000000
1780709793.075592,vcan0,601,7F000000
1780709793.075624,vcan0,602,00000000
1780709793.075658,vcan0,603,01000000
1780709793.075691,vcan0,604,00
1780709793.075722,vcan0,605,00
1780709793.091527,vcan0,600,00000000
1780709793.091576,vcan0,601,7F000000
1780709793.091603,vcan0,602,00000000
1780709793.107558,vcan0,600,00000000
1780709793.107607,vcan0,601,7F000000
1780709793.107633,vcan0,602,00000000
1780709793.123574,vcan0,600,00000000
1780709793.123630,vcan0,601,7F000000
1780709793.123665,vcan0,602,00000000
1780709793.123701,vcan0,607,00
1780709793.139538,vcan0,600,00000000
1780709793.139585,vcan0,601,7F000000
1780709793.139611,vcan0,602,00000000
1780709793.139635,vcan0,603,01000000
1780709793.139659,vcan0,604,00
1780709793.139682,vcan0,605,00
1780709793.155529,vcan0,600,00000000
1780709793.155573,vcan0,601,7F000000
1780709793.155598,vcan0,602,00000000
1780709793.171522,vcan0,600,00000000
1780709793.171568,vcan0,601,7F000000
1780709793.171593,vcan0,602,00000000
1780709793.187557,vcan0,600,00000000
1780709793.187603,vcan0,601,7F000000
1780709793.187629,vcan0,602,00000000
1780709793.203527,vcan0,600,00000000
1780709793.203571,vcan0,601,7F000000
1780709793.203597,vcan0,602,00000000
1780709793.203623,vcan0,603,01000000
1780709793.203647,vcan0,604,00
1780709793.203670,vcan0,605,00
1780709793.219538,vcan0,600,00000000
1780709793.219585,vcan0,601,7F000000
1780709793.219610,vcan0,602,00000000
1780709793.235535,vcan0,600,00000000
1780709793.235581,vcan0,601,7F000000
1780709793.235610,vcan0,602,00000000
1780709793.235638,vcan0,607,00
1780709793.251555,vcan0,600,00000000
1780709793.251603,vcan0,601,7F000000
1780709793.251630,vcan0,602,00000000
1780709793.267557,vcan0,600,00000000
1780709793.267603,vcan0,601,7F000000
1780709793.267629,vcan0,602,00000000
1780709793.267655,vcan0,603,01000000
1780709793.267679,vcan0,604,00
1780709793.267703,vcan0,605,00
1780709793.283522,vcan0,600,00000000
1780709793.283567,vcan0,601,7F000000
1780709793.283593,vcan0,602,00000000
1780709793.299536,vcan0,600,00000000
1780709793.299581,vcan0,601,7F000000
1780709793.299612,vcan0,602,00000000
1780709793.315530,vcan0,600,00000000
1780709793.315581,vcan0,601,7F000000
1780709793.315608,vcan0,602,00000000
1780709793.331531,vcan0,600,00000000
1780709793.331574,vcan0,601,7F000000
1780709793.331599,vcan0,602,00000000
1780709793.331624,vcan0,603,01000000
1780709793.331649,vcan0,604,00
1780709793.331672,vcan0,605,00
1780709793.347555,vcan0,600,00000000
1780709793.347599,vcan0,601,7F000000
1780709793.347632,vcan0,602,00000000
1780709793.347661,vcan0,607,00
1780709793.363540,vcan0,600,00000000
1780709793.363586,vcan0,601,7F000000
1780709793.363613,vcan0,602,00000000
1780709793.380522,vcan0,600,00000000
1780709793.380570,vcan0,601,7F000000
1780709793.380603,vcan0,602,00000000
1780709793.396564,vcan0,600,00000000
1780709793.396612,vcan0,601,7F000000
1780709793.396639,vcan0,602,00000000
1780709793.396665,vcan0,603,01000000
1780709793.396691,vcan0,604,00
1780709793.396717,vcan0,605,00
1780709793.412534,vcan0,600,00000000
1780709793.412581,vcan0,601,7F000000
1780709793.412606,vcan0,602,00000000
1780709793.428546,vcan0,600,00000000
1780709793.428591,vcan0,601,7F000000
1780709793.428616,vcan0,602,00000000
1780709793.444534,vcan0,600,00000000
1780709793.444580,vcan0,601,7F000000
1780709793.444606,vcan0,602,00000000
1780709793.460570,vcan0,600,00000000
1780709793.460622,vcan0,601,7F000000
1780709793.460651,vcan0,602,00000000
1780709793.460678,vcan0,603,01000000
1780709793.460704,vcan0,604,00
1780709793.460729,vcan0,605,00
1780709793.460756,vcan0,607,00
1780709793.476595,vcan0,600,00000000
1780709793.476649,vcan0,601,7F000000
1780709793.476689,vcan0,602,00000000
1780709793.492585,vcan0,600,00000000
1780709793.492637,vcan0,601,7F000000
1780709793.492664,vcan0,602,00000000
1780709793.508540,vcan0,600,00000000
1780709793.508581,vcan0,601,7F000000
1780709793.508606,vcan0,602,00000000
1780709793.524537,vcan0,600,00000000
1780709793.524582,vcan0,601,7F000000
1780709793.524608,vcan0,602,00000000
1780709793.524633,vcan0,603,01000000
1780709793.524658,vcan0,604,00
1780709793.524681,vcan0,605,00
1780709793.540553,vcan0,600,00000000
1780709793.540598,vcan0,601,7F000000
1780709793.540624,vcan0,602,00000000
1780709793.556537,vcan0,600,00000000
1780709793.556581,vcan0,601,7F000000
1780709793.556607,vcan0,602,00000000
1780709793.572539,vcan0,600,00000000
1780709793.572583,vcan0,601,7F000000
1780709793.572609,vcan0,602,00000000
1780709793.572636,vcan0,607,00
1780709793.588552,vcan0,600,00000000
1780709793.588601,vcan0,601,7F000000
1780709793.588630,vcan0,602,00000000
1780709793.588655,vcan0,603,01000000
1780709793.588680,vcan0,604,00
1780709793.588704,vcan0,605,00
1780709793.604548,vcan0,600,00000000
1780709793.604589,vcan0,601,7F000000
1780709793.604614,vcan0,602,00000000
1780709793.620549,vcan0,600,00000000
1780709793.620600,vcan0,601,7F000000
1780709793.620627,vcan0,602,00000000
1780709793.636548,vcan0,600,00000000
1780709793.636593,vcan0,601,7F000000
1780709793.636619,vcan0,602,00000000
1780709793.652534,vcan0,600,00000000
1780709793.652577,vcan0,601,7F000000
1780709793.652602,vcan0,602,00000000
1780709793.652628,vcan0,603,01000000
1780709793.652653,vcan0,604,00
1780709793.652676,vcan0,605,00
1780709793.668556,vcan0,600,00000000
1780709793.668605,vcan0,601,7F000000
1780709793.668633,vcan0,602,00000000
1780709793.684512,vcan0,600,00000000
1780709793.684555,vcan0,601,7F000000
1780709793.684582,vcan0,602,00000000
1780709793.684612,vcan0,607,00
1780709793.700524,vcan0,600,00000000
1780709793.700572,vcan0,601,7F000000
1780709793.700599,vcan0,602,00000000
1780709793.716551,vcan0,600,00000000
1780709793.716600,vcan0,601,7F000000
1780709793.716627,vcan0,602,00000000
1780709793.716653,vcan0,603,01000000
1780709793.716678,vcan0,604,00
1780709793.716702,vcan0,605,00
1780709793.732591,vcan0,600,00000000
1780709793.732648,vcan0,601,7F000000
1780709793.732681,vcan0,602,00000000
1780709793.748606,vcan0,600,00000000
1780709793.748665,vcan0,601,7F000000
1780709793.748702,vcan0,602,00000000
1780709793.764581,vcan0,600,00000000
1780709793.764631,vcan0,601,7F000000
1780709793.764659,vcan0,602,00000000
1780709793.780548,vcan0,600,00000000
1780709793.780591,vcan0,601,7F000000
1780709793.780616,vcan0,602,00000000
1780709793.780641,vcan0,603,01000000
1780709793.780666,vcan0,604,00
1780709793.780689,vcan0,605,00
1780709793.796536,vcan0,600,00000000
1780709793.796585,vcan0,601,7F000000
1780709793.796615,vcan0,602,00000000
1780709793.796643,vcan0,607,00
1780709793.812548,vcan0,600,00000000
1780709793.812593,vcan0,601,7F000000
1780709793.812617,vcan0,602,00000000
1780709793.828549,vcan0,600,00000000
1780709793.828591,vcan0,601,7F000000
1780709793.828615,vcan0,602,00000000
1780709793.844528,vcan0,600,00000000
1780709793.844569,vcan0,601,7F000000
1780709793.844594,vcan0,602,00000000
1780709793.844620,vcan0,603,01000000
1780709793.844644,vcan0,604,00
1780709793.844667,vcan0,605,00
1780709793.860559,vcan0,600,00000000
1780709793.860602,vcan0,601,7F000000
1780709793.860626,vcan0,602,00000000
1780709793.876587,vcan0,600,00000000
1780709793.876634,vcan0,601,7F000000
1780709793.876659,vcan0,602,00000000
1780709793.892563,vcan0,600,00000000
1780709793.892606,vcan0,601,7F000000
1780709793.892631,vcan0,602,00000000
1780709793.908541,vcan0,600,00000000
1780709793.908583,vcan0,601,7F000000
1780709793.908607,vcan0,602,00000000
1780709793.908632,vcan0,603,01000000
1780709793.908656,vcan0,604,00
1780709793.908679,vcan0,605,00
1780709793.908703,vcan0,607,00
1780709793.924552,vcan0,600,00000000
1780709793.924595,vcan0,601,7F000000
1780709793.924621,vcan0,602,00000000
1780709793.940549,vcan0,600,00000000
1780709793.940595,vcan0,601,7F000000
1780709793.940622,vcan0,602,00000000
1780709793.956558,vcan0,600,00000000
1780709793.956603,vcan0,601,7F000000
1780709793.956628,vcan0,602,00000000
1780709793.971570,vcan0,600,00000000
1780709793.971618,vcan0,601,7F000000
1780709793.971645,vcan0,602,00000000
1780709793.971678,vcan0,603,01000000
1780709793.971703,vcan0,604,00
1780709793.971728,vcan0,605,00
1780709793.987578,vcan0,600,00000000
1780709793.987633,vcan0,601,7F000000
1780709793.987660,vcan0,602,00000000
1780709794.003547,vcan0,600,00000000
1780709794.003608,vcan0,601,7F000000
1780709794.003636,vcan0,602,00000000
1780709794.019552,vcan0,600,00000000
1780709794.019602,vcan0,601,7F000000
1780709794.019629,vcan0,602,00000000
1780709794.019656,vcan0,607,00
1780709794.035564,vcan0,600,00000000
1780709794.035613,vcan0,601,7F000000
1780709794.035644,vcan0,602,00000000
1780709794.035669,vcan0,603,01000000
1780709794.035694,vcan0,604,00
1780709794.035718,vcan0,605,00
1780709794.051596,vcan0,600,00000000
1780709794.051653,vcan0,601,7F000000
1780709794.051695,vcan0,602,00000000
1780709794.067570,vcan0,600,00000000
1780709794.067617,vcan0,601,7F000000
1780709794.067642,vcan0,602,00000000
1780709794.083533,vcan0,600,00000000
1780709794.083576,vcan0,601,7F000000
1780709794.083602,vcan0,602,00000000
1780709794.099532,vcan0,600,00000000
1780709794.099578,vcan0,601,7F000000
1780709794.099604,vcan0,602,00000000
1780709794.099628,vcan0,603,01000000
1780709794.099652,vcan0,604,00
1780709794.099676,vcan0,605,00
1780709794.115642,vcan0,600,00000000
1780709794.115728,vcan0,601,7F000000
1780709794.115754,vcan0,602,00000000
1780709794.131596,vcan0,600,00000000
1780709794.131684,vcan0,601,7F000000
1780709794.131712,vcan0,602,00000000
1780709794.131786,vcan0,607,00
1780709794.147529,vcan0,600,00000000
1780709794.147573,vcan0,601,7F000000
1780709794.147600,vcan0,602,00000000
1780709794.163551,vcan0,600,00000000
1780709794.163600,vcan0,601,7F000000
1780709794.163628,vcan0,602,00000000
1780709794.163655,vcan0,603,01000000
1780709794.163682,vcan0,604,00
1780709794.163707,vcan0,605,00
1780709794.179566,vcan0,600,00000000
1780709794.179617,vcan0,601,7F000000
1780709794.179645,vcan0,602,00000000
1780709794.195562,vcan0,600,00000000
1780709794.195613,vcan0,601,7F000000
1780709794.195641,vcan0,602,00000000
1780709794.211538,vcan0,600,00000000
1780709794.211588,vcan0,601,7F000000
1780709794.211614,vcan0,602,00000000
1780709794.227534,vcan0,600,00000000
1780709794.227588,vcan0,601,7F000000
1780709794.227615,vcan0,602,00000000
1780709794.227641,vcan0,603,01000000
1780709794.227666,vcan0,604,00
1780709794.227692,vcan0,605,00
1780709794.243552,vcan0,600,00000000
1780709794.243598,vcan0,601,7F000000
1780709794.243625,vcan0,602,00000000
1780709794.243654,vcan0,607,00
1780709794.259558,vcan0,600,00000000
1780709794.259605,vcan0,601,7F000000
1780709794.259632,vcan0,602,00000000
1780709794.275532,vcan0,600,00000000
1780709794.275587,vcan0,601,7F000000
1780709794.275614,vcan0,602,00000000
1780709794.291522,vcan0,600,00000000
1780709794.291575,vcan0,601,7F000000
1780709794.291603,vcan0,602,00000000
1780709794.291628,vcan0,603,01000000
1780709794.291655,vcan0,604,00
1780709794.291692,vcan0,605,00
1780709794.307539,vcan0,600,00000000
1780709794.307584,vcan0,601,7F000000
1780709794.307609,vcan0,602,00000000
1780709794.323541,vcan0,600,00000000
1780709794.323588,vcan0,601,7F000000
1780709794.323615,vcan0,602,00000000
1780709794.339559,vcan0,600,00000000
1780709794.339608,vcan0,601,7F000000
1780709794.339636,vcan0,602,00000000
1780709794.355543,vcan0,600,00000000
1780709794.355590,vcan0,601,7F000000
1780709794.355617,vcan0,602,00000000
1780709794.355645,vcan0,603,01000000
1780709794.355671,vcan0,604,00
1780709794.355696,vcan0,605,00
1780709794.355721,vcan0,607,00
1780709794.372534,vcan0,600,00000000
1780709794.372583,vcan0,601,7F000000
1780709794.372609,vcan0,602,00000000
1780709794.388531,vcan0,600,00000000
1780709794.388581,vcan0,601,7F000000
1780709794.388607,vcan0,602,00000000
1780709794.404549,vcan0,600,00000000
1780709794.404598,vcan0,601,7F000000
1780709794.404626,vcan0,602,00000000
1780709794.420538,vcan0,600,00000000
1780709794.420586,vcan0,601,7F000000
1780709794.420613,vcan0,602,00000000
1780709794.420639,vcan0,603,01000000
1780709794.420665,vcan0,604,00
1780709794.420690,vcan0,605,00
1780709794.436534,vcan0,600,00000000
1780709794.436581,vcan0,601,7F000000
1780709794.436608,vcan0,602,00000000
1780709794.452529,vcan0,600,00000000
1780709794.452577,vcan0,601,7F000000
1780709794.452602,vcan0,602,00000000
1780709794.468561,vcan0,600,00000000
1780709794.468609,vcan0,601,7F000000
1780709794.468637,vcan0,602,00000000
1780709794.468668,vcan0,607,00
1780709794.484518,vcan0,600,00000000
1780709794.484560,vcan0,601,7F000000
1780709794.484587,vcan0,602,00000000
1780709794.484611,vcan0,603,01000000
1780709794.484635,vcan0,604,00
1780709794.484658,vcan0,605,00
1780709794.500521,vcan0,600,00000000
1780709794.500565,vcan0,601,7F000000
1780709794.500592,vcan0,602,00000000
1780709794.516534,vcan0,600,00000000
1780709794.516582,vcan0,601,7F000000
1780709794.516609,vcan0,602,00000000
1780709794.532518,vcan0,600,00000000
1780709794.532576,vcan0,601,7F000000
1780709794.532604,vcan0,602,00000000
1780709794.548517,vcan0,600,00000000
1780709794.548561,vcan0,601,7F000000
1780709794.548588,vcan0,602,00000000
1780709794.548614,vcan0,603,01000000
1780709794.548644,vcan0,604,00
1780709794.548670,vcan0,605,00
1780709794.564554,vcan0,600,00000000
1780709794.564606,vcan0,601,7F000000
1780709794.564636,vcan0,602,00000000
1780709794.580541,vcan0,600,00000000
1780709794.580585,vcan0,601,7F000000
1780709794.580610,vcan0,602,00000000
1780709794.580640,vcan0,607,00
1780709794.596553,vcan0,600,00000000
1780709794.596600,vcan0,601,7F000000
1780709794.596625,vcan0,602,00000000
1780709794.612566,vcan0,600,00000000
1780709794.612610,vcan0,601,7F000000
1780709794.612634,vcan0,602,00000000
1780709794.612659,vcan0,603,01000000
1780709794.612691,vcan0,604,00
1780709794.612720,vcan0,605,00
1780709794.628540,vcan0,600,00000000
1780709794.628586,vcan0,601,7F000000
1780709794.628611,vcan0,602,00000000
1780709794.644525,vcan0,600,00000000
1780709794.644576,vcan0,601,7F000000
1780709794.644604,vcan0,602,00000000
1780709794.660548,vcan0,600,00000000
1780709794.660594,vcan0,601,7F000000
1780709794.660620,vcan0,602,00000000
1780709794.676511,vcan0,600,00000000
1780709794.676557,vcan0,601,7F000000
1780709794.676586,vcan0,602,00000000
1780709794.676611,vcan0,603,01000000
1780709794.676635,vcan0,604,00
1780709794.676658,vcan0,605,00
1780709794.692545,vcan0,600,00000000
1780709794.692593,vcan0,601,7F000000
1780709794.692622,vcan0,602,00000000
1780709794.692650,vcan0,607,00
1780709794.708531,vcan0,600,00000000
1780709794.708581,vcan0,601,7F000000
1780709794.708616,vcan0,602,00000000
1780709794.724519,vcan0,600,00000000
1780709794.724563,vcan0,601,7F000000
1780709794.724591,vcan0,602,00000000
1780709794.740561,vcan0,600,00000000
1780709794.740610,vcan0,601,7F000000
1780709794.740639,vcan0,602,00000000
1780709794.740665,vcan0,603,01000000
1780709794.740689,vcan0,604,00
1780709794.740713,vcan0,605,00
1780709794.756528,vcan0,600,00000000
1780709794.756577,vcan0,601,7F000000
1780709794.756602,vcan0,602,00000000
1780709794.772556,vcan0,600,00000000
1780709794.772603,vcan0,601,7F000000
1780709794.772631,vcan0,602,00000000
1780709794.788625,vcan0,600,00000000
1780709794.788697,vcan0,601,7F000000
1780709794.788737,vcan0,602,00000000
1780709794.804542,vcan0,600,00000000
1780709794.804593,vcan0,601,7F000000
1780709794.804618,vcan0,602,00000000
1780709794.804643,vcan0,603,01000000
1780709794.804668,vcan0,604,00
1780709794.804692,vcan0,605,00
1780709794.804718,vcan0,607,00
1780709794.820510,vcan0,600,00000000
1780709794.820555,vcan0,601,7F000000
1780709794.820584,vcan0,602,00000000
1780709794.836532,vcan0,600,00000000
1780709794.836584,vcan0,601,7F000000
1780709794.836613,vcan0,602,00000000
1780709794.852525,vcan0,600,00000000
1780709794.852574,vcan0,601,7F000000
1780709794.852602,vcan0,602,00000000
1780709794.868559,vcan0,600,00000000
1780709794.868606,vcan0,601,7F000000
1780709794.868636,vcan0,602,00000000
1780709794.868661,vcan0,603,01000000
1780709794.868686,vcan0,604,00
1780709794.868710,vcan0,605,00
1780709794.884521,vcan0,600,00000000
1780709794.884573,vcan0,601,7F000000
1780709794.884608,vcan0,602,00000000
1780709794.900519,vcan0,600,00000000
1780709794.900567,vcan0,601,7F000000
1780709794.900593,vcan0,602,00000000
1780709794.916521,vcan0,600,00000000
1780709794.916567,vcan0,601,7F000000
1780709794.916594,vcan0,602,00000000
1780709794.916627,vcan0,607,00
1780709794.932594,vcan0,600,00000000
1780709794.932642,vcan0,601,7F000000
1780709794.932669,vcan0,602,00000000
1780709794.932696,vcan0,603,01000000
1780709794.932721,vcan0,604,00
1780709794.932745,vcan0,605,00
1780709794.948535,vcan0,600,00000000
1780709794.948581,vcan0,601,7F000000
1780709794.948609,vcan0,602,00000000
1780709794.964506,vcan0,600,00000000
1780709794.964550,vcan0,601,7F000000
1780709794.964577,vcan0,602,00000000
1780709794.979552,vcan0,600,00000000
1780709794.979602,vcan0,601,7F000000
1780709794.979631,vcan0,602,00000000
1780709794.995524,vcan0,600,00000000
1780709794.995568,vcan0,601,7F000000
1780709794.995592,vcan0,602,00000000
1780709794.995616,vcan0,603,01000000
1780709794.995640,vcan0,604,00
1780709794.995663,vcan0,605,00
